Sex,Age,BodyweightKg,Best3SquatKg,Best3BenchKg,Best3DeadliftKg,TotalKg,Dots
M,39.5,55.52,182.5,115,195,492.5,444.18
M,41.5,57.8,172.5,105,215,492.5,428.89
M,40.5,55.16,80,60,100,240,217.71
M,47.5,65.8,215,120,230,565,443.69
M,39.5,64.44,192.5,132.5,227.5,552.5,440.74
M,42.5,65.56,205,115,195,515,405.53
M,42.5,64.96,197.5,120,195,512.5,406.35
M,43.5,61.82,170,105,212.5,487.5,401.65
M,45,65.48,155,105,215,475,374.37
M,44,65.64,150,102.5,217.5,470,369.76
M,39.5,73.7,242.5,170,265,677.5,491.57
M,40,72.88,242.5,142.5,240,625,456.83
M,44.5,73.48,202.5,142.5,255,600,436.19
M,40,72.76,232.5,120,237.5,590,431.71
M,40.5,73.74,195,127.5,215,537.5,389.85
M,44,73.4,185,115,212.5,512.5,372.85
M,45,72.54,100,120,200,420,307.94
M,42.5,81.73,266,150,267.5,683.5,465.48
M,40,82.7,235,196,252.5,683.5,462.36
M,41,82.2,227.5,165,245,637.5,432.73
M,40.5,82.64,225,137.5,270,632.5,428.04
M,41.5,82.04,222.5,120,252.5,595,404.33
M,43.5,82.2,205,117.5,255,577.5,392
M,43,82.02,182.5,147.5,235,565,384
M,40.5,92,272.5,162.5,307.5,742.5,474.9
M,46.5,92.7,280,172.5,290,742.5,473.15
M,41,91.66,240,167.5,270,677.5,434.11
M,45.5,92.5,252.5,165,255,672.5,428.99
M,41.5,86.58,240,127.5,282.5,650,428.8
M,41.5,92.82,240,155,250,645,410.76
M,46,91.92,235,150,252.5,637.5,407.91
M,43.5,92.3,230,130,255,615,392.73
M,43.5,104.56,292.5,217.5,320,830,501.42
M,40.5,102.42,270,207.5,322.5,800,487.43
M,48,104.04,267.5,195,282.5,745,450.98
M,49,104.62,270,160,285,715,431.85
M,39.5,103.56,200,125,240,565,342.67
M,46,93.58,210,120,215,545,345.73
M,45.5,115.78,310,190,330,830,482.53
M,39,116.2,310,202.5,312.5,825,479.02
M,45.5,119,260,175,305,740,426.18
M,43,109.84,262.5,182.5,285,730,432.59
M,43,119.64,247.5,165,307.5,720,413.91
M,40,112.5,245,155,252.5,652.5,383.25
M,45,152.34,365.5,185,310,860.5,460.83
M,40.5,143.76,270,190,310,770,418.88
M,41.5,145,255,192.5,242.5,690,374.48
M,52.5,58.58,175,82.5,220,477.5,411.13
M,54.5,58.16,137.5,100,187.5,425,368.16
M,58,58.64,130,110,150,390,335.51
M,51,65.24,165,120,250,535,422.82
M,56,65.34,187.5,122.5,225,535,422.34
M,53.5,65.54,177.5,112.5,230,520,409.56
M,51.5,68.62,190,115,260.5,565.5,430.75
M,50.5,73.72,187.5,112.5,225,525,380.86
M,52,73.52,160,125,207.5,492.5,357.91
M,52.5,72.18,140,105,197.5,442.5,325.52
M,49.5,82.42,248,150,252.5,650.5,440.89
M,53,78.9,207.5,135,275,617.5,429.32
M,49.5,81.34,192.5,120,260,572.5,390.96
M,53.5,81.76,210,115,245,570,388.1
M,53.5,81.64,175,115,210,500,340.73
M,52,92.68,252.5,147.5,282.5,682.5,434.96
M,53.5,92.52,250,162.5,257.5,670,427.35
M,50,91.22,227.5,170,245,642.5,412.66
M,52.5,91.12,230,150,250,630,404.85
M,49.5,91.76,232.5,125,232.5,590,377.84
M,51,91.88,170,132.5,200,502.5,321.6
M,53,104.74,247.5,150,290,687.5,415.04
M,49.5,100.88,237.5,135,285,657.5,403.18
M,56.5,103.8,227.5,157.5,270,655,396.88
M,54,98.46,217.5,157.5,235,610,378.02
M,58.5,103.02,230,115,260,605,367.72
M,52,103.9,215,147.5,240,602.5,364.92
M,54.5,103.78,210,142.5,245,597.5,362.07
M,53.5,102.54,225,165,190,580,353.21
M,50,102.84,180,130,235,545,331.5
M,52,119.48,320,217.5,270,807.5,464.43
M,58.5,118.88,250,160,240,650,374.47
M,56.5,116.36,202.5,147.5,247.5,597.5,346.76
M,52,106,210,132.5,230,572.5,343.97
M,53,111.87,167.5,122.5,205,495,291.34
M,49.5,171.5,305.5,185,287.5,778,403.96
M,51.5,145.48,247.5,162.5,277.5,687.5,372.78
M,58,121.46,225,160,270,655,374.67
M,50.5,148.18,257.5,140,257.5,655,353.39
M,52.5,132.34,222.5,127.5,247.5,597.5,332.79
M,52.5,125.88,200,97.5,230,527.5,298.31
M,64,65.48,186,115,175,476,375.16
M,66.5,73.46,202.5,90,230,522.5,379.92
M,63.5,73.4,185,125,210,520,378.3
M,61.5,73.5,165,90,190,445,323.45
M,64,73.16,155,90,185,430,313.5
M,60.5,82.72,210,110,222.5,542.5,366.93
M,60,81.72,172.5,142.5,205,520,354.16
M,60.5,82.62,175,112.5,210,497.5,336.73
M,60.5,79.5,160,100,205,465,321.83
M,59.5,82.64,177.5,125,160,462.5,312.99
M,63.5,81.12,120,95,170,385,263.33
M,63,92.46,282.5,205.5,288,776,495.12
M,64.5,89.7,210,140,217.5,567.5,367.56
M,63.5,91.18,160,92.5,190,442.5,284.27
M,60,97.3,202.5,152.5,240,595,370.69
M,60.5,103.62,200,152.5,225,577.5,350.17
M,62.5,103.88,205,145,225,575,348.29
M,66.5,104.36,167.5,130,240,537.5,324.97
M,59.5,94.2,175,112.5,185,472.5,298.8
M,60,104.3,160,140,170,470,284.22
M,63,105.9,230,100,250,580,348.6
M,62.5,111.86,205,160,215,580,341.38
M,64.5,109.66,182.5,127.5,210,520,308.34
M,63.5,122.76,217.5,142.5,260,620,353.42
M,60.5,123.54,220,140,260,620,352.7
M,59.5,135.8,225,110,237.5,572.5,316.47
M,64.5,131.32,207.5,122.5,235,565,315.41
M,60.5,137,200,105,225,530,292.24
M,70,58.4,90,95.5,142.5,328,283.14
M,70,72.28,145,90,185,420,308.68
M,69,72.54,125,80,162.5,367.5,269.45
F,44.5,45.78,102.5,75,130,307.5,410.97
F,45.5,46.56,100,70,120,290,382.72
F,44.5,46.02,95,60,122.5,277.5,369.43
F,44,46.7,80,47.5,107.5,235,309.45
F,47,51.32,137.5,62.5,160,360,442.85
F,48.5,47.98,75,37.5,112.5,225,290.44
F,48.5,47.4,60,42.5,97.5,200,260.48
F,40,55.24,120,72.5,170,362.5,424.02
F,43,56.42,132.5,62.5,135,330,380.63
F,46,56.8,110,57.5,152.5,320,367.47
F,43.5,55.92,110,60,140,310,359.67
F,44,56.12,102.5,67.5,125,295,341.46
F,39.5,55.46,105,45,125,275,320.82
F,40.5,62.94,147.5,92.5,203,443,476.73
F,40,62.04,147.5,87.5,175,410,445.13
F,48,62.38,145,77.5,180,402.5,435.52
F,45.5,60.18,137.5,72.5,157.5,367.5,406.62
F,40,61.38,110,67.5,150,327.5,357.92
F,44,61.3,112.5,52.5,135,300,328.13
F,45.5,68.32,187.5,97.5,210,495,507.5
F,44.5,68.54,172.5,82.5,175,430,440.05
F,46,68.58,142.5,95,190,427.5,437.35
F,40,67.94,150,77.5,185,412.5,424.27
F,39.5,66.1,140,87.5,175,402.5,420.64
F,43,66.2,137.5,85,147.5,370,386.33
F,46,67.96,125,72.5,145,342.5,352.22
F,42.5,68.06,117.5,62.5,150,330,339.07
F,45.5,67.78,107.5,70,147.5,325,334.73
F,46,67.34,105,67.5,140,312.5,323.07
F,43.5,66.16,95,60,150,305,318.58
F,43.5,74.56,180,105,244.5,529.5,517.33
F,49,74,150,116,185,451,442.41
F,45,75.76,177.5,95,177.5,450,435.97
F,40.5,75,160,95,192.5,447.5,435.86
F,49,72.74,170,75,195,440,435.63
F,44,74.2,147.5,82.5,172.5,402.5,394.26
F,47.5,74.72,142.5,80,155,377.5,368.41
F,44.5,75.02,135,85,155,375,365.19
F,44,74.54,135,70,157.5,362.5,354.22
F,42,70.08,125,67.5,162.5,355,358.77
F,39.5,73.72,130,75,150,355,348.95
F,45,76.3,180,112.5,207.5,500,482.62
F,43.5,82.8,187.5,107.5,192.5,487.5,451.67
F,39.5,83.26,182.5,102.5,192.5,477.5,441.23
F,47.5,83.62,172.5,82.5,210,465,428.8
F,40,83.18,152.5,77.5,212.5,442.5,409.08
F,44.5,82.92,175,90,175,440,407.38
F,42,80.18,152.5,92.5,187.5,432.5,407.07
F,48,82.16,135,90,170,395,367.35
F,45,83.24,130,70,185,385,355.8
F,39.5,82.42,145,77.5,140,362.5,336.61
F,41.5,83.94,130,65,162.5,357.5,329.07
F,40,114.68,200,137.5,235,572.5,465.58
F,45,113.72,192.5,127.5,205,525,428.08
F,46.5,122.14,177.5,100,202.5,480,383.27
F,46,103.12,165,85,220,470,396.41
F,43.5,132.88,175,87.5,205,467.5,365.95
F,47,120.26,170,97.5,172.5,440,352.83
F,39.5,125.26,180,72.5,185,437.5,347.05
F,47.5,103.22,130,75,180,385,324.6
F,43,128.96,120,65,155,340,267.85
F,44.5,97.26,117.5,77.5,117.5,312.5,269.62
F,50,45.78,80,55,110,245,327.44
F,53,51.24,102.5,65,140,307.5,378.69
F,52,51.66,117.5,60,130,307.5,376.53
F,57,50.24,110,52.5,122.5,285,355.89
F,59,50.72,87.5,60,125,272.5,338
F,56,51.6,97.5,52.5,110,260,318.62
F,53,51.64,87.5,47.5,122.5,257.5,315.39
F,56.5,51.2,77.5,47.5,110,235,289.56
F,49.5,56.64,130.5,77.5,168,376,432.57
F,53.5,56.64,120,57.5,162.5,340,391.16
F,53.5,54.92,122.5,67.5,147.5,337.5,396.31
F,50,56.64,105,57.5,140,302.5,348.02
F,58.5,56.24,100,62.5,135,297.5,343.86
F,50.5,56.5,112.5,45,130,287.5,331.3
F,57.5,56.46,90,42.5,120,252.5,291.1
F,50.5,62.4,135,67.5,162.5,365,394.87
F,49.5,61.74,122.5,67.5,160,350,381.12
F,50,62.32,127.5,75,147.5,350,378.94
F,51,61.4,107.5,60,167.5,335,366.04
F,50.5,61.78,70,52.5,100,222.5,242.19
F,57,67.8,132.5,72.5,182.5,387.5,399.03
F,56,68.56,150.5,77.5,157.5,385.5,394.45
F,56,68.72,135,70,172.5,377.5,385.75
F,52,67.6,135,77.5,140,352.5,363.61
F,52.5,67.7,125,72.5,140,337.5,347.84
F,50,74.84,165.5,90,162.5,418,407.58
F,49.5,74.46,135,85,160,380,371.53
F,54,73.16,135,80,162.5,377.5,372.59
F,55,73.36,120,75,160,355,349.86
F,54.5,74.98,115,75,165,355,345.81
F,49.5,71.72,90,60,120,270,269.39
F,52.5,82.78,147.5,92.5,187.5,427.5,396.13
F,53,80.18,150,90,160,400,376.48
F,51,81.78,150,70,167.5,387.5,361.18
F,52.5,81.68,135,62.5,162.5,360,335.75
F,53.5,82.92,117.5,65,145,327.5,303.22
F,52,176,190,120,185,495,381.52
F,50.5,122.66,182.5,85,187.5,455,362.89
F,51,101.96,145,95,200,440,372.69
F,53.5,103.12,142.5,75,187.5,405,341.59
F,62.5,45.6,80,45,90,215,288.2
F,62.5,50.04,82.5,37.5,115,235,294.29
F,63.5,51.6,60,62.5,105,227.5,278.8
F,60.5,55.9,90,55,140,285,330.74
F,60.5,56.12,95,52.5,127.5,275,318.31
F,64.5,56.54,95,50,125,270,310.99
F,62.5,56.78,107.5,47.5,115,270,310.12
F,64.5,55.92,80,77.5,110,267.5,310.36
F,59.5,56.28,82.5,57.5,117.5,257.5,297.49
F,63,55.78,67.5,42.5,105,215,249.86
F,62,61.98,117.5,67.5,167.5,352.5,382.93
F,67,61.52,117.5,57.5,145,320,349.23
F,60.5,61.18,105,65,142.5,312.5,342.22
F,65,61.9,97.5,52.5,140,290,315.28
F,65.5,62.3,102.5,40,120,262.5,284.26
F,68,61.8,85,52.5,117.5,255,277.51
F,62,64.82,107.5,60,153,320.5,338.84
F,68,67.82,115.5,65,140,320.5,329.98
F,63.5,67.62,95,70,110,275,283.62
F,63.5,67.38,107.5,35,125,267.5,276.45
F,61,68.5,92.5,45,120,257.5,263.61
F,63,67.08,90,45,120,255,264.21
F,62,74.28,132.5,65,160,357.5,349.98
F,60.5,74.76,105,62.5,155,322.5,314.64
F,62.5,75.72,115,72.5,130,317.5,307.69
F,64.5,72.26,110,52.5,120,282.5,280.7
F,62,73.14,95,55,125,275,271.46
F,62.5,75.58,92.5,45,137.5,275,266.76
F,60.5,82.3,132.5,100,157.5,390,362.4
F,61,83.2,132.5,70,152.5,355,328.15
F,62.5,81.12,122.5,57.5,127.5,307.5,287.76
F,64.5,126.06,122.5,77.5,172.5,372.5,295.02
F,60.5,98.26,120,80,150,350,300.74
F,62,96.4,122.5,62.5,140,325,281.42
F,62,95.3,120,55,120,295,256.64
F,65,97.2,105,50,115,270,233.01
F,69.5,55.16,83.5,40,92.5,216,252.9
F,40,61.51,142.5,137.5,190,470,512.98
F,23,42.68,112.5,52.5,130,295,416.01
F,22.5,73.2,155,115,195,465,458.81
F,22.5,62.52,177.5,105,200,482.5,521.37
F,23,55.52,142.5,85,177.5,405,472.13
F,23,51.28,142.5,70,172.5,385,473.87
F,22.5,72.26,152.5,87.5,170,410,407.39
F,22.5,55.88,152.5,85,185,422.5,490.42
F,22.5,74.86,182.5,130,227.5,540,526.47
F,22.5,62.44,140,92.5,185,417.5,451.48
F,22.5,83.26,182.5,87.5,187.5,457.5,422.75
F,22.5,50.36,125,87.5,135,347.5,433.21
F,22.5,70.4,137.5,87.5,190,415,418.34
F,22.5,74.66,175,95,202.5,472.5,461.31
F,22.5,63,184.5,102.5,215,502,539.91
F,23,75.34,200,117.5,207.5,525,510.12
F,23,73.88,185,115,212.5,512.5,503.17
F,23,72.98,155,90,175,420,415.09
F,23,83.36,190,122.5,217.5,530,489.46
F,22.5,56.16,147.5,105,170,422.5,488.8
F,22.5,52,152.5,90,183,425.5,518.64
F,23,56.78,142.5,65,175,382.5,439.34
F,22,61.86,140,72.5,175,387.5,421.45
F,22.5,62.92,142.5,90,187.5,420,452.07
F,22.5,62.32,150,80,152.5,382.5,414.12
F,22,62.02,177.5,85,172.5,435,472.36
F,22,55.88,127.5,75,160,362.5,420.78
F,22.5,56.82,137.5,80,172.5,390,447.75
F,22.5,51.88,90,65,115,270,329.63
F,22.5,75.56,200,112.5,217.5,530,514.19
F,22.5,62.48,157.5,100,210,467.5,505.36
F,23,62.88,117.5,55,155,327.5,352.64
F,22.5,67.88,177.5,102.5,205,485,499.09
F,22.5,82.88,115,57.5,140,312.5,289.4
F,22.5,68.26,187.5,97.5,185,470,482.11
F,22.5,66.78,147.5,77.5,185,410,425.92
F,22.5,67.24,170,97.5,185,452.5,468.2
F,22.5,68.34,170,102.5,190,462.5,474.1
F,22.5,55.96,125,72.5,142.5,340,394.29
F,22,55.58,150,97.5,167.5,415,483.44
F,22,72.56,185,100,177.5,462.5,458.52
F,21.5,55.7,142.5,82.5,157.5,382.5,444.95
F,21.5,62.8,135,100,175,410,441.82
F,22,95.4,235,142.5,212.5,590,513.07
F,22,56.16,125,67.5,140,332.5,384.68
F,21.5,107.68,197.5,97.5,180,475,394.42
F,22,56.52,157.5,102.5,160,420,483.87
F,22,61.92,172.5,92.5,182.5,447.5,486.42
F,21.5,62.82,137.5,87.5,170,395,425.57
F,21.5,82.84,212.5,100,253,565.5,523.82
F,22,83.2,170,117.5,205,492.5,455.25
F,22,56.58,160,92.5,192.5,445,512.31
F,21.5,90.06,170,70,185,425,378.79
F,22,50.4,127.5,65,160,352.5,439.19
F,21.5,56.38,157.5,77.5,165,400,461.58
F,21.5,98.14,200,95,197.5,492.5,423.39
F,21.5,51.62,147.5,97.5,183.5,428.5,524.97
F,21.5,46.98,120,65,130,315,412.96
F,21.5,68.36,150,67.5,177.5,395,404.84
F,21.5,62.84,175,117.5,207.5,500,538.59
F,22,62.5,142.5,90,160,392.5,424.2
F,21,67.64,157.5,82.5,180,420,433.09
F,21.5,68.64,172.5,102.5,202.5,477.5,488.26
F,21.5,118.5,202.5,77.5,190,470,378.47
F,21.5,67.86,150,80,175,405,416.84
F,21.5,42.46,110,72.5,132.5,315,446.02
F,21.5,46.66,122.5,65,157.5,345,454.58
F,21.5,68.3,155,117.5,195,467.5,479.39
F,21,69.92,200,102.5,205,507.5,513.54
F,21.5,51.8,102.5,62.5,122.5,287.5,351.38
F,21,67.76,152.5,82.5,175,410,422.34
F,21,103.46,187.5,110,212.5,510,429.62
F,20.5,56.66,167.5,87.5,157.5,412.5,474.46
F,21,62.56,175,82.5,200,457.5,494.16
F,20.5,101.12,202.5,102.5,202.5,507.5,431.22
F,20.5,56.26,142.5,72.5,180,395,456.45
F,20.5,45.82,87.5,62.5,112.5,262.5,350.6
F,20.5,68.88,198,110,217.5,525.5,536.27
F,20.5,66.64,185,117.5,225,527.5,548.65
F,20.5,61.24,160,80,210,450,492.49
F,20.5,74.26,172.5,85,192.5,450,440.6
F,20,51.48,115,62.5,160,337.5,414.27
F,20.5,46.78,102.5,67.5,142.5,312.5,410.98
F,20,68.54,182.5,92.5,202.5,477.5,488.66
F,19.5,82.18,180,107.5,190,477.5,444.02
F,20,51,100,70,130,300,370.67
F,19.5,62.26,127.5,75,147.5,350,379.16
F,19.5,75.56,180,82.5,210,472.5,458.41
F,18.5,46.74,107.5,55,112.5,275,361.89
F,18.5,67.86,160,85,165,410,421.99
F,19,42.98,82.5,42.5,100,225,315.57
F,18.5,75.96,187.5,112.5,202.5,502.5,486.16
F,18.5,65.82,167.5,75,175,417.5,437.41
F,18.5,62.96,145,117.5,170,432.5,465.34
F,18.5,68.82,175,92.5,187.5,455,464.56
F,17.5,46.98,90,55,110,255,334.3
F,17.5,62.5,77.5,40,107.5,225,243.17
F,17.5,67.08,115,67.5,150,332.5,344.51
F,17.5,75.22,145,70,172.5,387.5,376.83
F,17.5,134.48,245,121,212.5,578.5,451.8
F,18,81.1,147.5,65,172.5,385,360.32
F,17.5,84.24,122.5,60,162.5,345,317.02
F,17.5,81.08,150,90,167.5,407.5,381.43
F,17.5,74.08,147.5,90,150,387.5,379.9
F,18,67.42,150,72.5,162.5,385,397.74
F,17.5,45.86,102.5,62.5,117.5,282.5,377.07
F,17.5,50.16,112.5,67.5,120,300,375.05
F,17.5,72.56,140,65,155,360,356.9
F,17.5,77.56,127.5,47.5,130,305,291.92
F,18,56.84,135,67.5,150,352.5,404.6
F,18,51.98,97.5,70,130,297.5,362.72
F,17.5,55.66,105,57.5,125,287.5,334.6
F,17.5,68.2,142.5,80,162.5,385,395.12
F,17.5,49.64,138.5,72.5,127.5,338.5,426.34
F,18,60.3,125,67.5,145,337.5,372.96
F,17.5,46.1,60,30,60,150,199.43
F,17.5,82.5,125,72.5,157.5,355,329.49
F,17.5,74.42,135,80,175,390,381.42
F,17.5,56.14,127.5,72.5,164,364,421.22
F,18,62.68,92.5,50,122.5,265,285.9
F,17.5,56.28,155,80,173,408,471.36
F,17.5,73.1,155,97.5,175,427.5,422.12
F,17.5,67.82,120,60,150,330,339.76
F,17.5,130.3,140,65,170,375,294.74
F,17.5,112.04,217.5,115,227.5,560,458.81
F,17.5,75.24,120,95,155,370,359.76
F,17.5,57,85,47.5,105,237.5,272.1
F,17,51.1,130,82.5,140,352.5,434.94
F,17.5,63.4,145,80,110,335,358.91
F,17,139.44,155,80,120,355,275.58
F,18,74.92,137.5,70,130,337.5,328.9
F,17.5,68.72,120,57.5,140,317.5,324.44
F,17,74,135,72.5,170,377.5,370.31
F,17,51.98,105,57.5,125,287.5,350.53
F,16.5,66.96,92.5,60,115,267.5,277.45
F,16.5,73.96,112.5,77.5,152.5,342.5,336.07
F,17,54.96,135,72.5,172.5,380,446
F,16.5,55.9,127.5,82.5,140,350,406.17
F,16.5,55.42,127.5,67.5,132.5,327.5,382.25
F,16.5,62.4,160.5,98.5,172.5,431.5,466.81
F,16.5,80.08,130,70,157.5,357.5,336.69
F,17,50.66,122.5,65,137.5,325,403.46
F,16.5,71.4,122.5,65,142.5,330,330.06
F,16.5,83.08,183,95,190,468,432.9
F,16.5,68.52,120,65,140,325,332.65
F,16.5,67.52,100,60,135,295,304.5
F,16,55.36,135,60,147.5,342.5,400.04
F,16.5,76.36,117.5,72.5,132.5,322.5,311.16
F,16.5,56.1,90,50,112.5,252.5,292.33
F,16,61.56,140,67.5,130,337.5,368.18
F,16,66.44,142.5,80,145,367.5,382.91
F,16,63.26,122.5,80,132.5,335,359.4
F,16,62.34,132.5,80,137.5,350,378.86
F,23,51.96,120,67.5,172.5,360,439.04
F,22,62.8,137.5,77.5,152.5,367.5,396.02
F,21.5,56.84,150,85,185,420,482.08
F,20.5,61.34,127.5,77.5,157.5,362.5,396.33
F,19.5,75.56,147.5,80,162.5,390,378.37
F,19,56.56,110,70,120,300,345.46
F,18.5,82.76,115,70,147.5,332.5,308.14
F,18,67.62,142.5,85,157.5,385,397.06
F,18,61.7,157.5,85,175,417.5,454.81
F,18,46.4,80,42.5,120,242.5,320.86
F,18,105.02,165,80,167.5,412.5,345.58
F,17.5,51.9,115,70,137.5,322.5,393.62
F,17.5,57.22,107.5,57.5,152.5,317.5,362.84
F,17,50.86,115,52.5,156.5,324,401.1
F,16.5,47,77.5,40,90,207.5,271.94
F,17,55.58,100,57.5,132.5,290,337.83
F,16.5,78.74,135,85,185,405,384.66
F,16,45.9,97.5,50,125,272.5,363.48
M,23,73.72,237.5,137.5,265,640,464.28
M,23,92,287.5,170,315,772.5,494.09
M,22.5,65.54,227.5,137.5,302.5,667.5,525.73
M,22.5,82.15,240,160,275,675,458.35
M,22.5,91.16,287.5,190,270,747.5,480.26
M,23,82.62,225,145,280,650,439.94
M,23,83,232.5,197.5,225,655,442.18
M,22.5,92.32,272.5,187.5,300,760,485.27
M,22.5,73.46,267.5,160,282.5,710,516.25
M,23,82.75,260,177.5,227.5,665,449.7
M,23,92.06,247.5,180,275,702.5,449.17
M,23,118.28,330,217.5,378.5,926,534.39
M,23,115.44,340,195,330,865,503.4
M,22.5,72.7,245,175,270,690,505.16
M,22.5,119.34,340,250.5,335,925.5,532.5
M,22.5,92.02,290,170,305,765,489.24
M,22.5,92.56,265,185,280,730,465.53
M,23,102.1,270,162.5,327.5,760,463.66
M,22.5,72.6,195,130,75,400,293.12
M,22.5,58.66,190,130,240,560,481.61
M,23,91.5,282.5,167.5,340,790,506.63
M,22.5,141.82,315,200,315,830,453.22
M,22.5,82.7,225,142.5,267.5,635,429.56
M,22.5,113.92,332.5,197.5,345,875,511.62
M,22.5,132.26,305,182.5,317.5,805,448.44
M,23,90.2,232.5,130,272.5,635,410.13
M,22.5,82.32,235,165,270,670,454.42
M,23,82.45,260,175,297.5,732.5,496.36
M,22.5,104.82,265,175,305,745,449.62
M,23,90.1,297.5,190,300,787.5,508.91
M,23,91.9,285,187.5,285,757.5,484.75
M,23,73.7,220,152.5,260,632.5,458.92
M,22.5,82.4,255,170,280,705,477.89
M,22,158.2,335,205,335,875,463.94
M,22.5,92.34,242.5,167.5,275,685,437.33
M,22.5,65.56,180,107.5,220,507.5,399.62
M,22.5,118.58,285,180,280,745,429.57
M,22.5,65.74,225,150,270,645,506.86
M,22,157.3,385,232.5,327.5,945,501.81
M,22,103.86,300,215,327.5,842.5,510.37
M,22.5,103.68,282.5,172.5,285,740,448.59
M,23,91.56,75,175,290,540,346.19
M,22.5,103.96,257.5,160,300,717.5,434.47
M,22,73.94,247.5,190,265,702.5,508.63
M,22.5,92.52,275,170,317.5,762.5,486.35
M,22.5,104.5,310,207.5,335,852.5,515.13
M,21.5,72.32,252.5,142.5,280,675,495.91
M,21.5,154.2,395,225,388,1008,538.09
M,21.5,82.85,237.5,145,260,642.5,434.19
M,21.5,104.4,333,170,327.5,830.5,502.03
M,22,117.9,292.5,225,315,832.5,480.96
M,21.5,105,282.5,187.5,305,775,467.4
M,22,111.46,305,182.5,335,822.5,484.75
M,21.5,154,360,182.5,300,842.5,449.89
M,21.5,65.58,222.5,142.5,240,605,476.29
M,21.5,103.3,265,167.5,307.5,740,449.27
M,21.5,82.26,242.5,130,75,447.5,303.63
M,21.5,58.84,210,132.5,240,582.5,499.68
M,22,65.94,197.5,122.5,232.5,552.5,433.19
M,21.5,82.5,255,160,307.5,722.5,489.42
M,22,82.7,240,165,255,660,446.47
M,21.5,73.54,240,142.5,252.5,635,461.39
M,22,103.92,140,187.5,105,432.5,261.94
M,21.5,102.8,225,145,277.5,647.5,393.9
M,21.5,92.56,285,190,327.5,802.5,511.76
M,21,82.8,272.5,165,295,732.5,495.17
M,21.5,73.56,250,157.5,277.5,685,497.63
M,21.5,104.62,310,202.5,300,812.5,490.73
M,21,73.9,190,125,242.5,557.5,403.79
M,21.5,82.9,267.5,147.5,290,705,476.26
M,21.5,92.54,245,182.5,285,712.5,454.41
M,21,103.06,285,192.5,302.5,780,474.01
M,20.5,65.62,205,120,307.5,632.5,497.71
M,20.5,82.76,270,167.5,315,752.5,508.83
M,20.5,65.76,202.5,150,262.5,615,483.17
M,20.5,64.9,200,115,220,535,424.49
M,20.5,82.16,242.5,162.5,257.5,662.5,449.83
M,20.5,89.48,250,170,265,685,444.22
M,20.5,113.54,237.5,185,277.5,700,409.78
M,20.5,82.46,230,155,277.5,662.5,448.9
M,21,104.82,292.5,192.5,315,800,482.81
M,20.5,83,262.5,137.5,332.5,732.5,494.5
M,20.5,89.66,225,155,260,640,414.62
M,20,83,282.5,157.5,287.5,727.5,491.13
M,20.5,104.9,262.5,150,280,692.5,417.8
M,21,52.55,147.5,95,192.5,435,412.52
M,20.5,52.5,167.5,105,200,472.5,448.49
M,20,57.5,187.5,107.5,250,545,476.73
M,19.5,82,230,162.5,255,647.5,440.13
M,19.5,82.46,255,167.5,287.5,710,481.08
M,20,58.36,182.5,110,242.5,535,462.1
M,19,102.52,285,215,290,790,481.14
M,18.5,82.66,252.5,145,265,662.5,448.28
M,18.5,92.62,217.5,137.5,245,600,382.51
M,17.5,92.8,235,157.5,235,627.5,399.66
M,17.5,82.58,237.5,147.5,280,665,450.22
M,18,73.64,240.5,142.5,273,656,476.23
M,17.5,92.12,245,137.5,262.5,645,412.27
M,17.5,91.4,237.5,152.5,252.5,642.5,412.26
M,17.5,92.32,225,132.5,242.5,600,383.11
M,18,80.76,220,127.5,237.5,585,401.16
M,18,80.76,252.5,160,285,697.5,478.3
M,18,92.76,225,157.5,275,657.5,418.86
M,17.5,65.98,212.5,115,232.5,560,438.87
M,17.5,92.84,283.5,162.5,300,746,475.04
M,17.5,92.96,288,185,300,773,491.92
M,17.5,65.96,222.5,130,225,577.5,452.69
M,18,82.72,242.5,145,287.5,675,456.55
M,18,72.94,195,82.5,232.5,510,372.57
M,18,57.72,192.5,97.5,222.5,512.5,446.84
M,18,73.22,190,115,245,550,400.77
M,17.5,64.96,185,117.5,215,517.5,410.32
M,17.5,111.24,225,120,245,590,347.98
M,18,92.3,207.5,125,250,582.5,371.97
M,18,117.02,290,150,275,715,414.14
M,17.5,65.46,195,120,220,535,421.76
M,17.5,71.74,222.5,120,260,602.5,445.04
M,18,65.98,215,120,250,585,458.47
M,17.5,73.18,185,130,227.5,542.5,395.45
M,18,79.72,185,120,190,495,342.03
M,17.5,79.54,230,150,230,610,422.06
M,18,104.86,311,175,280,766,462.22
M,18,92.7,202.5,97.5,230,530,337.74
M,18,73.16,207.5,107.5,225,540,393.7
M,17.5,110.26,280,152.5,321,753.5,445.88
M,18,58.82,167.5,95,225,487.5,418.3
M,17.5,152.5,265,132.5,190,587.5,314.54
M,17.5,92.62,257.5,132.5,272.5,662.5,422.35
M,17.5,65.36,200,115,256.5,571.5,451.05
M,17.5,91.4,192.5,115,212.5,520,333.66
M,17.5,72.3,212.5,137.5,225,575,422.52
M,17,73.22,190,117.5,265,572.5,417.17
M,17.5,64.06,157.5,95,180,432.5,346.58
M,17.5,72.58,205,112.5,250,567.5,415.93
M,17,104.9,301,205,330.5,836.5,504.68
M,18,102.78,260,175,247.5,682.5,415.23
M,17,82.6,230,127.5,272.5,630,426.46
M,17.5,58.84,155,90,192.5,437.5,375.29
M,17,72.64,172.5,110,225,507.5,371.75
M,17.5,58.36,170,92.5,185,447.5,386.53
M,17,115.3,260,200,250,710,413.37
M,16.5,91.46,215,137.5,240,592.5,380.05
M,16.5,58.28,145,95,177.5,417.5,361.03
M,16.5,74.2,222.5,127.5,250,600,433.43
M,17,52.8,115,87.5,145,347.5,328.08
M,16.5,65.1,167.5,87.5,172.5,427.5,338.41
M,16.5,118.7,255,190,310,755,435.19
M,16.5,65.54,140,75,205,420,330.8
M,16.5,72.18,210,115,237.5,562.5,413.79
M,16.5,92.16,205,135,260,600,383.43
M,16.5,116.4,207.5,105,190,502.5,291.59
M,16.5,80.44,135,117.5,190,442.5,304.14
M,16,73.3,177.5,97.5,215,490,356.8
M,16,65.16,230.5,140,235,605.5,478.98
M,16.5,72.9,192.5,130,195,517.5,378.18
M,16.5,81.56,182.5,85,195,462.5,315.35
M,16,57.58,175,105,197.5,477.5,417.19
M,16,72.26,220,160,245,625,459.43
M,22.5,115.76,302.5,165,297.5,765,444.77
M,22.5,119.1,340,187.5,325,852.5,490.83
M,23,104.46,307.5,172.5,315,795,480.46
M,23,118.44,300,205,300,805,464.35
M,23,82.8,282.5,167.5,315,765,517.14
M,23,92.62,295,182.5,332.5,810,516.38
M,23,57.88,175,115,222.5,512.5,445.78
M,22.5,92.92,257.5,172.5,297.5,727.5,463.06
M,22.5,73.34,227.5,140,300,667.5,485.87
M,22.5,82.24,255,157.5,320,732.5,497.08
M,22.5,103,305,175,330,810,492.36
M,22.5,80.85,240,132.5,255,627.5,430.02
M,22.5,118.54,287.5,182.5,310,780,449.8
M,22.5,92.04,270,180,300,750,479.59
M,22,92.44,232.5,152.5,250,635,405.2
M,22,52.5,147.5,87.5,180,415,393.91
M,22,73.58,250,162.5,275,687.5,499.36
M,21.5,73.46,227.5,130,290,647.5,470.81
M,21.5,58.26,190,122.5,207.5,520,449.8
M,21.5,65.32,202.5,145,257.5,605,477.71
M,22,73.76,245,170,285,700,507.63
M,21.5,91.26,265,147.5,295,707.5,454.31
M,21.5,101.54,285,162.5,310,757.5,463.21
M,21.5,65.84,227.5,132.5,272.5,632.5,496.47
M,21.5,92.36,267.5,170,240,677.5,432.5
M,22,92.5,290,180,322.5,792.5,505.54
M,21.5,65.84,225,137.5,240,602.5,472.93
M,21.5,73.34,240,150,275,665,484.05
M,21,73.76,230,147.5,310,687.5,498.56
M,21.5,82.72,277.5,200,285,762.5,515.73
M,21,82.15,262.5,170,295,727.5,493.99
M,20.5,65.54,230,160,252.5,642.5,506.04
M,20.5,104.82,292.5,162.5,337.5,792.5,478.28
M,20.5,101.92,250,167.5,250,667.5,407.53
M,20.5,119.48,322.5,170,320,812.5,467.3
M,20.5,92.14,287.5,175,340,802.5,512.89
M,20,104.86,265,177.5,305,747.5,451.06
M,19.5,73.42,200,150,235,585,425.52
M,20,63.1,185,102.5,230,517.5,419.55
M,19.5,103.2,195,142.5,245,582.5,353.79
M,19.5,92.34,277.5,162.5,320,760,485.22
M,19.5,71.8,212.5,145,252.5,610,450.33
M,18.5,60.2,162.5,102.5,177.5,442.5,372.47
M,18.5,72.26,240,150,272.5,662.5,486.99
M,18.5,58.76,175,122.5,220,517.5,444.43
M,19,92.62,292.5,220.5,295,808,515.11
M,19,124.16,250,125,300,675,383.38
M,18.5,116.2,252.5,160,265,677.5,393.38
M,18.5,73.64,255,150,285,690,500.91
M,17.5,103.82,250,152.5,252.5,655,396.85
M,17.5,64.6,165,110,202.5,477.5,380.2
M,17.5,82.56,220,140,260,620,419.81
M,17.5,73.38,222.5,157.5,255,635,462.05
M,18,92.8,250,130,262.5,642.5,409.22
M,17.5,157.3,255,130,247.5,632.5,335.87
M,17.5,91.9,227.5,122.5,240,590,377.56
M,18,117.28,308.5,182.5,360.5,851.5,492.83
M,18,150.1,307.5,172.5,320,800,430.13
M,17.5,80.42,187.5,112.5,205,505,347.15
M,18,73.5,195,122.5,237.5,555,403.41
M,18,65.06,182.5,115,222.5,520,411.82
M,17.5,58.96,150,120,175,445,381.08
M,17.5,50.2,127.5,90,170,387.5,383.97
M,17.5,101.84,232.5,162.5,275,670,409.2
M,18,52.9,137.5,95,172.5,405,381.7
M,17.5,82.36,242.5,147.5,282.5,672.5,455.99
M,17.5,81.96,230,142.5,255,627.5,426.65
M,17.5,92.46,240,120,225,585,373.25
M,17.5,82.52,257.5,147.5,260,665,450.4
M,17.5,89.92,195,135,282.5,612.5,396.22
M,17.5,58.12,185,102.5,215,502.5,435.55
M,18,82.42,195,115,250,560,379.55
M,17.5,57.84,142.5,100,195,437.5,380.77
M,17.5,73.42,210,130,245,585,425.52
M,17.5,52.3,137.5,92.5,180,410,390.56
M,17.5,73.5,222.5,140,250,612.5,445.2
M,16.5,51.5,142.5,110,170,422.5,408.41
M,17,78.82,217.5,145,252.5,615,427.84
M,16.5,104.92,262.5,140,255,657.5,396.66
M,17,81.4,202.5,160,255,617.5,421.51
M,16.5,71.82,195,140,215,550,405.95
M,16.5,65.9,182.5,142.5,190,515,403.97
M,29,57.6,221,160,270,651,568.6
M,33.5,57.8,202.5,145,200,547.5,476.79
M,46,58.55,187.5,100,252.5,540,465.15
M,29,59,200,110,217.5,527.5,451.47
M,26,58.7,225,97.5,172.5,495,425.47
M,44.5,58.6,165,125,200,490,421.77
M,42.5,58.9,155,87.5,215,457.5,392.12
M,29.5,64,220,160,260,640,513.22
M,30.5,66,222.5,160,235,617.5,483.83
M,41.5,65.75,215,135,250,600,471.44
M,28,65.7,187.5,140,235,562.5,442.23
M,44.5,65.8,180,130,232.5,542.5,426.02
M,34.5,65.6,185,120,230,535,421.09
M,36.5,65.45,172.5,97.5,250,520,409.98
M,24.5,65.95,160,135,200,495,388.06
M,34,63.3,150,112.5,182.5,445,359.89
M,30.5,73.4,225,167.5,277.5,670,487.43
M,36.5,73.2,220,150,280,650,473.73
M,44.5,73.8,227.5,162.5,255,645,467.58
M,36.5,73.4,192.5,155,265,612.5,445.6
M,31,72.2,200,162.5,247.5,610,448.65
M,24.5,73.55,220,150,240,610,443.19
M,22.5,71.5,200,120,272.5,592.5,438.64
M,20.5,72.65,205,125,262.5,592.5,433.98
M,45.5,73.25,220,125,242.5,587.5,427.98
M,37.5,72.6,220,135,230,585,428.68
M,26,72,202.5,155,225,582.5,429.22
M,22.5,73.85,187.5,102.5,227.5,517.5,374.98
M,21,66.45,170,115,215,500,389.8
M,17.5,73.85,185,102.5,210,497.5,360.49
M,37.5,80,252.5,172.5,295,720,496.47
M,29.5,81.15,252.5,175,287.5,715,488.93
M,33.5,82.9,235,162.5,310,707.5,477.95
M,24,82.2,255,160,275,690,468.37
M,28,82.3,250,177.5,250,677.5,459.57
M,33.5,81.95,210,165,280,655,445.38
M,21.5,80.4,227.5,177.5,245,650,446.89
M,41.5,82.6,222.5,177.5,232.5,632.5,428.16
M,25.5,82.4,215,135,280,630,427.05
M,25.5,81.5,195,192.5,230,617.5,421.21
M,32,81.2,177.5,137.5,250,565,386.22
M,33.5,80.7,170,160,225,555,380.75
M,22,89.3,252.5,182.5,330,765,496.61
M,31.5,92.25,252.5,205,300,757.5,483.85
M,33.5,91.6,260,180,305,745,477.51
M,26,92.95,252.5,192.5,297.5,742.5,472.54
M,24.5,92.3,260,170,305,735,469.36
M,28.5,91.8,260,175,290,725,464.2
M,24.5,89.05,250,170,302.5,722.5,469.69
M,28.5,93,255,172.5,290,717.5,456.51
M,23.5,91.3,265,162.5,280,707.5,454.21
M,34.5,91.95,250,180,270,700,447.83
M,25.5,91.65,230,172.5,292.5,695,445.35
M,29.5,92.4,240,182.5,270,692.5,441.98
M,29.5,92.25,217.5,175,285,677.5,432.75
M,26.5,92.3,260,142.5,270,672.5,429.44
M,22.5,90.8,220,185,260,665,428.09
M,26.5,92.75,222.5,180,260,662.5,422.06
M,24.5,92.45,260,150,250,660,421.13
M,31.5,92.35,232.5,145,275,652.5,416.56
M,29.5,92.1,210,187.5,252.5,650,415.51
M,28.5,92,220,167.5,220,607.5,388.55
M,39.5,103.55,312.5,210,325,847.5,514.03
M,19.5,104.2,325,207.5,312.5,845,511.2
M,32.5,104.05,307.5,200,322.5,830,502.42
M,27.5,103.8,282.5,187.5,340,810,490.8
M,28.5,104.4,290,180,325,795,480.57
M,28.5,104.65,290,197.5,300,787.5,475.58
M,32.5,99,270,180,302.5,752.5,465.21
M,24.5,103.35,255,185,310,750,455.25
M,26.5,104.65,270,187.5,290,747.5,451.42
M,26.5,99.85,275,205,260,740,455.78
M,23.5,104.55,272.5,190,270,732.5,442.54
M,32.5,103.8,265,150,312.5,727.5,440.81
M,52.5,103.35,270,170,280,720,437.04
M,45.5,103.75,255,185,270,710,430.29
M,41.5,99.75,235,170,235,640,394.36
M,24.5,103.85,240,120,270,630,381.65
M,29.5,101.55,187.5,187.5,240,615,376.06
M,35,119.85,350,210,355.5,915.5,526
M,41,113.75,340,197.5,327.5,865,506.04
M,27,118.7,315,207.5,342.5,865,498.59
M,25.5,115.05,300,197.5,307.5,805,469.04
M,28.5,119.25,302.5,205,292.5,800,460.41
M,42.5,115.7,290,180,300,770,447.76
M,41,116.2,282.5,195,290,767.5,445.63
M,30.5,117.3,265,187.5,305,757.5,438.4
M,35.5,117.15,275,160,320,755,437.14
M,39.5,110.35,245,185,300,730,431.84
M,26.5,119,255,195,275,725,417.54
M,38.5,118.2,275,160,265,700,404.06
M,23.5,116.65,265,162.5,262.5,690,400.1
M,24,158.75,375,215,317.5,907.5,480.74
M,24.5,162.25,332.5,197.5,330,860,452.98
M,41.5,132,330,215,310,855,476.57
M,29.5,151.4,330,185,332.5,847.5,454.62
M,39.5,137.5,307.5,227.5,310,845,465.44
M,23.5,142.5,325,205,310,840,458.07
M,37.5,129.55,300,200,325,825,462.44
M,29.5,160,300,185,340,825,436.14
M,37,139.35,307.5,215,290,812.5,445.85
M,23,144.3,290,182.5,315,787.5,427.96
M,33.5,128.05,295,195,275,765,430.33
M,23.5,138.05,285,200,275,760,418.15
M,27.5,129.35,260,215,275,750,420.59
F,30,46.7,145,77.5,172.5,395,520.13
F,41.5,46.75,117.5,90.5,170.5,378.5,498.01
F,50.5,46.6,112.5,55,140,307.5,405.56
F,44.5,42.15,90,40,135,265,377.38
F,57.5,44.55,70,50,117.5,237.5,324.03
F,40.5,46.35,72.5,57.5,95,225,297.94
F,32.5,51.65,132.5,90,160,382.5,468.43
F,43,51.55,145,80,147.5,372.5,456.8
F,43.5,50.7,125,75,152.5,352.5,437.35
F,25.5,50.45,122.5,65,157.5,345,429.55
F,41,51.15,112.5,90,135,337.5,416.14
F,55.5,51.3,100,62.5,155,317.5,390.68
F,38,51.55,102.5,80,135,317.5,389.35
F,27.5,50.9,90,70,155,315,389.74
F,21,51.4,115,65,135,315,387.08
F,53.5,51.95,90,72.5,140,302.5,368.96
F,19,51.2,100,65,120,285,351.17
F,20.5,50.65,72.5,45,95,212.5,263.84
F,25.5,56.7,130,95,172.5,397.5,456.99
F,32.5,56.7,140,92.5,162.5,395,454.12
F,28.5,55.65,122.5,77.5,175,375,436.48
F,24.5,56.5,115,80,175,370,426.36
F,24,52.9,120,65,150,335,403.52
F,31.5,56.45,110,80,145,335,386.26
F,50.5,53.7,105,67.5,155,327.5,390.45
F,28.5,56.25,107.5,75,132.5,315,364.05
F,37.5,56.5,102.5,62.5,130,295,339.94
F,50,53.5,90,65,127.5,282.5,337.66
F,21.5,52.05,92.5,60,120,272.5,331.93
F,33.5,61.65,142.5,105,220.5,468,510.08
F,38,61.6,142.5,132.5,192.5,467.5,509.79
F,31.5,60.15,142.5,97.5,170,410,453.79
F,23.5,62.75,142.5,90,172.5,405,436.64
F,36.5,62.7,125,75,157.5,357.5,385.62
F,28,62.55,120,87.5,140,347.5,375.38
F,20.5,57.65,85,65,125,275,312.75
F,50.5,61.35,95,60,112.5,267.5,292.43
F,18.5,61.1,92.5,52.5,115,260,284.96
F,27.5,70.95,155,102.5,167.5,425,426.57
F,22,70.8,137.5,85,190,412.5,414.51
F,44.5,66.95,137.5,82.5,185,405,420.11
F,25.5,69.35,132.5,82.5,182.5,397.5,404.09
F,26.5,71.35,140,102.5,145,387.5,387.72
F,27.5,71.4,142.5,77.5,155,375,375.07
F,38.5,69.45,112.5,90,150,352.5,358.05
F,27.5,71.85,100,65,160,325,323.94
F,38.5,83.35,205,135,195,535,494.11
F,28.5,83.1,190,105,210,505,467.07
F,23.5,82.85,162.5,85,175,422.5,391.34
F,43.5,81.9,122.5,110,160,392.5,365.58
F,48,77.55,135,80,160,375,358.94
F,50.5,126,177.5,112.5,225,515,407.93
F,35.5,94.84,155,95,187.5,437.5,381.38
F,20.5,85.8,152.5,80,180,412.5,375.8
F,33.5,115.2,132.5,112.5,160,405,328.9
F,30.5,101.35,145,77.5,170,392.5,333.21
F,51.5,107.8,100,55,160,315,261.46
M,37,56,188.24,117.93,226.8,532.97,477.04
M,16,54.88,163.29,95.25,224.53,483.08,440.23
M,31,60,201.85,115.67,240.4,557.92,470.91
M,28,60,197.31,140.61,181.44,519.36,438.36
M,28.5,82.5,263.08,179.17,317.52,759.77,514.66
M,27,110,340.19,247.21,317.52,904.92,535.95
M,28,158.3,408.23,263.08,362.87,1034.18,548.25
M,47,56,215,125,232.5,572.5,512.42
M,22,58.78,165,115,195,475,407.81
M,24.5,57.88,147.5,97.5,190,435,378.37
M,22.5,57.43,155,100,175,430,376.53
M,23,58.79,115,67.5,142.5,325,278.99
M,22.5,65.55,200,135,235,570,448.89
M,20.5,65.15,222.5,122.5,217.5,562.5,445.02
M,21.5,65.48,185,140,220,545,429.54
M,20.5,63.6,187.5,142.5,197.5,527.5,425.05
M,20.5,65.64,185,127.5,210,522.5,411.06
M,20.5,65.37,177.5,117.5,217.5,512.5,404.44
M,23,64.44,192.5,125,190,507.5,404.85
M,18.5,65.39,185,137.5,175,497.5,392.51
M,24.5,65.6,177.5,120,197.5,495,389.6
M,20.5,65.79,165,115,197.5,477.5,375.02
M,20,64.89,175,120,180,475,376.93
M,25,65.19,172.5,107.5,190,470,371.67
M,19.5,65.57,167.5,102.5,182.5,452.5,356.27
M,22.5,73.58,242.5,135,252.5,630,457.59
M,23.5,72.57,217.5,142.5,255,615,450.79
M,18.5,72.77,220,162.5,230,612.5,448.14
M,24.5,72.16,197.5,117.5,277.5,592.5,435.94
M,23.5,73.58,187.5,155,250,592.5,430.36
M,23,72.08,207.5,127.5,240,575,423.38
M,24.5,73.77,192.5,140,230,562.5,407.88
M,22.5,73.14,197.5,132.5,230,560,408.35
M,21,73.73,195,117.5,225,537.5,389.89
M,20.5,72.56,182.5,115,237.5,535,392.19
M,23.5,70.52,175,112.5,215,502.5,375.53
M,21.5,69.38,187.5,115,197.5,500,377.91
M,22.5,73.83,167.5,110,205,482.5,349.68
M,19.5,72.55,145,95,205,445,326.24
M,21.5,72.78,170,95,180,445,325.56
M,24.5,82.75,255,150,280,685,463.22
M,22.5,80.91,252.5,155,270,677.5,464.09
M,23.5,81.28,255,162.5,260,677.5,462.86
M,23.5,82.56,235,172.5,260,667.5,451.97
M,21.5,81.03,215,155,292.5,662.5,453.42
M,21.5,82.03,257.5,140,260,657.5,446.83
M,23.5,81.15,245,135,275,655,447.9
M,21.5,82.99,222.5,135,270,627.5,423.65
M,24,81.64,225,135,255,615,419.09
M,23.5,82.69,212.5,145,255,612.5,414.36
M,24.5,82.32,212.5,150,240,602.5,408.64
M,21.5,82.49,202.5,170,230,602.5,408.16
M,21.5,80.55,215,132.5,235,582.5,400.05
M,24.5,78.48,210,120,245,575,401.05
M,21.5,82.79,205,142.5,220,567.5,383.66
M,18.5,82.65,205,105,240,550,372.18
M,23.5,82.09,200,120,227.5,547.5,371.92
M,22.5,77.4,200,117.5,225,542.5,381.59
M,20.5,81.79,205,127.5,210,542.5,369.3
M,22.5,79.38,185,135,220,540,374.08
M,22.5,81.9,177.5,130,222.5,530,360.51
M,21.5,82.6,185,135,210,530,358.77
M,18.5,78.07,190,97.5,237.5,525,367.34
M,23,92.55,280,192.5,282.5,755,481.5
M,22,89.78,267.5,150,305,722.5,467.75
M,25,92.25,242.5,175,285,702.5,448.72
M,23.5,92.47,255,150,287.5,692.5,441.82
M,19.5,92.95,242.5,172.5,265,680,432.76
M,23.5,90.95,255,157.5,265,677.5,435.78
M,22.5,92.17,240,150,255,645,412.17
M,21.5,92.23,235,152.5,255,642.5,410.44
M,21,90.48,217.5,172.5,245,635,409.5
M,20.5,90.91,230,130,272.5,632.5,406.92
M,23.5,91.67,235,150,247.5,632.5,405.25
M,22.5,91,222.5,145,260,627.5,403.51
M,18.5,87.9,207.5,132.5,267.5,607.5,397.59
M,24.5,90.29,200,152.5,245,597.5,385.72
M,23.5,91.16,220,127.5,250,597.5,383.88
M,24.5,91.33,215,122.5,257.5,595,381.93
M,21.5,83.24,207.5,147.5,235,590,397.66
M,23.5,91.44,207.5,125,255,587.5,376.89
M,20.5,90.37,215,140,227.5,582.5,375.87
M,24.5,89.97,212.5,150,217.5,580,375.09
M,23,91.62,215,115,245,575,368.51
M,21,87.24,200,127.5,240,567.5,372.87
M,21,90.38,205,117.5,235,557.5,359.72
M,19.5,87.15,212.5,125,217.5,555,364.86
M,19.5,91.59,202.5,132.5,205,540,346.14
M,21.5,90.43,172.5,160,202.5,535,345.1
M,22.5,85.75,170,110,212.5,492.5,326.57
M,22,91.64,175,137.5,150,462.5,296.38
M,20.5,88.17,122.5,80,160,362.5,236.87
M,18,104.61,292.5,180,322.5,795,480.18
M,21.5,95.25,272.5,197.5,322.5,792.5,498.56
M,24.5,103.42,280,170,287.5,737.5,447.54
M,23.5,104.8,252.5,170,285,707.5,427.02
M,23.5,101.27,245,175,280,700,428.53
M,23.5,101.73,235,157.5,300,692.5,423.13
M,23.5,102.84,260,160,265,685,416.65
M,21.5,103.5,260,140,285,685,415.55
M,21.5,99.24,250,160,272.5,682.5,421.49
M,22.5,103.41,235,150,272.5,657.5,399.01
M,23.5,103.73,230,160,265,655,396.99
M,24,103.8,237.5,160,255,652.5,395.36
M,20.5,93.52,227.5,152.5,262.5,642.5,407.7
M,23.5,101,225,145,245,615,376.93
M,24.5,96.94,230,127.5,255,612.5,382.23
M,20.5,94.4,175,125,245,545,344.3
M,22.5,105.94,252.5,180,280,712.5,428.18
M,22.5,112.85,240,162.5,275,677.5,397.49
M,21.5,115.28,227.5,165,257.5,650,378.46
M,20.5,118.65,222.5,147.5,230,600,345.89
M,21.5,114.82,232.5,130,202.5,565,329.43
M,22.5,127.68,292.5,215,315,822.5,463.08
M,23,139.65,250,145,250,645,353.72
F,21.5,46.62,110,82.5,140,332.5,438.39
F,22.5,46.14,97.5,67.5,125,290,385.32
F,20.5,46.92,80,37.5,110,227.5,298.53
F,20.5,44.82,70,32.5,105,207.5,281.8
F,19.5,46.88,82.5,50,75,207.5,272.46
F,24.5,51.85,135,72.5,150,357.5,436.63
F,20.5,51.59,112.5,57.5,152.5,322.5,395.27
F,21.5,50.91,100,70,130,300,371.13
F,19.5,48.69,87.5,50,115,252.5,322.47
F,22.5,51.14,90,50,112.5,252.5,311.38
F,24.5,48.84,80,45,107.5,232.5,296.27
F,20.5,56.12,135,77.5,150,362.5,419.59
F,24.5,56.7,125,72.5,160,357.5,411
F,22.5,56.16,125,70,152.5,347.5,402.03
F,24,56.8,127.5,75,145,347.5,399.05
F,20.5,56.28,117.5,67.5,147.5,332.5,384.14
F,21.5,56.15,102.5,67.5,145,315,364.48
F,21.5,56.49,115,60,132.5,307.5,354.39
F,22.5,56.43,120,60,125,305,351.75
F,21.5,56.45,117.5,55,120,292.5,337.26
F,24,55.97,95,70,125,290,336.26
F,21.5,56.53,95,57.5,132.5,285,328.3
F,21.5,53.5,105,55,120,280,334.67
F,22.5,55.5,92.5,75,112.5,280,326.49
F,21.5,56.3,97.5,62.5,115,275,317.63
F,23,56.07,90,45,120,255,295.33
F,24.5,56.87,75,45,25,145,166.37
F,23.5,62.46,145,85,162.5,392.5,424.37
F,18.5,61.4,140,95,155,390,426.14
F,24.5,61.62,137.5,77.5,170,385,419.74
F,21.5,62.11,122.5,77.5,150,350,379.72
F,24,60.93,117.5,67.5,160,345,378.77
F,24,59,107.5,90,145,342.5,383.75
F,22.5,61.32,110,75,150,335,366.34
F,23,59.43,122.5,60,147.5,330,368.04
F,24.5,61.71,120,67.5,140,327.5,356.73
F,22.5,60.86,112.5,62.5,142.5,317.5,348.83
F,19.5,61.54,115,55,140,310,338.25
F,23.5,62.01,90,60,127.5,277.5,301.36
F,20.5,62.88,110,40,120,270,290.73
F,18.5,69.87,155,92.5,165,412.5,417.58
F,20.5,68.09,145,72.5,172.5,390,400.62
F,22,67.43,135,82.5,170,387.5,400.29
F,23.5,70.55,140,67.5,170,377.5,380.08
F,22.5,68.33,125,70,180,375,384.44
F,21.5,69.84,145,62.5,167.5,375,379.71
F,24.5,71.3,135,72.5,160,367.5,367.85
F,24.5,68.27,122.5,72.5,167.5,362.5,371.81
F,22.5,70.01,130,77.5,142.5,350,353.91
F,23.5,71.26,125,62.5,152.5,340,340.43
F,24.5,70.8,122.5,90,125,337.5,339.14
F,20.5,67.41,110,70,135,315,325.45
F,23.5,71.41,117.5,55,135,307.5,307.53
F,21.5,70.79,100,62.5,127.5,290,291.43
F,20.5,83.85,152.5,90,157.5,400,368.37
F,18.5,82.29,145,70,175,390,362.42
F,21,74.61,135,90,160,385,376.02
F,22.5,78.77,137.5,82.5,150,370,351.35
F,21.5,75.57,140,60,162.5,362.5,351.66
F,23,75.22,120,92.5,135,347.5,337.93
F,22.5,81.25,130,67.5,147.5,345,322.59
F,18,82.38,132.5,55,155,342.5,318.11
F,24.5,77.91,107.5,57.5,140,305,291.25
F,20,76.11,120,52.5,130,302.5,292.37
F,20.5,92.92,182.5,95,187.5,465,408.86
F,22.5,85.01,145,92.5,145,382.5,349.98
F,22.5,46.8,165.5,97.5,170,433,569.27
F,22,46.6,147.5,90,177.5,415,547.34
F,24.5,46.9,137.5,85,172.5,395,518.49
F,28.5,46.1,137.5,85,165,387.5,515.2
F,36.5,46.9,145,85,150,380,498.8
F,30,46.55,130,75,172.5,377.5,498.28
F,36,47,112.5,60,147.5,320,419.38
F,33.5,46.35,100,62.5,137.5,300,397.25
F,33,46.65,100,55,125,280,369
F,26.5,46.3,65,47.5,95,207.5,274.99
F,28,51.85,170,107.5,200,477.5,583.2
F,28,51.65,170,97.5,185,452.5,554.15
F,29.5,51.65,175.5,90,177.5,443,542.52
F,33.5,51.85,160,87.5,190,437.5,534.34
F,32,52,155,102.5,175,432.5,527.17
F,36.5,51.3,157.5,102.5,167.5,427.5,526.03
F,30,51.25,155,85,177.5,417.5,514.08
F,31.5,51.6,137.5,70,209,416.5,510.41
F,27.5,51.65,135,102.5,175,412.5,505.17
F,28.5,51.95,147.5,92.5,172.5,412.5,503.13
F,25.5,52,150,87.5,165,402.5,490.61
F,28,51.9,145,80,170,395,482.11
F,28.5,52,150,80,160,390,475.37
F,24.5,51.5,140,85,160,385,472.45
F,32.5,51.2,140,90,140,370,455.9
F,31.5,49.85,135,77.5,147.5,360,452.05
F,30,51.1,122.5,75,147.5,345,425.68
F,23.5,51.75,127.5,77.5,140,345,421.93
F,34.5,51.6,125,57.5,152.5,335,410.53
F,32,51.6,115,67.5,140,322.5,395.22
F,23,56.75,185,100,230,515,591.73
F,29,56.6,187.5,112.5,192.5,492.5,566.87
F,32.5,56.3,182.5,97.5,200,480,554.42
F,32.5,56.35,177.5,82.5,202.5,462.5,533.89
F,29,56.65,167.5,102.5,190,460,529.15
F,29.5,56.4,175,92.5,187.5,455,524.93
F,28.5,56.9,170,87.5,197.5,455,521.89
F,23,56.75,162.5,100,185,447.5,514.18
F,24,56.75,152.5,102.5,167.5,422.5,485.45
F,29.5,55.75,155,95,170,420,488.28
F,31,56.15,155,82.5,180,417.5,483.08
F,34.5,56.4,147.5,72.5,182.5,402.5,464.36
F,29.5,56.2,142.5,82.5,175,400,462.56
F,26.5,55.8,130,82.5,185,397.5,461.84
F,36,56.45,137.5,70,185,392.5,452.56
F,24.5,55.85,142.5,72.5,172.5,387.5,449.96
F,27,57,132.5,85,152.5,370,423.91
F,28.5,56.6,132.5,67.5,162.5,362.5,417.24
F,23.5,55.5,135,70,150,355,413.95
F,24.5,55.6,117.5,65,160,342.5,398.89
F,36,62.6,202.5,140,210,552.5,596.54
F,25,62.55,202.5,115,222.5,540,583.33
F,26,62.45,202.5,112.5,222.5,537.5,581.19
F,22.5,62.7,185,127.5,212.5,525,566.29
F,31.5,60.25,182.5,97.5,231.5,511.5,565.54
F,23.5,62.25,182.5,110,205,497.5,539
F,27.5,62.5,187.5,105,205,497.5,537.68
F,36.5,61.8,175,107.5,205,487.5,530.53
F,39,63,177.5,92.5,200,470,505.49
F,32.5,60.45,162.5,80,212.5,455,502.02
F,33.5,62,157.5,95,197.5,450,488.75
F,42.5,62.9,150,92.5,207.5,450,484.45
F,36,62.8,155,85,205,445,479.53
F,36,62.3,155,72.5,170,397.5,430.45
F,29.5,62.2,142.5,70,160,372.5,403.77
F,31.5,60.65,130,60,137.5,327.5,360.6
F,29.5,67.6,222.5,140,215,577.5,595.7
F,30,66.55,212.5,125,230,567.5,590.72
F,34.5,68.45,190,130,230,550,563.28
F,26.5,68.35,200,122.5,222.5,545,558.63
F,27.5,68.9,205,115,225,545,556.08
F,39.5,68.4,180,125,232.5,537.5,550.71
F,33.5,68.3,187.5,105,232.5,525,538.35
F,23.5,68.8,190,112.5,210,512.5,523.35
F,25,68.95,185,115,200,500,509.96
F,47.5,68.35,182.5,92.5,207.5,482.5,494.56
F,30.5,68.5,182.5,102.5,190,475,486.27
F,25,67.55,167.5,120,172.5,460,474.7
F,23.5,67.9,155,105,187.5,447.5,460.43
F,31,67.8,155,92.5,185,432.5,445.37
F,26,67.8,157.5,95,175,427.5,440.22
F,32,68.3,150,82.5,187.5,420,430.68
F,33,68.45,135,80,170,385,394.3
F,40,67.3,145,82.5,155,382.5,395.57
F,30.5,68.35,140,85,157.5,382.5,392.06
F,27.5,68.8,170,72.5,140,382.5,390.6
F,30.5,68.75,130,80,170,380,388.21
F,32,67.2,132.5,92.5,152.5,377.5,390.73
F,27,68.1,117.5,65,172.5,355,364.64
F,28.5,66.5,122.5,70,145,337.5,351.47
F,21.5,75.3,207.5,155.5,250,613,595.79
F,31.5,75.3,217.5,130,245,592.5,575.87
F,24,76,220,120,245,585,565.83
F,26,74.9,207.5,120,240,567.5,553.12
F,29,75.4,215,107.5,245,567.5,551.18
F,22,73.8,192.5,125,237.5,555,545.22
F,28,74.45,175,125,240,540,528
F,25.5,75.4,192.5,122.5,222.5,537.5,522.05
F,24,75.1,202.5,120,202.5,525,510.98
F,26,75.4,205,112.5,200,517.5,502.62
F,27.5,74.5,182.5,110,202.5,495,483.83
F,30.5,75.85,192.5,107.5,192.5,492.5,476.85
F,24.5,75.25,165,97.5,202.5,465,452.11
F,31.5,75.25,180,85,192.5,457.5,444.81
F,36.5,74.7,177.5,75,187.5,440,429.46
F,28.5,74.9,157.5,107.5,170,435,423.98
F,45.5,75,140,75,167.5,382.5,372.55
F,38.5,74.4,135,65,170,370,361.91
F,27,83.1,247.5,135,260,642.5,594.25
F,26.5,83.8,222.5,107.5,262.5,592.5,545.81
F,31,81.85,202.5,135,217.5,555,517.09
F,39.5,83.95,217.5,112.5,215,545,501.63
F,29,78.95,192.5,112.5,227.5,532.5,505.08
F,31,83.3,190,105,220,515,475.77
F,32.5,83.6,190,112.5,202.5,505,465.73
F,32,83.8,182.5,132.5,185,500,460.6
F,35,83.1,185,90,187.5,462.5,427.76
F,40.5,82.35,145,85,160,390,362.29
F,27,128.95,311,152.5,267.5,731,575.88
F,32.5,123.6,280,155,269.5,704.5,560.76
F,23.5,134.8,275,167,262.5,704.5,549.96
F,25,118.95,280,137.5,255,672.5,540.95
F,28.5,139.85,255,130,273,658,510.57
F,29.5,126,252.5,145,257.5,655,518.83
F,31.5,135,245,166.5,240,651.5,508.45
F,42,126.9,225,150,242.5,617.5,488.28
F,33,107.3,225,150,210,585,486.36
F,35,91.85,205,102.5,197.5,505,446.24
F,24.5,137.75,200,95,195,490,381.09
F,29.5,91.3,170,110,202.5,482.5,427.47
F,34.5,121.4,155,77.5,207.5,440,351.91
F,41,94.95,160,82.5,170,412.5,359.41
F,26.5,89.05,150,70,157.5,377.5,338.14
M,26.5,59,222.5,147.5,267.5,637.5,545.62
M,28.5,58.6,222.5,132.5,255,610,525.07
M,22.5,58.65,200,137.5,260,597.5,513.94
M,25,58.4,212.5,142.5,235,590,509.32
M,24.5,58.85,185,140,257.5,582.5,499.61
M,28,58.25,217.5,127.5,232.5,577.5,499.61
M,24.5,58.55,197.5,132.5,230,560,482.37
M,28.5,58.4,180,117.5,260,557.5,481.26
M,35.5,58.2,200,142.5,210,552.5,478.33
M,27.5,58.2,192.5,140,215,547.5,474
M,32.5,58.8,185,122.5,230,537.5,461.34
M,30,58.7,170,100,260,530,455.55
M,27.5,58.5,167.5,140,210,517.5,446.09
M,23.5,58.8,182.5,127.5,190,500,429.15
M,26,56.7,210,120,140,470,416.13
M,29,65.3,255,155,297.5,707.5,558.77
M,35.5,65.55,270,177.5,260,707.5,557.17
M,29,65.65,247.5,175,285,707.5,556.54
M,35,65.8,245,165,287.5,697.5,547.74
M,26.5,65.65,240,175,277.5,692.5,544.74
M,29.5,65.55,235,160,292.5,687.5,541.42
M,27.5,65.9,250,165,270,685,537.32
M,31.5,65.8,217.5,172.5,280,670,526.15
M,28.5,64.7,232.5,137.5,287.5,657.5,522.9
M,27,65.25,225,160,250,635,501.8
M,27,65.4,230,147.5,255,632.5,498.96
M,28,65.55,222.5,162.5,240,625,492.2
M,31,65.5,205,155,260,620,488.54
M,23.5,64.8,217.5,130,270,617.5,490.52
M,30.5,65.7,245,120,240,605,475.64
M,27.5,65.75,225,135,235,595,467.51
M,19.5,65.5,202.5,130,257.5,590,464.9
M,28.5,64.7,202.5,127.5,250,580,461.27
M,24.5,72.75,311,200,325,836,611.77
M,35.5,73.55,272.5,207.5,332.5,812.5,590.31
M,27,73.8,287.5,172.5,330,790,572.69
M,24.5,73.55,255,213,302.5,770.5,559.79
M,38,73.6,242.5,190,320,752.5,546.47
M,30.5,73.7,270,172.5,310,752.5,545.99
M,29,73.4,270,212.5,260,742.5,540.17
M,25.5,73.3,252.5,175,312.5,740,538.84
M,28,73.6,267.5,160,295,722.5,524.69
M,26,73.6,257.5,160,302.5,720,522.87
M,29.5,73.5,255,165,290,710,516.07
M,30,73.1,265,152.5,287.5,705,514.27
M,45,73.55,245,170,260,675,490.41
M,35,72.9,237.5,152.5,270,660,482.32
M,26,73,237.5,145,265,647.5,472.76
M,32.5,73.6,225,152.5,260,637.5,462.96
M,34,73.05,232.5,152.5,250,635,463.42
M,32,73.85,210,127.5,290,627.5,454.69
M,33,71.65,202.5,142.5,255,600,443.57
M,30,72.85,210,155,235,600,438.67
M,20.5,73.5,195,127.5,262.5,585,425.21
M,33.5,73.15,215,145,215,575,419.26
M,30,73.25,227.5,125,222.5,575,418.88
M,24,73.9,205,120,235,560,405.6
M,35,82.65,310,185,350,845,571.81
M,29.5,82.65,321,187.5,335,843.5,570.79
M,24.5,82.55,282.5,157.5,367.5,807.5,546.81
M,28.5,81.8,295,177.5,310,782.5,532.64
M,24.5,82.35,292.5,175,310,777.5,527.22
M,23.5,82.45,265,167.5,342.5,775,525.16
M,30.5,82.4,285,175,310,770,521.95
M,28.5,82.05,255,170,332.5,757.5,514.72
M,25,82.15,265,185,305,755,512.67
M,26,82.1,270,162.5,310,742.5,504.35
M,29.5,82.7,262.5,165,315,742.5,502.28
M,28.5,82.3,260,175,305,740,501.96
M,29,81.2,272.5,162.5,302.5,737.5,504.14
M,27,80.8,260,175,285,720,493.59
M,28.5,82.2,252.5,182.5,282.5,717.5,487.04
M,28.5,81.7,240,160,300,700,476.82
M,32.5,82.85,265,170,265,700,473.04
M,35,82.65,240,120,327.5,687.5,465.23
M,31.5,82.45,245,150,290,685,464.17
M,36.5,82.45,252.5,150,270,672.5,455.7
M,27,81.55,255,152.5,260,667.5,455.16
M,25,82.9,225,140,260,625,422.22
M,27,80.2,215,120,275,610,420.01
M,25.5,80.9,217.5,110,272.5,600,411.03
M,30,80.7,207.5,107.5,200,515,353.31
M,28.5,92.5,327.5,212.5,355,895,570.93
M,27,92.75,312.5,237.5,345,895,570.18
M,28.5,92.3,320,210,357.5,887.5,566.74
M,32,92.7,307.5,205,347.5,860,548.03
M,30,93,337.5,177.5,345,860,547.18
M,30.5,92.7,305,217.5,335,857.5,546.44
M,27.5,92.5,275,207.5,345,827.5,527.87
M,37.5,92.95,310,182.5,330,822.5,523.45
M,30.5,92.4,290,190,340,820,523.36
M,24.5,92.9,282.5,195,330,807.5,514.04
M,27.5,91.6,292.5,185,327.5,805,515.97
M,27.5,92.4,302.5,177.5,325,805,513.79
M,38.5,92.7,300,197.5,290,787.5,501.83
M,30.5,92,327.5,160,290,777.5,497.28
M,40.5,92.5,277.5,172.5,327.5,777.5,495.97
M,28.5,92.85,300,182.5,295,777.5,495.07
M,30,92.7,292.5,172.5,310,775,493.86
M,28,92.35,270,190,300,760,485.19
M,25.5,92.8,275,197.5,282.5,755,480.87
M,28,92.2,265,197.5,282.5,745,475.99
M,28.5,92.4,267.5,162.5,312.5,742.5,473.9
M,24,92.8,247.5,197.5,295,740,471.31
M,26,91.55,242.5,177.5,317.5,737.5,472.83
M,24.5,92.15,257.5,160,320,737.5,471.32
M,26,92.25,245,157.5,312.5,715,456.7
M,27.5,91.1,237.5,182.5,280,700,449.88
M,31.5,92.4,242.5,170,287.5,700,446.77
M,24.5,91.3,240,162.5,295,697.5,447.79
M,24,92.85,257.5,145,292.5,695,442.54
M,32.5,92.9,200,192.5,290,682.5,434.47
M,36.5,92.75,240,167.5,270,677.5,431.62
M,33.5,91.2,247.5,150,262.5,660,423.95
M,31.5,91.9,190,117.5,215,522.5,334.36
M,26.5,91.5,265,162.5,75,502.5,322.25
M,27,102.9,365.5,210,365,940.5,571.92
M,27.5,104.7,370.5,230,340,940.5,567.87
M,27.5,104.4,327.5,210,367.5,905,547.07
M,35.5,102.85,307.5,212.5,367.5,887.5,539.8
M,35,104.2,285,182.5,400,867.5,524.81
M,24,102.8,325,185,345,855,520.14
M,24,104.65,310,215,325,850,513.32
M,27.5,104.6,310,185,342.5,837.5,505.87
M,42.5,102.8,275,207.5,350,832.5,506.45
M,23.5,103.95,307.5,200,322.5,830,502.62
M,24.5,103.3,297.5,180,342.5,820,497.84
M,34,103.5,307.5,202.5,310,820,497.45
M,30,104.2,295,192.5,332.5,820,496.07
M,28,104.35,302.5,165,342.5,810,489.74
M,26.5,104.6,322.5,202.5,285,810,489.26
M,25.5,104.6,285,205,315,805,486.24
M,27.5,104.75,290,197.5,300,787.5,475.4
M,27.5,103.4,287.5,182.5,315,785,476.4
M,30.5,102.9,270,195,315,780,474.32
M,29,103.1,277.5,172.5,320,770,467.86
M,30.5,99.65,265,182.5,317.5,765,471.59
M,25,104.4,290,140,320,750,453.37
M,30.5,104.4,270,182.5,295,747.5,451.86
M,29.5,104.1,267.5,175,302.5,745,450.88
M,31.5,101.4,245,210,275,730,446.66
M,38.5,98.6,252.5,170,290,712.5,441.27
M,36.5,103.7,280,160,267.5,707.5,428.86
M,55.5,104.1,242.5,167.5,252.5,662.5,400.95
M,22.5,104,205,135,240,580,351.16
M,26.5,105.9,352.5,237.5,380,970,583.01
M,24,119.1,345,217.5,396,958.5,551.86
M,39.5,119.35,342.5,245,350,937.5,539.39
M,24.5,118.8,335,222.5,350,907.5,522.94
M,24.5,118.7,360,192.5,347.5,900,518.77
M,24.5,119.75,340,220,340,900,517.23
M,28.5,119.1,342.5,220,332.5,895,515.3
M,23,118.4,327.5,230,335,892.5,514.88
M,33,119.3,335,182.5,375,892.5,513.57
M,28.5,118.75,330,222.5,320,872.5,502.84
M,25,119.3,315,207.5,340,862.5,496.31
M,27,118.75,320,217.5,317.5,855,492.76
M,25,114.3,330,220,290,840,490.57
M,32.5,119.1,300,190,350,840,483.63
M,28.5,118.7,310,200,325,835,481.3
M,26.5,119.25,302.5,197.5,332.5,832.5,479.11
M,42.5,118.6,267.5,245,302.5,815,469.91
M,26.5,118.9,320,210,270,800,460.86
M,28,119.6,305,192.5,295,792.5,455.64
M,30.5,118.65,270,180,300,750,432.37
M,28.5,119.05,262.5,190,257.5,710,408.84
M,37.5,110.2,200,205,275,680,402.47
M,25.5,179.9,455,262.5,395,1112.5,570.65
M,22.5,160.8,430,255,402.5,1087.5,574.16
M,26,161.2,372.5,227.5,365,965,509.15
M,33.5,134.3,320,252.5,350,922.5,511.59
M,27.5,150.5,335,225,345,905,486.24
M,34,142.2,320,227.5,340,887.5,484.26
M,29,150.4,330,215,335,880,472.89
M,24.5,176.9,337.5,250,280,867.5,446.87
M,29.5,134,330,215,315,860,477.24
M,47,145,305,182.5,327.5,815,442.32
F,21.5,68.9,197.5,154,248.5,600,612.2
F,30,66.46,225,122.5,237.5,585,609.42
F,29.5,67.17,220,150,212.5,582.5,603.08
F,27,51.85,167.5,105,208.5,481,587.47
F,32.5,126.56,285,157.5,267.5,710,561.79
F,27,126.63,300.5,147.5,260,708,560.13
F,22.5,56.57,188,100,231.5,519.5,598.15
F,25,56.36,186.5,110,220,516.5,596.16
F,22,46.77,161.5,100,170,431.5,567.57
F,26,83.51,249.5,135,262.5,647,597
F,33,51.87,165,85,197.5,447.5,546.41
M,28.5,92.7,325,215,355,895,570.33
M,31,92.65,300,245.5,347.5,893,569.21
M,29,82.75,305,207.5,330,842.5,569.73
M,25,92.92,337,205,345,887,564.59
M,29,65.79,240,172.5,290,702.5,551.73
M,27,73.71,288.5,170,331,789.5,572.79
M,29.5,92.9,332.5,182.5,360,875,557.01
M,23,73.75,270,185,330.5,785.5,569.68
M,26.5,65.81,240,170,280,690,541.79
M,25,186.7,478,255,380,1113,565.69
M,39.5,119.61,355,240,330,925,531.81
M,23.5,57.55,175,105,202.5,482.5,421.74
M,21.5,58.8,140,100,175,415,356.2
M,21.5,65.49,227.5,127.5,230,585,461.02
M,22.5,65.6,202.5,145,225,572.5,450.6
M,20.5,64.92,192.5,130,242.5,565,448.19
M,19.5,65.73,217.5,132.5,215,565,444.04
M,23,65,190,122.5,230,542.5,429.94
M,23.5,64.93,210,110,210,530,420.38
M,21,63.3,180,127.5,215,522.5,422.57
M,20.5,65.75,182.5,125,187.5,495,388.94
M,22.5,64.91,167.5,127.5,177.5,472.5,374.86
M,21.5,62.09,157.5,107.5,195,460,377.69
M,22.5,65.86,162.5,100,180,442.5,347.26
M,19.5,72.63,275,155,307.5,737.5,540.28
M,19,73.77,232.5,147.5,260,640,464.08
M,22,72.94,235,130,272.5,637.5,465.71
M,20.5,72.05,215,135,240,590,434.54
M,22.5,73.31,210,145,235,590,429.57
M,21.5,73.86,215,142.5,222.5,580,420.24
M,20.5,73.55,202.5,167.5,205,575,417.76
M,21.5,73.81,200,130,237.5,567.5,411.36
M,21.5,72.48,187.5,120,215,522.5,383.3
M,24.5,72.71,170,132.5,210,512.5,375.18
M,22,72.71,175,110,195,480,351.39
M,22.5,73.48,125,90,160,375,272.62
M,22.5,82.8,265,165,287.5,717.5,485.03
M,21.5,82.87,247.5,190,270,707.5,478.05
M,24.5,82.99,260,170,272.5,702.5,474.28
M,22.5,82.69,257.5,155,282.5,695,470.18
M,18.5,82.2,250,152.5,287.5,690,468.37
M,23,82.71,215,160,242.5,617.5,417.69
M,21.5,81.42,217.5,147.5,250,615,419.74
M,22.5,81.2,227.5,122.5,250,600,410.15
M,20.5,80.3,207.5,125,245,577.5,397.34
M,21.5,81.8,205,137.5,230,572.5,389.69
M,20.5,81.6,200,140,230,570,388.54
M,19.5,81.5,200,122.5,245,567.5,387.11
M,19.5,82.61,195,122.5,225,542.5,367.21
M,19.5,75.7,180,142.5,215,537.5,383.35
M,20.5,78.66,190,147.5,200,537.5,374.38
M,22,81.55,220,160,100,480,327.3
M,24,92.98,285,195,280,760,483.6
M,19.5,92.01,280,162.5,307.5,750,479.67
M,22,93,250,190,280,720,458.1
M,24.5,91.59,262.5,165,282.5,710,455.11
M,24.5,91.86,247.5,152.5,290,690,441.65
M,23.5,91.8,240,160,280,680,435.39
M,22.5,92.07,245,155,270,670,428.37
M,21.5,92.98,245,140,275,660,419.97
M,23.5,92.01,240,152.5,257.5,650,415.71
M,20.5,91.28,250,125,272.5,647.5,415.74
M,23,92.91,225,165,250,640,407.39
M,22.5,90.36,215,160,260,635,409.77
M,22.5,89.11,235,137.5,257.5,630,409.42
M,21.5,91.61,217.5,130,282.5,630,403.78
M,21.5,91.81,235,130,265,630,403.35
M,23.5,91.97,205,147.5,265,617.5,395.01
M,20,86.61,225,132.5,257.5,615,405.63
M,24.5,87.76,200,150,265,615,402.83
M,20.5,91.16,205,147.5,252.5,605,388.7
M,22.5,91.19,205,177.5,222.5,605,388.64
M,23.5,86.38,212.5,145,242.5,600,396.3
M,22.5,92.13,200,145,250,595,380.3
M,21.5,88.5,190,150,242.5,582.5,379.88
M,21.5,90.21,197.5,142.5,227.5,567.5,366.52
M,21.5,91.25,187.5,117.5,245,550,353.19
M,24.5,90.46,207.5,112.5,227.5,547.5,353.11
M,21.5,90.93,182.5,100,190,472.5,303.95
M,22.5,99.21,280,205,325,810,500.29
M,24.5,102.47,265,180,280,725,441.64
M,23,103.92,255,160,285,700,423.94
M,24.5,103.17,235,157.5,295,687.5,417.62
M,21,104.19,245,157.5,275,677.5,409.88
M,23.5,104.7,237.5,160,267.5,665,401.52
M,21,104.43,240,150,267.5,657.5,397.41
M,21.5,99.08,235,145,275,655,404.79
M,19.5,93.36,245,135,265,645,409.62
M,24,104.08,232.5,140,255,627.5,379.8
M,21.5,97.06,225,135,260,620,386.69
M,19,97.81,245,112.5,262.5,620,385.36
M,24,100.02,220,132.5,265,617.5,380.05
M,19,103.7,232.5,147.5,235,615,372.79
M,24,93.15,210,130,272.5,612.5,389.4
M,22,93.14,212.5,142.5,237.5,592.5,376.71
M,21.5,101.48,215,125,237.5,577.5,353.23
M,18.5,98.3,180,155,190,525,325.58
M,22.5,93.18,172.5,95,210,477.5,303.53
M,23.5,117.94,300,210,305,815,470.8
M,24.5,116.04,255,180,295,730,424.06
M,22.5,108.25,265,175,280,720,429.04
M,23.5,114.96,250,177.5,285,712.5,415.26
M,21.5,112.91,250,167.5,245,662.5,388.61
M,19,109.82,235,150,245,630,373.36
M,23.5,153.09,300,185,330,815,435.89
M,24,142.76,252.5,165,245,662.5,361.09
M,19.5,145.5,205,195,200,600,325.33
F,22,45.8,127.5,65,142.5,335,447.58
F,21.5,46.95,112.5,67.5,145,325,426.27
F,24.5,42.7,100,65,120,285,401.76
F,19.5,46.74,95,62.5,112.5,270,355.31
F,19.5,46.38,75,47.5,115,237.5,314.34
F,22,45.76,82.5,45,100,227.5,304.15
F,23.5,49.36,112.5,72.5,142.5,327.5,414.16
F,21.5,51.9,115,60,152.5,327.5,399.72
F,20.5,50.79,112.5,47.5,132.5,292.5,362.46
F,21.5,50.7,102.5,50,132.5,285,353.6
F,21.5,51.47,105,62.5,110,277.5,340.67
F,21.5,48.58,90,60,122.5,272.5,348.59
F,23.5,51.1,90,57.5,117.5,265,326.97
F,21.5,51.57,100,50,100,250,306.49
F,23.5,50.37,82.5,40,115,237.5,296.03
F,20.5,49.18,70,42.5,92.5,205,259.93
F,21.5,51.4,75,35,92.5,202.5,248.83
F,20.5,50.73,40,30,67.5,137.5,170.53
F,21.5,56.84,155,80,165,400,459.12
F,20,56.56,137.5,65,182.5,385,443.34
F,21.5,56.38,125,80,177.5,382.5,441.39
F,18.5,56.86,140,85,145,370,424.59
F,21,56.75,125,75,152.5,352.5,405.02
F,21.5,56.48,120,67.5,160,347.5,400.53
F,21.5,56.89,127.5,72.5,140,340,390.03
F,25,56.92,120,75,145,340,389.89
F,21.5,56.17,135,62.5,140,337.5,390.42
F,24,56.57,115,55,147.5,317.5,365.57
F,23.5,56.88,107.5,57.5,147.5,312.5,358.52
F,19.5,55.72,115,55,140,310,360.52
F,23.5,56.52,120,75,110,305,351.38
F,19.5,56.27,112.5,60,120,292.5,337.97
F,20.5,54.53,107.5,62.5,120,290,342.17
F,21.5,56.19,105,57.5,127.5,290,335.39
F,21.5,56.43,100,55,135,290,334.45
F,21.5,55.88,105,57.5,117.5,280,325.01
F,19.5,55.94,107.5,55,117.5,280,324.78
F,19.5,56.94,105,62.5,110,277.5,318.15
F,19.5,55.15,85,65,125,275,322.02
F,24.5,56.27,100,55,117.5,272.5,314.86
F,21.5,56.07,102.5,47.5,117.5,267.5,309.81
F,21.5,56.15,95,50,115,260,300.84
F,19.5,55.94,87.5,52.5,100,240,278.39
F,19.5,61.36,150,105,165,420,459.1
F,23.5,62.73,145,77.5,172.5,395,425.94
F,23.5,62.87,145,70,172.5,387.5,417.29
F,24,62.72,140,82.5,150,372.5,401.72
F,24.5,62.23,127.5,82.5,160,370,400.95
F,22.5,62.95,137.5,62.5,150,350,376.61
F,19.5,61.73,112.5,75,157.5,345,375.72
F,24,60.61,125,57.5,152.5,335,369.01
F,21.5,62.08,115,60,142.5,317.5,344.57
F,21.5,61.19,107.5,65,142.5,315,344.92
F,22.5,62.39,115,47.5,137.5,300,324.58
F,22,60.61,107.5,55,125,287.5,316.69
F,22.5,61.81,105,57.5,115,277.5,301.97
F,20.5,57.46,100,60,112.5,272.5,310.57
F,19.5,62.81,105,55,110,270,290.92
F,21.5,57.05,80,60,117.5,257.5,294.85
F,21.5,57.97,97.5,55,105,257.5,291.8
F,21,61.06,82.5,47.5,122.5,252.5,276.85
F,19.5,70.75,172.5,107.5,175,455,457.39
F,23.5,68.36,167.5,95,185,447.5,458.65
F,23.5,71.04,165,92.5,170,427.5,428.77
F,21.5,69.48,147.5,102.5,170,420,426.51
F,21.5,69.83,160,77.5,182.5,420,425.31
F,19.5,72,155,82.5,177.5,415,413.17
F,19.5,71.28,152.5,87.5,165,405,405.45
F,25,68.12,147.5,80,172.5,400,410.79
F,20.5,69.22,147.5,77.5,155,380,386.71
F,23.5,70.64,137.5,67.5,172.5,377.5,379.81
F,18.5,63.76,132.5,82.5,155,370,395.06
F,19.5,66.99,135,80,152.5,367.5,381.07
F,21.5,68.05,135,82.5,137.5,355,364.79
F,24.5,71.07,125,65,165,355,355.98
F,23.5,69.23,112.5,77.5,155,345,351.06
F,24.5,71.39,110,72.5,160,342.5,342.59
F,20.5,72,135,65,142.5,342.5,340.99
F,20.5,64.61,125,67.5,140,332.5,352.21
F,21.5,69,115,75,142.5,332.5,338.98
F,19.5,70.67,122.5,60,145,327.5,329.43
F,19.5,71.05,110,60,142.5,312.5,313.41
F,20.5,66.25,115,52.5,142.5,310,323.54
F,19.5,70.96,112.5,57.5,117.5,287.5,288.54
F,23.5,63.15,102.5,60,105,267.5,287.28
F,22.5,64.09,85,57.5,117.5,260,276.75
F,19.5,82.31,172.5,85,190,447.5,415.8
F,21.5,81.2,150,97.5,160,407.5,381.15
F,19,81.93,170,70,165,405,377.16
F,24,80.81,135,97.5,160,392.5,367.99
F,23.5,83.05,155,85,152.5,392.5,363.13
F,22.5,80.18,155,62.5,170,387.5,364.71
F,23,72.37,140,77.5,165,382.5,379.75
F,19.5,83.05,132.5,77.5,155,365,337.68
F,22,79.45,135,60,167.5,362.5,342.74
F,20.5,72.83,137.5,82.5,137.5,357.5,353.71
F,24.5,76.69,125,65,150,340,327.31
F,23.5,81.39,125,72.5,140,337.5,315.32
F,18.5,72.76,90,62.5,107.5,260,257.38
F,21.5,96.37,190,107.5,227.5,525,454.65
F,20,102.77,175,82.5,185,442.5,373.69
F,23,86.82,150,102.5,167.5,420,380.55
F,21,97,167.5,80,165,412.5,356.28
F,21.5,87.1,147.5,75,170,392.5,355.11
F,23.5,85.53,137.5,70,155,362.5,330.74
F,19.5,87.07,135,72.5,145,352.5,318.97
F,21.5,91.86,130,55,165,350,309.26
M,29.5,50.8,260,160,130,550,538.71
M,31,58.2,225.5,165,270.5,661,572.26
M,35.5,58.3,215,152.5,205,572.5,494.92
M,30.5,58.45,200,140,220,560,483.07
M,33.5,58.7,185,140,215,540,464.15
M,31,58.5,210,110,215,535,461.17
M,24.5,57.95,167.5,125,205,497.5,432.29
M,48,58.55,172.5,75,235,482.5,415.62
M,24,57.75,155,80,225,460,400.88
M,43.5,65.9,240,137.5,265,642.5,503.98
M,31.5,63.4,210,165,265,640,516.96
M,35.5,65.5,210,155,265,630,496.42
M,30.5,65.75,210,167.5,230,607.5,477.34
M,28,65.05,197.5,155,240,592.5,469.29
M,23,65.45,210,132.5,240,582.5,459.26
M,27.5,64.55,187.5,140,230,557.5,444.16
M,32.5,64.2,185,130,220,535,428
M,38.5,65.9,180,100,255,535,419.66
M,28.5,63.3,167.5,100,235,502.5,406.39
M,37.5,73.55,235,165,287.5,687.5,499.49
M,39,72.55,222.5,145,310,677.5,496.69
M,28.5,72.2,220,150,305,675,496.46
M,34.5,73.1,242.5,142.5,290,675,492.39
M,46.5,73.5,235,175,265,675,490.63
M,38.5,73.15,210,162.5,285,657.5,479.41
M,46,73.9,225,155,277.5,657.5,476.22
M,31,72.5,242.5,150,245,637.5,467.58
M,26.5,73.15,225,140,260,625,455.71
M,24.5,72.85,217.5,160,245,622.5,455.12
M,26.5,73.3,210,157.5,252.5,620,451.46
M,24.5,73.8,215,165,240,620,449.45
M,24.5,73.55,205,137.5,240,582.5,423.21
M,24.5,72.8,195,130,235,560,409.61
M,27.5,82.4,272.5,182.5,315,770,521.95
M,31.5,82.3,267.5,182.5,305,755,512.14
M,26,82.55,257.5,152.5,290,700,474.01
M,34.5,82.35,242.5,165,290,697.5,472.97
M,23.5,81.4,242.5,193.5,260,696,475.1
M,30.5,82.4,217.5,152.5,315.5,685.5,464.67
M,28.5,82.4,257.5,152.5,270,680,460.94
M,26.5,81.45,240,165,250,655,446.95
M,47.5,82.4,205,160,260,625,423.66
M,28.5,82,190,165,255,610,414.64
M,32.5,82.3,207.5,150,245,602.5,408.69
M,36,81.45,140,175,160,475,324.12
M,23,92.25,285,190,372.5,847.5,541.34
M,38.5,93,300,205,342.5,847.5,539.22
M,25.5,92.1,290,192.5,302.5,785,501.81
M,35.5,92.25,267.5,212.5,292.5,772.5,493.43
M,26.5,92.8,255,172.5,345,772.5,492.01
M,30.5,92.65,282.5,192.5,292.5,767.5,489.21
M,30.5,92.2,280,177.5,307.5,765,488.77
M,23.5,92.75,250,190,307.5,747.5,476.21
M,26.5,91.25,242.5,195,285,722.5,463.97
M,25.5,90.95,272.5,160,280,712.5,458.29
M,32,91.85,235,140,250,625,400.06
M,34.5,90.45,170,132.5,225,527.5,340.23
M,23.5,103.56,315,215,337.5,867.5,526.14
M,34.5,103.1,317.5,221,315,853.5,518.6
M,21.5,104.6,330,212.5,310,852.5,514.93
M,29.5,104.45,300,205,332.5,837.5,506.17
M,30.5,103.6,307.5,170,330,807.5,489.67
M,37.5,102.5,315,170,290,775,472.04
M,34.5,103.1,270,170,315,755,458.75
M,25.5,104.4,257.5,185,302.5,745,450.35
M,34,99.75,240,187.5,300,727.5,448.27
M,27.5,104.15,255,180,290,725,438.69
M,33,104.65,267.5,142.5,305,715,431.8
M,29.5,104.25,245,200,265,710,429.44
M,27,104.25,235,165,295,695,420.37
M,37,119.7,375,210,360,945,543.17
M,29,119,345,210,360,915,526.96
M,25.5,118.55,322.5,220,345,887.5,511.78
M,29.5,118.65,322.5,220,322.5,865,498.66
M,43.5,119.15,312.5,215,320,847.5,487.88
M,34.5,116.35,275,235,277.5,787.5,457.04
M,36.5,119.1,275,222.5,285,782.5,450.53
M,28.5,117.35,265,205,292.5,762.5,441.23
M,30.5,118.6,272.5,190,290,752.5,433.87
M,30.5,117,247.5,175,300,722.5,418.51
M,27,162.4,412.5,235,325,972.5,512.12
M,28.5,160.85,357.5,220,340,917.5,484.37
M,25.5,152.9,370,217.5,327.5,915,489.54
M,31.5,137.15,342.5,202.5,337.5,882.5,486.45
M,28,139.6,312.5,260.5,297.5,870.5,477.43
M,29.5,163.2,315,245,310,870,457.56
M,23.5,130,287.5,200,265,752.5,421.36
M,27,136.2,240,240,230,710,392.15
M,16.5,52.6,130,85,162.5,377.5,357.68
M,17.5,48.5,120,67.5,172.5,360,369.19
M,16.5,58.35,170,92.5,177.5,440,380.1
M,17.5,65,177.5,132.5,197.5,507.5,402.2
M,17.5,63.85,172.5,107.5,220,500,401.68
M,17.5,65.15,172.5,110,192.5,475,375.79
M,16.5,64.75,167.5,100,200,467.5,371.58
M,17.5,63.85,152.5,112.5,200,465,373.56
M,16.5,64.8,145,100,202.5,447.5,355.48
M,17.5,63.45,117.5,112.5,160,390,314.83
M,17.5,74,195,135,237.5,567.5,410.67
M,17.5,70.8,200,127.5,230,557.5,415.5
M,17.5,73.45,209,115,217.5,541.5,393.77
M,17.5,72.75,190,100,250,540,395.16
M,17.5,72.8,202.5,105,200,507.5,371.21
M,17.5,73,155,100,217.5,472.5,344.98
M,17.5,73.25,162.5,112.5,190,465,338.75
M,17.5,82.15,216,120,240,576,391.12
M,17.5,76.65,197.5,117.5,240,555,392.74
M,17.5,81.6,205,125,210,540,368.09
M,17.5,78.35,180,102.5,237.5,520,363.06
M,16.5,75.8,180,105,217.5,502.5,358.08
M,17.5,85.8,222.5,137.5,250,610,404.36
M,17.5,91.6,220,125,250,595,381.37
M,17.5,89.15,185,120,237.5,542.5,352.47
M,17.5,92.3,190,120,220,530,338.45
M,17.5,89.55,190,107.5,227.5,525,340.33
M,17.5,90.65,175,115,210,500,322.14
M,17,91.9,180,125,195,500,319.97
M,17.5,101.9,185,120,250,555,338.88
M,17.5,107.65,260,160,250,670,400.11
M,17.5,109.45,195,150,227.5,572.5,339.72
M,17.5,151.9,245,130,255,630,337.65
M,19.5,52.6,140,110,187.5,437.5,414.53
M,19.5,52.75,150,115,172.5,437.5,413.42
M,18.5,52.35,100,85,115,300,285.52
M,22.5,58.9,185,130,215,530,454.25
M,22,58.3,150,122.5,215,487.5,421.44
M,21.5,58.6,155,92.5,200,447.5,385.19
M,19.5,58.1,160,95,190,445,385.82
M,20.5,58.15,150,97.5,192.5,440,381.21
M,21.5,57.9,145,90,177.5,412.5,358.69
M,21,65.75,210,110,273,593,465.94
M,20.5,63.85,205,130,230,565,453.9
M,21.5,65.25,187.5,142.5,222.5,552.5,436.6
M,19,64.1,200,180,170,550,440.52
M,18.5,64.1,180,152.5,202.5,535,428.51
M,21.5,65.5,177.5,110,222.5,510,401.87
M,22.5,65.7,172.5,135,197.5,505,397.02
M,21.5,65.85,190,105,210,505,396.35
M,22.5,63.2,162.5,120,195,477.5,386.65
M,18,64.25,167.5,110,180,457.5,365.78
M,20.5,73.65,250.5,160,271,681.5,494.69
M,22.5,73.15,212.5,145,265,622.5,453.89
M,21.5,73.45,217.5,162.5,242.5,622.5,452.67
M,19.5,72.8,202.5,135,242.5,580,424.24
M,21.5,72.4,192.5,135,245,572.5,420.29
M,20.5,73.4,202.5,135,225,562.5,409.22
M,21.5,73.2,200,125,225,550,400.85
M,22.5,72.35,190,117.5,235,542.5,398.45
M,23,82.25,280,185,305.5,770.5,522.83
M,22.5,83,265,167.5,287.5,720,486.06
M,21.5,81.75,255,145,282.5,682.5,464.73
M,22.5,82.25,237.5,185,260,682.5,463.12
M,22.5,82.55,230,160,277.5,667.5,452
M,22,83,257.5,147.5,255,660,445.56
M,22.5,82.1,237.5,142.5,255,635,431.33
M,22.5,80.4,230,150,245,625,429.71
M,21.5,80.45,217.5,142.5,257.5,617.5,424.39
M,22.5,79.75,222.5,137.5,250,610,421.4
M,21.5,81.15,257.5,190.5,100,548,374.73
M,22.5,82.8,185,130,212.5,527.5,356.59
M,21.5,91.95,257.5,165,325,747.5,478.22
M,22,90.15,240,180,292.5,712.5,460.32
M,22.5,87.4,232.5,172.5,282.5,687.5,451.29
M,22.5,89.35,232.5,132.5,290,655,425.08
M,21.5,89.45,220,130,270,620,402.14
M,22,103.6,255,205,295,755,457.83
M,21.5,103.15,232.5,177.5,312.5,722.5,438.91
M,22.5,104.6,275,157.5,287.5,720,434.9
M,18.5,104.75,265,152.5,295,712.5,430.12
M,19,95.75,210,130,265,605,379.69
M,18.5,94.3,240,147.5,207.5,595,376.08
M,21.5,118.95,310,200,362.5,872.5,502.56
M,20.5,114,290,182.5,330,802.5,469.11
M,22.5,115.2,292.5,200,310,802.5,467.37
M,20.5,117.2,285,200,305,790,457.34
M,22.5,115.8,280,182.5,305,767.5,446.17
M,22.5,118.4,260,192.5,292.5,745,429.79
M,22.5,118.7,252.5,207.5,270,730,420.78
M,22,145.05,340,225,335,900,488.4
M,21.5,153.45,305,197.5,315,817.5,436.96
M,22.5,131.45,280,205,305,790,440.89
M,20.5,132.4,275,170,290,735,409.32
M,22,132.95,270,145,277.5,692.5,385.18
M,20.5,125.9,230,150,240,620,350.6
M,41.5,57,170,105,185,460,405.41
M,42.5,57.15,130,85,170,385,338.54
M,48.5,64.65,182.5,115,227.5,525,417.77
M,44.5,65.9,170,110,240,520,407.89
M,40.5,64.7,170,110,200,480,381.74
M,46,65.25,157.5,132.5,180,470,371.41
M,45.5,62.95,155,107.5,190,452.5,367.54
M,41.5,73.5,180,145,252.5,577.5,419.76
M,41.5,72.45,190,140,245,575,421.93
M,43.5,70.05,175,115,215,505,379.15
M,42.5,73.2,182.5,120,202.5,505,368.05
M,44,71.25,170,112.5,202.5,485,359.91
M,42,71.6,160,115,210,485,358.72
M,41.5,82.1,230,142.5,267.5,640,434.73
M,49,82.45,210,177.5,252.5,640,433.68
M,38.5,80.35,230,152.5,252.5,635,436.74
M,42,81.45,227.5,147.5,247.5,622.5,424.77
M,40.5,83,212.5,157.5,245,615,415.18
M,39.5,82.25,230,140,240,610,413.92
M,47,81.25,205,157.5,215,577.5,394.63
M,43.5,82.7,187.5,130,240,557.5,377.13
M,40,82.15,180,152.5,220,552.5,375.16
M,39.5,82.75,170,130,227.5,527.5,356.71
M,45.5,79.7,140,110,170,420,290.25
M,42.5,92.4,240,172.5,255,667.5,426.03
M,45,86.15,230,160,250,640,423.32
M,40.5,92.65,200,187.5,247.5,635,404.75
M,39.5,91.75,210,145,262.5,617.5,395.47
M,43.5,86.35,227.5,142.5,230,600,396.37
M,43,90.05,190,155,240,585,378.16
M,39.5,91.75,210,110,252.5,572.5,366.65
M,42.5,90.6,200,170,200,570,367.34
M,40,104.25,242.5,187.5,282.5,712.5,430.96
M,40.5,101.7,255,160,275,690,421.66
M,42.5,102.4,235,140,280,655,399.11
M,41,104.9,245,170,240,655,395.18
M,44.5,102.6,220,147.5,270,637.5,388.14
M,47,97.8,200,177.5,242.5,620,385.37
M,43.5,104.2,210,160,245,615,372.06
M,40.5,101,170,125,205,500,306.44
M,46,117.4,302.5,177.5,310,790,457.07
M,42.5,118.1,305,180,260,745,430.16
M,40,114.95,275,192.5,275,742.5,432.76
M,48.5,119.8,260,170,287.5,717.5,412.29
M,41,117.5,250,187.5,247.5,685,396.21
M,39.5,117.9,240,165,280,685,395.75
M,43.5,107.4,220,175,282.5,677.5,404.95
M,47.5,110.3,220,150,210,580,343.16
M,41.5,157.3,285,225,275,785,416.85
M,39,124.4,265,127.5,312.5,705,400.17
M,45.5,126.4,245,160,260,665,375.58
M,42,141.8,100,187.5,280,567.5,309.89
M,42.5,196.15,165,175,140,480,241.15
M,57.5,64.9,175,117.5,200,492.5,390.77
M,50.5,65.45,140,105,192.5,437.5,344.94
M,51,64.85,150,90,182.5,422.5,335.42
M,56,64.85,130,87.5,190,407.5,323.51
M,50.5,64.5,132.5,102.5,130,365,290.96
M,56.5,64.5,120,90,150,360,286.98
M,51.5,65.25,117.5,82.5,147.5,347.5,274.61
M,53.5,73.8,165,107.5,205,477.5,346.15
M,53.5,72.9,160,100,205,465,339.82
M,50.5,82.45,185,150,260,595,403.19
M,49.5,81.9,192.5,142.5,225,560,380.92
M,56.5,80.55,185,110,235,530,363.99
M,51.5,82.55,180,125,225,530,358.89
M,51.5,81.8,185,142.5,185,512.5,348.85
M,57.5,80.95,155,120,232.5,507.5,347.54
M,53.5,80.75,150,105,230,485,332.61
M,51.5,77.35,155,90,200,445,313.14
M,52.5,92.25,217.5,145,270,632.5,404.01
M,50,90.05,240,145,245,630,407.24
M,50,89.25,202.5,160,245,607.5,394.48
M,51.5,92.25,205,150,242.5,597.5,381.65
M,53.5,92.25,165,132.5,200,497.5,317.78
M,57.5,91.55,170,130,190,490,314.15
M,49.5,91.7,180,95,210,485,310.7
M,54,103.35,275,152.5,292.5,720,437.04
M,53.5,103.9,255,147.5,260,662.5,401.26
M,49.5,98.9,210,125,262.5,597.5,369.55
M,56.5,102.6,175,140,212.5,527.5,321.16
M,58.5,94.55,145,117.5,177.5,440,277.76
M,49,108.55,210,167.5,252.5,630,375.01
M,54.5,107.85,250,142.5,235,627.5,374.46
M,55.5,127.4,230,165,267.5,662.5,373.25
M,51.5,126.9,220,150,230,600,338.45
M,59.5,58.3,115,85,125,325,280.96
M,60.5,58.7,60,80,100,240,206.29
M,68,65.8,170,80,205,455,357.31
M,65,65.2,105,105,145,355,280.69
M,61.5,72.05,200,122.5,235,557.5,410.61
M,64,68.75,197.5,130,210,537.5,408.88
M,68.5,72.75,125,95,175,395,289.06
M,62.5,82.1,180.5,120,245,545.5,370.54
M,61.5,75.55,180,130,185,495,353.48
M,62.5,79.45,160,95,225,480,332.34
M,65.5,82.35,122.5,92.5,200,415,281.41
M,63,90,205,110,235,550,355.63
M,68.5,90.65,160,107.5,215,482.5,310.86
M,65,84.95,162.5,100,200,462.5,308.24
M,64.5,98.35,200,100,200,500,310.01
M,60.5,112.6,100,90,220,410,240.74
M,69.5,65.5,120,112.5,130,362.5,285.64
M,69,72.95,120,107.5,150,377.5,275.75
M,69.5,90,90,95,185,370,239.24
M,69.5,97.45,110,70,215,395,245.92
M,69.5,108.65,162.5,137.5,162.5,462.5,275.21
F,43.5,46.9,115,91,140,346,454.17
F,34,46.5,107.5,72.5,145,325,429.32
F,27.5,46.05,115,52.5,152.5,320,425.8
F,32.5,46.1,115,70,135,320,425.45
F,31.5,46.6,105,70,122.5,297.5,392.37
F,34.5,46.15,90,55,125,270,358.68
F,27.5,46.25,82.5,52.5,120,255,338.21
F,23.5,50.55,140,82.5,162.5,385,478.68
F,27.5,50.65,140,72.5,167.5,380,471.8
F,33.5,51.9,147.5,82.5,150,380,463.8
F,45,51.15,150,70,152.5,372.5,459.3
F,37,49.9,122.5,75,155,352.5,442.32
F,38.5,51.4,132.5,75,135,342.5,420.87
F,25.5,47.7,105,40,125,270,350.02
F,38,55.95,167.5,77.5,185,430,498.72
F,34.5,56.6,147.5,87.5,172.5,407.5,469.03
F,46.5,56,152.5,85,167.5,405,469.44
F,27.5,56.3,125,97.5,175,397.5,459.13
F,32,55.35,135,95,152.5,382.5,446.82
F,34.5,56.8,142.5,87.5,145,375,430.63
F,37,55.85,127.5,80,155,362.5,420.93
F,25.5,54.85,130,82.5,147.5,360,423.1
F,27.5,55.7,125,77.5,132.5,335,389.69
F,25.5,56.2,115,70,150,335,387.39
F,43.5,56.9,130,65,137.5,332.5,381.38
F,26.5,55.95,115,90,125,330,382.74
F,30.5,56.95,110,82.5,132.5,325,372.56
F,31.5,56.15,95,65,142.5,302.5,350.01
F,36.5,56.1,105,42.5,147.5,295,341.54
F,40,60.65,142.5,137.5,197.5,477.5,525.76
F,31.5,62.4,150,112.5,177.5,440,476
F,37.5,61.85,160,80,182.5,422.5,459.57
F,38.5,62.25,145,95,180,420,455.04
F,25.5,61.95,142.5,107.5,167.5,417.5,453.68
F,29,61.25,137.5,77.5,182.5,397.5,434.99
F,33,62.35,152.5,72.5,162.5,387.5,419.41
F,29.5,62.75,110,75,162.5,347.5,374.65
F,36,62.75,105,80,162.5,347.5,374.65
F,35,60.65,122.5,72.5,150,345,379.87
F,35.5,65.25,172.5,107.5,230,510,537.07
F,28.5,68.15,185.5,122.5,200,508,521.57
F,29.5,71.05,165,102.5,160,427.5,428.74
F,30.5,71.4,155,85,172.5,412.5,412.58
F,31,67.65,152.5,80,160,392.5,404.7
F,36.5,68.25,150,70,172.5,392.5,402.65
F,27,68.85,122.5,65,160,347.5,354.71
F,36.5,66.2,125,60,135,320,334.12
F,28.5,67,110,55,145,310,321.42
F,40.5,83,195,127.5,190,512.5,474.28
F,25.5,79.85,180,110,190,480,452.7
F,24,75.5,162.5,100,202.5,465,451.32
F,23,80.1,160,105,192.5,457.5,430.81
F,24.5,77.9,170,107.5,175,452.5,432.13
F,30.5,84,155,85,170,410,377.26
F,25,121.8,230,112.5,217.5,560,447.48
F,21.5,112.5,230.5,102.5,180,513,419.75
F,52.5,124.15,175,102.5,230,507.5,403.49
F,23.5,106.1,160,87.5,185,432.5,361.01
F,29,108.75,170,82.5,180,432.5,357.9
F,29.5,85,145,80,165,390,356.86
F,17.5,50.95,85,45,122.5,252.5,312.2
F,17.5,56.5,105,75,137.5,317.5,365.87
F,17.5,56.75,110,67.5,137.5,315,361.93
F,17.5,55.4,100,57.5,115,272.5,318.13
F,16.5,56.1,75,37.5,105,217.5,251.81
F,17.5,63,110,60,153,323,347.39
F,16.5,60.65,117.5,62.5,142.5,322.5,355.09
F,16.5,62.75,100,67.5,150,317.5,342.3
F,17.5,61,117.5,67.5,130,315,345.59
F,17.5,70.15,137.5,77.5,145,360,363.62
F,16.5,82.25,130,70,152.5,352.5,327.65
F,17.5,79.25,110,62.5,150,322.5,305.31
F,17.5,81.45,90,57.5,122.5,270,252.16
F,17.5,131.6,120,57.5,160,337.5,264.71
F,22.5,42.7,90,65,115,270,380.62
F,22.5,45.85,120,65,145,330,440.54
F,22.5,45.55,102.5,57.5,137.5,297.5,399.12
F,21.5,46.8,95,60,120,275,361.54
F,20.5,47,85,57.5,100,242.5,317.81
F,19.5,51.4,130,97.5,127.5,355,436.23
F,23,51.9,122.5,70,142.5,335,408.88
F,22,52,127.5,67.5,135,330,402.24
F,20.5,51.8,97.5,55,150,302.5,369.71
F,22,51.5,90,67.5,135,292.5,358.94
F,22,49.55,80,52.5,120,252.5,318.43
F,21.5,50.75,97.5,45,105,247.5,306.86
F,18.5,50.25,70,47.5,117.5,235,293.41
F,20.5,51.05,80,47.5,100,227.5,280.9
F,22.5,55.5,135,80,152.5,367.5,428.52
F,23,55.8,122.5,60,152.5,335,389.23
F,19.5,55.45,120,65,117.5,302.5,352.94
F,20.5,56.55,92.5,70,127.5,290,333.98
F,21.5,56.75,110,50,122.5,282.5,324.59
F,20.5,62.75,137.5,90,150,377.5,406.99
F,20.5,61.55,140,65,157.5,362.5,395.49
F,22.5,62.5,122.5,85,147.5,355,383.67
F,21,60.95,125,70,135,330,362.23
F,22,60.85,110,60,157.5,327.5,359.86
F,19.5,62.7,117.5,82.5,122.5,322.5,347.86
F,22.5,61.65,112.5,75,130,317.5,346.05
F,21.5,59.35,110,72.5,125,307.5,343.24
F,18.5,60.25,100,60,132.5,292.5,323.4
F,19.5,61.7,105,67.5,120,292.5,318.64
F,22.5,70.1,147.5,85,177.5,410,414.28
F,18.5,66.45,150,70,137.5,357.5,372.46
F,21,69.7,140,65,140,345,349.73
F,22.5,71.05,120,57.5,155,332.5,333.47
F,22.5,70.05,102.5,60,142.5,305,308.31
F,20,69.35,90,50,125,265,269.39
F,22.5,82.95,165,102.5,167.5,435,402.68
F,19.5,82.4,145,80,165,390,362.18
F,21.5,75.5,145,67.5,162.5,375,363.97
F,21.5,82,135,70,167.5,372.5,346.75
F,21.5,82,142.5,72.5,155,370,344.42
F,20.5,78.65,130,80,147.5,357.5,339.74
F,21.5,115.7,195,82.5,210,487.5,395.37
F,21.5,138.9,172.5,120,180,472.5,367
F,22.5,112.35,150,80,190,420,343.8
F,19.5,104.5,147.5,80,165,392.5,329.42
F,19.5,115.65,150,85,130,365,296.06
F,21.5,87.9,137.5,70,147.5,355,319.85
F,47,46.9,95,70,125,290,380.66
F,40,42.85,72.5,40,105,217.5,305.77
F,40.5,49.95,90,40,130,260,326.01
F,47,51.2,102.5,52.5,102.5,257.5,317.28
F,42.5,51.35,82.5,42.5,125,250,307.41
F,45.5,51.5,70,52.5,112.5,235,288.38
F,48.5,50.85,80,45,107.5,232.5,287.87
F,42.5,55.55,122.5,80,145,347.5,404.96
F,41.5,56.35,122.5,85,127.5,335,386.71
F,47.5,56.65,82.5,52.5,132.5,267.5,307.71
F,40.5,56.25,85,40,120,245,283.15
F,47,61.55,122.5,85,145,352.5,384.58
F,44.5,61.6,130,87.5,132.5,350,381.66
F,40,57.7,115,70,152.5,337.5,383.61
F,42,62,102.5,72.5,132.5,307.5,333.98
F,43.5,62.45,100,65,117.5,282.5,305.46
F,41,71.15,135,77.5,172.5,385,385.82
F,40,71.3,137.5,75,150,362.5,362.85
F,39.5,67.7,130,65,150,345,355.57
F,40.5,68.15,112.5,57.5,120,290,297.75
F,43,82.55,182.5,100,187.5,470,436.09
F,46.5,80.3,152.5,110,175,437.5,411.47
F,40.5,79.15,125,50,175,350,331.56
F,46.5,83.8,132.5,65,135,332.5,306.3
F,41.5,75.75,127.5,65,137.5,330,319.73
F,43.5,74.95,110,62.5,155,327.5,319.09
F,44,83.25,95,62.5,147.5,305,281.85
F,40.5,107.25,177.5,102.5,180,460,382.5
F,40.5,117.1,175,82.5,200,457.5,369.7
F,45,96.45,110,92.5,167.5,370,320.31
F,47.5,86,100,65,135,300,273.02
F,49.5,45.95,90,62.5,115,267.5,356.52
F,54.5,42.95,85,62.5,110,257.5,361.35
F,55.5,51.75,75,70,138,283,346.11
F,56.5,51.95,85,60,110,255,311.03
F,51.5,56.45,100,70,140,310,357.43
F,57.5,54.2,92.5,50,145,287.5,340.61
F,55.5,54.9,90,52.5,125,267.5,314.19
F,50.5,60.75,140,85,142.5,367.5,404.22
F,55.5,61.4,85,62.5,130,277.5,303.21
F,55.5,64.05,112.5,70,127.5,310,330.09
F,54,70.9,85,60,122.5,267.5,268.59
F,50,83.5,135,90,170,395,364.5
F,49.5,102.8,147.5,70,180,397.5,335.65
F,59.5,44.45,77.5,47.5,120,245,334.83
F,66,45.25,80,45,115,240,323.58
F,59.5,50.65,105,50,137.5,292.5,363.16
F,60,62.1,85,60,132.5,277.5,301.1
F,66.5,84.7,75,25,102.5,202.5,185.6
M,43,55.9,230,130,250,610,546.84
M,33,58.48,227.5,171,271,669.5,577.28
M,32.5,58.8,222.5,140,225,587.5,504.25
M,37.5,58.58,215,150,212.5,577.5,497.23
M,33,59,220,110,240,570,487.85
M,30,58.38,175,142.5,230,547.5,472.76
M,35.5,58.48,192.5,140,207.5,540,465.62
M,26.5,58.84,180,127.5,215,522.5,448.21
M,32.5,58.46,175,112.5,192.5,480,414
M,26.5,65.5,245,160,265,670,527.94
M,30.5,64.88,235,150,272.5,657.5,521.81
M,33.5,64.88,230,157.5,267.5,655,519.82
M,24.5,65.68,245.5,155,240,640.5,503.66
M,37.5,65.84,212.5,155,265,632.5,496.47
M,23,65.84,222.5,122.5,282.5,627.5,492.55
M,23.5,65.88,197.5,147.5,242.5,587.5,460.94
M,24.5,65.16,182.5,125,255,562.5,444.97
M,24.5,65.14,200,125,217.5,542.5,429.24
M,26.5,65.38,180,130,220,530,418.2
M,24.5,62.68,142.5,110,190,442.5,360.62
M,39.5,73.76,257.5,170,302.5,730,529.38
M,27.5,73.74,255,190,277.5,722.5,524.04
M,25.5,73.98,257.5,185,275,717.5,519.31
M,27.5,73.12,242.5,162.5,292.5,697.5,508.71
M,25.5,73.38,242.5,187.5,260,690,502.07
M,40.5,73.86,230,152.5,300,682.5,494.5
M,41,72.3,235,140,300,675,496
M,25.5,72.18,235,157.5,270,662.5,487.35
M,34.5,72.95,240,160,260,660,482.1
M,28,72.88,222.5,150,265,637.5,465.96
M,27.5,73.64,207.5,125,252.5,585,424.68
M,32.5,73.62,185,140,220,545,395.72
M,28.5,72.6,200,110,220,530,388.38
M,30.5,73.16,180,157.5,180,517.5,377.3
M,23,82.8,298,200,315,813,549.59
M,25,82.56,277.5,208,305,790.5,535.26
M,23.5,81.96,270,202.5,272.5,745,506.55
M,37.5,82.72,255,177.5,300,732.5,495.44
M,24.5,82.64,235,187.5,295,717.5,485.56
M,29.5,82.38,242.5,147.5,317.5,707.5,479.65
M,28,82.5,252.5,167.5,280,700,474.17
M,24.5,81.14,250,147.5,280,677.5,463.32
M,25.5,82.78,230,150,262.5,642.5,434.39
M,31.5,81.72,200,170,230,600,408.64
M,29.5,81.62,227.5,125,225,577.5,393.59
M,40.5,92.5,305,210,325,840,535.84
M,28.5,92.92,290,205,320,815,518.76
M,26.5,92.76,285,170,335,790,503.26
M,26,92.52,220,187.5,360,767.5,489.54
M,28.5,92.66,300,172.5,290,762.5,486
M,29.5,92.6,242.5,192.5,315,750,478.18
M,27.5,92.4,250,170,317.5,737.5,470.7
M,24.5,91.68,245,185,300,730,467.7
M,23.5,90.62,240,167.5,297.5,705,454.29
M,24,90.64,270,165,262.5,697.5,449.41
M,26.5,91.16,247.5,157.5,282.5,687.5,441.71
M,25.5,91.2,247.5,152.5,282.5,682.5,438.4
M,41,92.76,240,212.5,210,662.5,422.04
M,38,90.64,200,140,245,585,376.92
M,29,104.1,300,192.5,352.5,845,511.4
M,28,103.3,307.5,175,357.5,840,509.98
M,30,104.9,302.5,210,327.5,840,506.8
M,27.5,104.3,325,207.5,305,837.5,506.46
M,31.5,104.8,292.5,207.5,320,820,494.92
M,27.5,104.9,300,187.5,330,817.5,493.22
M,21.5,104.4,310,207.5,290,807.5,488.13
M,32.5,104.1,280,195,330,805,487.19
M,30.5,102.8,290,212.5,300,802.5,488.2
M,32.5,104.6,280,192.5,312.5,785,474.16
M,26.5,104.8,310,200,260,770,464.74
M,24.5,104.3,267.5,187.5,297.5,752.5,455.06
M,31.5,104.5,255,197.5,290,742.5,448.66
M,29.5,102.4,275,162.5,295,732.5,446.34
M,23.5,103.1,257.5,180,287.5,725,440.52
M,29.5,97.7,240,165,287.5,692.5,430.63
M,31.5,103.9,240,175,270,685,414.89
M,33.5,105,255,155,240,650,392.01
M,21.5,103.2,240,135,255,630,382.64
M,35.5,118.98,378,253,347.5,978.5,563.57
M,39,119.6,365,215,360,940,540.45
M,31.5,118.8,332.5,232.5,345,910,524.38
M,25.5,118.38,302.5,217.5,345,865,499.05
M,27.5,119.72,327.5,230,270,827.5,475.61
M,38.5,119.62,285,217.5,285,787.5,452.74
M,25.5,111.06,292.5,187.5,282.5,762.5,449.99
M,36.5,118.58,290,170,300,760,438.22
M,37.5,116.6,240,207.5,300,747.5,433.5
M,29,184.6,438,245,360,1043,531.58
M,35.5,180.4,426.5,260,320,1006.5,515.92
M,29.5,159.18,410,252.5,322.5,985,521.42
M,27.5,159.42,400,230,335,965,510.63
M,33,158.56,347.5,250,355,952.5,504.73
M,30.5,178.4,380,220,325,925,475.48
M,29,150.1,325,275,300,900,483.9
M,31.5,166.6,335,245,302.5,882.5,461.65
M,26.5,151.3,347.5,200,320,867.5,465.43
M,26.5,146.04,320,222.5,320,862.5,467.18
M,37.5,148.54,330,207.5,310,847.5,456.95
M,30.5,129.56,307.5,190,345,842.5,472.23
M,27.5,152.82,310,192.5,337.5,840,449.48
M,27.5,151.22,285,185,285,755,405.13
M,36.5,126.72,260,207.5,260,727.5,410.55
M,36.5,141.68,290,200,220,710,387.8
M,37,132.44,255,170,270,695,387.01
M,35.5,125.34,265,145,270,680,385.06
M,17.5,52.76,145,80,165,390,368.47
M,16.5,58.64,177.5,127.5,200,505,434.44
M,17.5,58.8,182.5,97.5,200.5,480.5,412.42
M,17.5,58.88,165,105,195,465,398.66
M,17.5,58.78,155,110,180,445,382.05
M,16.5,58.76,155,92.5,182.5,430,369.28
M,17,57.7,142.5,85,165,392.5,342.31
M,17.5,57.66,110,75,152.5,337.5,294.52
M,17.5,65.22,200,117.5,225,542.5,428.85
M,17.5,65.36,190,95,240,525,414.35
M,17.5,65.82,172.5,132.5,212.5,517.5,406.3
M,17.5,65.62,175,117.5,217.5,510,401.32
M,17.5,65.22,165,120,217.5,502.5,397.23
M,17.5,64.68,170,95,222.5,487.5,387.8
M,17.5,65.52,165,90,182.5,437.5,344.66
M,17.5,63.7,165,90,180,435,350.09
M,18,73,216,155,247.5,618.5,451.58
M,16.5,73,227.5,130,245,602.5,439.9
M,17.5,73.2,190,120,227.5,537.5,391.74
M,17.5,73.5,202.5,107.5,227.5,537.5,390.69
M,17.5,73.8,192.5,120,212.5,525,380.59
M,17.5,73.8,187.5,115,202.5,505,366.09
M,17.5,73.9,180,107.5,207.5,495,358.52
M,17.5,73,160,122.5,195,477.5,348.64
M,16.5,72.7,180,102.5,190,472.5,345.93
M,17.5,71.9,157.5,115,187.5,460,339.27
M,17.5,82.74,225,152.5,260,637.5,431.13
M,17.5,82.92,245.5,140,250,635.5,429.25
M,17.5,81.34,205,130,262.5,597.5,408.03
M,17.5,82.48,230,132.5,230,592.5,401.41
M,17.5,80.98,182.5,115,240,537.5,368
M,17.5,81.34,190,115,200,505,344.86
M,17.5,75.16,150,100,185,435,311.65
M,16.5,92.6,245,165,270,680,433.55
M,17.5,88.2,227.5,145,235,607.5,396.88
M,17.5,90.8,205,162.5,227.5,595,383.03
M,17.5,91.4,230,142.5,220,592.5,380.18
M,18,92.1,215,130,220,565,361.18
M,16.5,92.4,205,120,212.5,537.5,343.06
M,17.5,86.2,175,125,210,510,337.23
M,17.5,102.7,300,182.5,300.5,783,476.53
M,17.5,103.9,235,160,247.5,642.5,389.15
M,16.5,103.4,215,170,230,615,373.23
M,17.5,101.7,215,160,227.5,602.5,368.18
M,18,108.26,270,157.5,272.5,700,417.11
M,18,117.68,232.5,170,260,662.5,382.99
M,17.5,115.38,270,150,240,660,384.17
M,17,155.14,365.5,175,250,790.5,421.3
M,17.5,133.4,180,90,205,475,263.94
M,20,52.6,160,117.5,240.5,518,490.8
M,20.5,52.6,160,107.5,180,447.5,424
M,22.5,52.7,135,95,175,405,383.05
M,21.5,58.8,170,132.5,215,517.5,444.17
M,20.5,58.8,190,112.5,212.5,515,442.03
M,22.5,55.8,185,107.5,207.5,500,448.94
M,19.5,58.6,175,130,195,500,430.38
M,22.5,58,175,120,180,475,412.44
M,22.5,58.9,162.5,110,197.5,470,402.83
M,21,64.8,207.5,188.5,217.5,613.5,487.34
M,20.5,64.4,205,135,265,605,482.85
M,21.5,65.2,215,142.5,227.5,585,462.55
M,22.5,64.8,210,132.5,235,577.5,458.74
M,22.5,65.5,200,130,245,575,453.08
M,21.5,65.8,210,137.5,227.5,575,451.54
M,22.5,65.7,190,125,215,530,416.68
M,21.5,65.9,180,135,215,530,415.74
M,22.5,64.9,192.5,107.5,227.5,527.5,418.54
M,22.5,65.8,170,105,195,470,369.09
M,20,73.66,245,172.5,278.5,696,505.17
M,23,74,255,150,250,655,473.99
M,21.5,72.64,227.5,132.5,278,638,467.35
M,21.5,73.88,215,150,257.5,622.5,450.95
M,20.5,73.84,220,182.5,215,617.5,447.48
M,20.5,72.66,200,195,220,615,450.42
M,21,73.72,215,140,260,615,446.15
M,21.5,73.12,217.5,145,250,612.5,446.72
M,21.5,73.36,222.5,130,255,607.5,442.12
M,22.5,73.7,215,137.5,240,592.5,429.9
M,20.5,71.6,215,115,260,590,436.38
M,23,73.44,220,120,240,580,421.8
M,20.5,73.74,210,142.5,225,577.5,418.87
M,18.5,73.08,215,112.5,237.5,565,412.22
M,21.5,73,190,150,215,555,405.22
M,22,73.04,205,117.5,225,547.5,399.6
M,19.5,73.98,205,130,190,525,379.98
M,23,82.62,250,175,311,736,498.15
M,22.5,82.48,252.5,147.5,302.5,702.5,475.93
M,22.5,82.18,270,147.5,282.5,700,475.22
M,20.5,81.66,230,150,306.5,686.5,467.75
M,22.5,81.66,245,160,270,675,459.92
M,20.5,82.22,242.5,180,245,667.5,453.03
M,19.5,81.7,245,130,280,655,446.16
M,20.5,82.22,225,167.5,250,642.5,436.07
M,22.5,82.98,220,140,257.5,617.5,416.92
M,22,82,235,122.5,245,602.5,409.54
M,22.5,82.38,200,160,232.5,592.5,401.69
M,22.5,82.96,212.5,140,240,592.5,400.1
M,19.5,79.1,190,142.5,215,547.5,380.07
M,18.5,81.46,192.5,140,205,537.5,366.75
M,19.5,92,302.5,185,325,812.5,519.67
M,21.5,92.4,270,182.5,295,747.5,477.09
M,20.5,92.7,245,165,305,715,455.63
M,21.5,90.8,275,160,277.5,712.5,458.67
M,22.5,88,270,150,285,705,461.12
M,22.5,92.2,250,160,282.5,692.5,442.45
M,21,92.8,262.5,172.5,252.5,687.5,437.88
M,22.5,92.9,240,175,270,685,436.06
M,22.5,91.7,230,135,285,650,416.4
M,22.5,85.6,185,127.5,217.5,530,351.77
M,21.5,92.3,220,195,75,490,312.9
M,19.5,103.48,295,172.5,310,777.5,471.7
M,20.5,104.22,300,182.5,292.5,775,468.81
M,22.5,103.89,282.5,182.5,292.5,757.5,458.82
M,21,102.32,275,180,300,755,460.2
M,18.5,104.56,272.5,180,300,752.5,454.6
M,21.5,104.26,245,175,330.5,750.5,453.92
M,21.5,103.38,295,177.5,275,747.5,453.68
M,20.5,103.62,280,170,280,730,442.64
M,22.5,104.18,270,182.5,275,727.5,440.15
M,19.5,104.62,265,185,270,720,434.87
M,22.5,104.26,260,175,280,715,432.45
M,22.5,103.28,267.5,180,260,707.5,429.58
M,19.5,102.52,235,140,302.5,677.5,412.62
M,19.5,101.28,225,155,250,630,385.67
M,22,116.9,307.5,240,330,877.5,508.44
M,22,119.5,365.5,142.5,350,858,493.44
M,22.5,119.8,320,190,345,855,491.3
M,22.5,119.9,315,215,317.5,847.5,486.86
M,21,119.2,317.5,180,322.5,820,471.99
M,21.5,119.3,277.5,205,300,782.5,450.27
M,22.5,119.1,277.5,172.5,292.5,742.5,427.5
M,21,110.7,272.5,150,300,722.5,426.9
M,22,169.9,366,225,315,906,471.55
M,19.5,122.6,300,182.5,307.5,790,450.52
M,20.5,125.9,275,187.5,262.5,725,409.97
M,22.5,131.8,227.5,160,270,657.5,366.65
M,22.5,131.6,312.5,150,65,527.5,294.29
M,40.5,58.7,150,97.5,215,462.5,397.53
M,47.5,58.7,152.5,107.5,190,450,386.79
M,42.5,58.2,155,105,182.5,442.5,383.1
M,42,58.1,155,102.5,170,427.5,370.65
M,39.5,58.4,157.5,87.5,182.5,427.5,369.04
M,41,57.5,147.5,87.5,155,390,341.14
M,45.5,65.6,200,135,270,605,476.18
M,46.5,65.8,180,117.5,252.5,550,431.91
M,40.5,63.9,160,110,207.5,477.5,383.37
M,39.5,64.7,155,117.5,190,462.5,367.82
M,39.5,63.7,165,102.5,180,447.5,360.15
M,44.5,60.7,137.5,85,180,402.5,336.53
M,43.5,73.8,220,152.5,247.5,620,449.45
M,45.5,73.3,205,135,260,600,436.89
M,41.5,73.6,200,127.5,262.5,590,428.46
M,43.5,73.6,185,147.5,245,577.5,419.39
M,41.5,73.6,200,127.5,237.5,565,410.31
M,39.5,73.9,170,127.5,220,517.5,374.82
M,39,72.5,180,130,180,490,359.4
M,44.5,72.6,170,115,185,470,344.41
M,44,81.9,265,147.5,272.5,685,465.95
M,41.5,82.7,235,140,247.5,622.5,421.1
M,46.5,83,192.5,142.5,230,565,381.42
M,41.5,82,192.5,132.5,75,400,271.9
M,40.5,91.8,275,172.5,277.5,725,464.2
M,40,92.7,240,160,280,680,433.32
M,45.5,92.8,252.5,162.5,262.5,677.5,431.51
M,39,92.4,255,147.5,267.5,670,427.62
M,43.5,92.4,210,145,257.5,612.5,390.92
M,47.5,92,210,152.5,230,592.5,378.96
M,45.5,92.6,232.5,115,242.5,590,376.17
M,44.5,91.8,195,140,205,540,345.75
M,39.5,103.6,290,177.5,307.5,775,469.96
M,39,103.6,297.5,195,280,772.5,468.44
M,40.5,104.1,275,175,305,755,456.93
M,44.5,103.2,257.5,202.5,277.5,737.5,447.93
M,44.5,102.8,265,160,310,735,447.13
M,40.5,104.9,272.5,195,260,727.5,438.92
M,43,104.4,265,165,275,705,426.17
M,43,104.1,242.5,147.5,295,685,414.57
M,44.5,103.9,257.5,142.5,275,675,408.83
M,42.5,104.3,222.5,152.5,255,630,380.98
M,44.5,101.9,220,120,265,605,369.41
M,39,115.96,300,197.5,325,822.5,477.91
M,48,117.74,302.5,177.5,322.5,802.5,463.85
M,43.5,119.18,300,185,280,765,440.35
M,43.5,116.94,277.5,200,265,742.5,430.17
M,40.5,112.82,270,167.5,290,727.5,426.86
M,45.5,118.36,282.5,192.5,240,715,412.53
M,40.5,116.06,245,145,250,640,371.76
M,43.5,169.9,310,225,292.5,827.5,430.69
M,43.5,127.1,300,195,307.5,802.5,452.46
M,41.5,160.7,260,222.5,307.5,790,417.16
M,41.5,141.48,260,225,280,765,418
M,44.5,143.28,287.5,190,255,732.5,398.85
M,41,124.46,260,152.5,310,722.5,410.04
M,47.5,122.9,265,170,250,685,390.33
M,43.5,152.1,235,172.5,265,672.5,360.3
M,42.5,129.64,195,145,225,565,316.63
M,50,58.66,190,85,235.5,510.5,439.04
M,51.5,58.84,132.5,100,147.5,380,325.97
M,50.5,64.48,185,117.5,227.5,530,422.6
M,53,64.88,152.5,110,200,462.5,367.05
M,55,61.9,145,82.5,190,417.5,343.63
M,56.5,63.76,145,120,150,415,333.75
M,49.5,70.96,205,122.5,230,557.5,414.86
M,51.5,73.84,206,120,217.5,543.5,393.86
M,55.5,72.84,182.5,127.5,227.5,537.5,393.01
M,53.5,73.6,165,132.5,225,522.5,379.45
M,51.5,72.04,150,153,195,498,366.82
M,57.5,73.3,185,102.5,205,492.5,358.62
M,51.5,71.14,130,100,160,390,289.72
M,55,81.64,237.5,147.5,290,675,459.98
M,52.5,82.58,225,147.5,262.5,635,429.91
M,51.5,82.2,200,127.5,247.5,575,390.31
M,53.5,80.98,175,120,230,525,359.44
M,53.5,82.3,192.5,132.5,190,515,349.34
M,53.5,81.36,200,105,205,510,348.23
M,52.5,82.28,190,92.5,210,492.5,334.12
M,56,91.6,310,200,280,790,506.36
M,52,91.7,237.5,150,280,667.5,427.61
M,52,92,255,145,265,665,425.33
M,52.5,92.3,220,165,245,630,402.3
M,49.5,90.9,232.5,145,220,597.5,384.43
M,49.5,101.8,285,223,272.5,780.5,476.76
M,49,100.3,210,180,252.5,642.5,394.96
M,49.5,102.7,250,152.5,227.5,630,383.41
M,53.5,102.5,210,160,240,610,371.54
M,49.5,104.1,200,165,245,610,369.18
M,54.5,98.1,217.5,140,250,607.5,377.09
M,51,115.4,337.5,192.5,335,865,503.46
M,57.5,118.8,235,165,292.5,692.5,399.05
M,58.5,117.4,217.5,157.5,305,680,393.43
M,50.5,116.4,245,167.5,250,662.5,384.44
M,49.5,118.2,180,195,230,605,349.23
M,52.5,118.6,175,150,205,530,305.58
M,50.5,121.2,270,177.5,275,722.5,413.57
M,49.5,161.2,260,207.5,232.5,700,369.33
M,50.5,130.4,270,197.5,220,687.5,384.6
M,53.5,128.3,242.5,140,242.5,625,351.37
M,59.5,58.12,135,75,180,390,338.04
M,66,65.4,175,122.5,197.5,495,390.49
M,63,63.92,120,110,175,405,325.09
M,59.5,64.56,150,62.5,172.5,385,306.69
M,59.5,73,187.5,130,220.5,538,392.81
M,62,69.92,170,90,180,440,330.77
M,61.5,73.08,145,85,180,410,299.14
M,59.5,82.2,195.5,125,237.5,558,378.77
M,64.5,82.46,172.5,117.5,242.5,532.5,360.81
M,59.5,81.2,130,110,200,440,300.77
M,59.5,90.62,190,145,235,570,367.3
M,65,91.18,215,117.5,235,567.5,364.57
M,68.5,94.5,197.5,112.5,232.5,542.5,342.55
M,63,103.84,215,112.5,215,542.5,328.66
M,60.5,103.2,185,142.5,205,532.5,323.42
M,61,101.9,195,110,225,530,323.61
M,64.5,110.34,220,130,277.5,627.5,371.22
M,59.5,118.04,215,180,225,620,358.05
M,61,122.56,217.5,147.5,247.5,612.5,349.33
M,70,70.7,182.5,90,190,462.5,345.03
M,69.5,101.98,140,105,177.5,422.5,257.89
M,69.5,94.34,145,92.5,162.5,400,252.77
M,69.5,110.4,155,105,230,490,289.82
M,69.5,127.92,150,196.5,195,541.5,304.7
F,32.5,46.16,132.5,77.5,152.5,362.5,481.49
F,25,46.56,122.5,62.5,165,350,461.91
F,33.5,46.95,110,93,140,343,449.88
F,35,47,117.5,67.5,155,340,445.59
F,36,46.6,115,72.5,145,332.5,438.53
F,40,46.66,120,65,142.5,327.5,431.52
F,23.5,46.84,120,70,132.5,322.5,423.72
F,34.5,46.72,120,65,130,315,414.66
F,38.5,45.84,102.5,62.5,125,290,387.2
F,36.5,45.26,95,62.5,117.5,275,370.71
F,37.5,46.24,85,52.5,132.5,270,358.16
F,25.5,51.74,150,92.5,175,417.5,510.67
F,45.5,51.5,140,100,172.5,412.5,506.2
F,41,51.68,147.5,82.5,175,405,495.78
F,23.5,50.52,137.5,75,185,397.5,494.43
F,39,51,132.5,90,172.5,395,488.05
F,31.5,51.22,125,70,152.5,347.5,428.06
F,44.5,51.92,120,82.5,142.5,345,420.97
F,29,51.58,112.5,65,162.5,340,416.78
F,31.5,51.9,97.5,62.5,132.5,292.5,357.01
F,26,49.7,90,50,145,285,358.64
F,40,56.3,174,85,185,444,512.83
F,29.5,57,147.5,105,187.5,440,504.11
F,34.5,56.5,147.5,102.5,177.5,427.5,492.62
F,24.5,56.2,155,85,180,420,485.68
F,35.5,55.3,150,85,175,410,479.23
F,24.5,56.3,152.5,70,177.5,400,462.01
F,36.5,57,140,82.5,160,382.5,438.23
F,37.5,56.5,142.5,75,160,377.5,435.01
F,24.5,55.7,137.5,85,142.5,365,424.59
F,42,60.58,145,141.5,190,476.5,525.04
F,25.5,62.08,160,90,205,455,493.79
F,33.5,62.54,157.5,110,182.5,450,486.15
F,36.5,62.24,178,97.5,172.5,448,485.42
F,27.5,62.84,150,115,172.5,437.5,471.27
F,24.5,60.64,152.5,87.5,187.5,427.5,470.75
F,35,62.52,160,75,190,425,459.23
F,33,62.4,150,87.5,170,407.5,440.84
F,26.5,62.26,132.5,90,177.5,400,433.33
F,25.5,62.1,140,75,177.5,392.5,425.87
F,33,62.72,145,77.5,165,387.5,417.9
F,23,62.44,152.5,62.5,170,385,416.34
F,32.5,62.54,137.5,62.5,167.5,367.5,397.02
F,30,62.7,142.5,80,145,367.5,396.4
F,37.5,61.2,122.5,77.5,160,360,394.16
F,26.5,61.92,115,67.5,152.5,335,364.14
F,37.5,69,177.5,110,235,522.5,532.68
F,26.5,71.2,188,97.5,200,485.5,486.34
F,27.5,71.7,180,117.5,172.5,470,469
F,24,71.1,145,115,160,420,421.06
F,37,71.6,145,85,175,405,404.45
F,26.5,70.8,162.5,75,162.5,400,401.95
F,33.5,71,150,77.5,172.5,400,401.32
F,32.5,70.3,152.5,70,175,397.5,401.01
F,27,69.7,162.5,82.5,150,395,400.41
F,28,71.7,150,70,165,385,384.18
F,38.5,64.9,132.5,67.5,145,345,364.47
F,20.5,70.1,125,70,145,340,343.55
F,18.5,70.1,110,55,117.5,282.5,285.45
F,30.5,74.1,197.5,125,205,527.5,517.08
F,42.5,83.66,200,135,192.5,527.5,486.32
F,27.5,82.34,190,115,182.5,487.5,452.89
F,24.5,76.66,190,92.5,200,482.5,464.59
F,45,83.34,182.5,110,187.5,480,443.34
F,23.5,81.98,155,112.5,192.5,460,428.25
F,42.5,81.06,150,102.5,205,457.5,428.28
F,26.5,83.6,170,102.5,155,427.5,394.26
F,26.5,83.24,165,72.5,185,422.5,390.45
F,32.5,82.38,160,70,155,385,357.58
F,27,134.3,262.5,151,232.5,646,504.64
F,23.5,129.84,232.5,112.5,210,555,436.56
F,23.5,119.7,235,112.5,205,552.5,443.62
F,35.5,113.84,220,130,200,550,448.32
F,33.5,131.78,232.5,102.5,205,540,423.42
F,23.5,115.66,215,85,225,525,425.83
F,27.5,114.98,200,117.5,190,507.5,412.39
F,27.5,116.12,202.5,110,185,497.5,403.04
F,31,105.8,197.5,90,202.5,490,409.42
F,29.5,98.74,135,92.5,152.5,380,325.89
F,31.5,112.6,147.5,80,142.5,370,302.65
F,26,85.78,135,75,155,365,332.56
F,16.5,42.26,85,57.5,107.5,250,355.29
F,17.5,41.74,85,40,110.5,235.5,337.97
F,16,41.48,90,45,100,235,338.92
F,17.5,46.7,107.5,60,122.5,290,381.87
F,18,46.62,92.5,57.5,115,265,349.39
F,17.5,51.64,115,80.5,140,335.5,410.93
F,17.5,51.82,120,81.5,132.5,334,408.1
F,16.5,51.32,125,55,130,310,381.35
F,16.5,51.98,105,62.5,130,297.5,362.72
F,17,51.52,97.5,67.5,112.5,277.5,340.44
F,16,55.32,138,77.5,132.5,348,406.66
F,16.5,56.68,115,85,130,330,379.48
F,17.5,56.96,95,52.5,112.5,260,298.02
F,17.5,54.6,77.5,45,97.5,220,259.35
F,16.5,61.8,135,82.5,145,362.5,394.5
F,17,61.4,125,75,157.5,357.5,390.63
F,17.5,62.5,130,88,137.5,355.5,384.21
F,17.5,62.7,102.5,57.5,132.5,292.5,315.51
F,17.5,71.7,135,112,170,417,416.12
F,17.5,71.7,137.5,92.5,172.5,402.5,401.65
F,18,70.9,168,70,145,383,384.56
F,16,67.7,132.5,82.5,165,380,391.64
F,18,70.7,130,72.5,142.5,345,346.95
F,17.5,68.7,105,47.5,120,272.5,278.5
F,16.5,82.9,166,102.5,185,453.5,419.93
F,17.5,78.9,147.5,70,175,392.5,372.41
F,16.5,156.4,262.5,115,238,615.5,474.4
F,18.5,42.78,85,70,122.5,277.5,390.62
F,19.5,42.66,77.5,50,107.5,235,331.52
F,20.5,42.92,80,55,90,225,315.91
F,21.5,46.3,120,67.5,127.5,315,417.45
F,20.5,46.9,95,60,135,290,380.66
F,21.5,46.5,102.5,52.5,112.5,267.5,353.37
F,22.5,45.9,85,47.5,125,257.5,343.47
F,21.5,46.1,87.5,42.5,117.5,247.5,329.06
F,21.5,50.9,122.5,82.5,152.5,357.5,442.33
F,21.5,51.7,135,102.5,120,357.5,437.52
F,22.5,51.4,122.5,72.5,150,345,423.94
F,21,51.9,122.5,55,165.5,343,418.64
F,21.5,51.4,127.5,72.5,127.5,327.5,402.44
F,22.5,50.7,122.5,62.5,140,325,403.23
F,22.5,50.3,110,70,140,320,399.26
F,21.5,50.6,115,62.5,135,312.5,388.26
F,22.5,54.06,127.5,75,157.5,360,427.26
F,22.5,56.84,130,77.5,152.5,360,413.21
F,22.5,54.24,120,75,152.5,347.5,411.49
F,21.5,55.64,127.5,67.5,147.5,342.5,398.7
F,21.5,55.72,127.5,62.5,147.5,337.5,392.51
F,21.5,56.64,125,65,145,335,385.41
F,21,56.44,127.5,65,135,327.5,377.65
F,20.5,56.5,117.5,75,135,327.5,377.39
F,21.5,56.78,105,60,145,310,356.07
F,19.5,56.46,110,57.5,130,297.5,342.98
F,18.5,56.08,100,52.5,140,292.5,338.72
F,22.5,61.94,147.5,97.5,165,410,445.57
F,21.5,61.56,147.5,80,170,397.5,433.63
F,22.5,62.88,147.5,105,145,397.5,428.01
F,22.5,62.56,160,75,160,395,426.65
F,21.5,62.5,140,92.5,140,372.5,402.58
F,22.5,62.34,120,70,150,340,368.04
F,20.5,62.36,117.5,72.5,132.5,322.5,349.03
F,21,59.16,95,55,130,280,313.18
F,21,71.46,162.5,80,202,444.5,444.38
F,19,71.5,160,75,182.5,417.5,417.26
F,21.5,68,142.5,87.5,175,405,416.35
F,20,67.72,155,77.5,170,402.5,414.76
F,22.5,70.5,145,85,165,395,397.86
F,22.5,70.96,142.5,75,160,377.5,378.86
F,22.5,70.06,137.5,62.5,172.5,372.5,376.51
F,22.5,70.78,137.5,65,165,367.5,369.35
F,18.5,68.72,130,85,150,365,372.98
F,23,69.92,135,75,150,360,364.29
F,20.5,83.4,197.5,110,212.5,520,480.12
F,21.5,81.7,170,85,175,430,400.99
F,20,82.9,147.5,80,165,392.5,363.44
F,21.5,73.1,135,80,127.5,342.5,338.19
F,20,72.9,117.5,70,150,337.5,333.75
F,22.5,72.4,120,65,145,330,327.56
F,20,96.1,217.5,100,207.5,525,455.17
F,22,99.8,180,97.5,200,477.5,407.79
F,21.5,102.4,187.5,117.5,172.5,477.5,403.79
F,21.5,108.2,172.5,72.5,187.5,432.5,358.53
F,22.5,132,170,60,190,420,329.21
F,21.5,122.4,155,112.5,142.5,410,327.19
F,39.5,45.66,122.5,60,137.5,320,428.52
F,49,47,92.5,67.5,110,270,353.85
F,47,50.8,153,77.5,150,380.5,471.44
F,39,51.54,125,62.5,127.5,315,386.34
F,39.5,51.36,117.5,60,120,297.5,365.77
F,39.5,51.16,97.5,67.5,110,275,339.03
F,42.5,56.66,125,80,150,355,408.32
F,43.5,56.22,142.5,67.5,142.5,352.5,407.53
F,45.5,55.72,120,62.5,165,347.5,404.14
F,41.5,56.56,117.5,67.5,162.5,347.5,400.16
F,41.5,53.96,125,65,145,335,398.09
F,42.5,56.02,112.5,62.5,152.5,327.5,379.52
F,40.5,54.84,110,55,150,315,370.25
F,44.5,56.66,115,60,140,315,362.31
F,42.5,56,115,60,132.5,307.5,356.43
F,46.5,55.2,102.5,70,127.5,300,351.08
F,46.5,56.48,90,67.5,120,277.5,319.85
F,39.5,54.82,77.5,47.5,120,245,288.05
F,48.5,61.62,135,85,145,365,397.94
F,39.5,62.36,137.5,75,145,357.5,386.9
F,49,62.36,125,77.5,140,342.5,370.67
F,46.5,62.76,127.5,85,130,342.5,369.22
F,42.5,61.92,120,70,137.5,327.5,355.98
F,44.5,59.66,100,70,140,310,344.89
F,40.5,62.22,112.5,60,137.5,310,335.96
F,47,61.58,100,60,120,280,305.39
F,43,70.04,175,107.5,205,487.5,492.83
F,41.5,70.74,145,75,170,390,392.08
F,41,70.38,150,82.5,155,387.5,390.68
F,42,70.12,130,85,155,370,373.81
F,39.5,71.36,140,92.5,137.5,370,370.18
F,43.5,69.12,117.5,70,160,347.5,353.92
F,39.5,71.26,120,65,160,345,345.44
F,46.5,71.78,110,62.5,150,322.5,321.62
F,48.5,68.5,115,55,140,310,317.35
F,48.5,64.42,95,57.5,95,247.5,262.63
F,40.5,76.38,142.5,82.5,180,405,390.71
F,44.5,78.64,145,77.5,155,377.5,358.77
F,42.5,83.54,130,85,150,365,336.74
F,45.5,80.26,127.5,70,147.5,345,324.55
F,39.5,78.38,132.5,60,142.5,335,318.92
F,43.5,82.32,110,72.5,140,322.5,299.64
F,42.5,108.02,185,97.5,200,482.5,400.21
F,48.5,92.84,192.5,100,187.5,480,422.2
F,40.5,92.48,160,85,210,455,400.88
F,40.5,94.76,172.5,87.5,182.5,442.5,385.88
F,48.5,104.22,165,105,150,420,352.85
F,39.5,123.28,160,95,155,410,326.57
F,43.5,102.32,160,85,150,395,334.13
F,42.5,104.5,150,90,142.5,382.5,321.03
F,44,94.44,137.5,75,145,357.5,312.19
F,48,94.82,110,72.5,127.5,310,270.26
F,51.5,46.4,100,60,120,280,370.47
F,54.5,46.94,105,50,110,265,347.63
F,49.5,46.24,97.5,40,105,242.5,321.68
F,52.5,51.1,105,60,127.5,292.5,360.91
F,49,51.8,100,50,95,245,299.43
F,49.5,51.7,67.5,37.5,120,225,275.36
F,51.5,55.54,123,72.5,140,335.5,391.02
F,54.5,56.36,100,65,147.5,312.5,360.69
F,53,56.44,100,52.5,142.5,295,340.18
F,53.5,56.48,92.5,70,132.5,295,340.02
F,49.5,61.88,105,65,165.5,335.5,364.82
F,51.5,62.82,110,67.5,155,332.5,358.23
F,50,62.36,105,62.5,150,317.5,343.61
F,56,62.56,105,72.5,140,317.5,342.94
F,57.5,61.14,100,62.5,125,287.5,314.97
F,56,68,137.5,77.5,185,400,411.21
F,52,71.4,122.5,72.5,147.5,342.5,342.56
F,53,71.9,107.5,65,130,302.5,301.4
F,50.5,70.7,107.5,55,127.5,290,291.64
F,52.5,70.7,115,50,125,290,291.64
F,49,70.1,85,50,137.5,272.5,275.35
F,50.5,78,147.5,97.5,165,410,391.28
F,52,83.4,135,87.5,171,393.5,363.32
F,49.5,83.7,120,82.5,173,375.5,346.11
F,50.5,76.2,132.5,75,160,367.5,354.97
F,51.5,80.1,115,82.5,160,357.5,336.65
F,50,82.1,130,75,142.5,347.5,323.29
F,54.5,81.4,102.5,52.5,145,300,280.26
F,51.5,76.8,102.5,60,117.5,280,269.35
F,52.5,108.1,152.5,82.5,187.5,422.5,350.35
F,52.5,157.9,152.5,80,160,392.5,302.52
F,50,95.1,135,80,167.5,382.5,333.06
F,52.5,90,107.5,65,120,292.5,260.77
F,66.5,46.64,80,52.5,120,252.5,332.81
F,60.5,51,65,37.5,110,212.5,262.56
F,59.5,56.54,115,60,147.5,322.5,371.46
F,59.5,54.52,110,55,150.5,315.5,372.3
F,63.5,56.4,82.5,42.5,115,240,276.88
F,59.5,60.12,87.5,57.5,130,275,304.47
F,67,62.42,95,57.5,115,267.5,289.33
F,60.5,61.32,80,45,117.5,242.5,265.18
F,65.5,60.56,77.5,45,112.5,235,258.99
F,62.5,61.8,70,35,100,205,223.1
F,61.5,69.9,115.5,52.5,142.5,310.5,314.25
F,61.5,66.6,85,47.5,125,257.5,267.92
F,61.5,70,87.5,40,102.5,230,232.59
F,60.5,66.8,70,35,115,220,228.5
F,60.5,82.5,105,57.5,132.5,295,273.8
F,62.5,79.8,110,60,122.5,292.5,275.95
F,61.5,91.5,115,57.5,145,317.5,281.02
F,62.5,97.1,97.5,55,145,297.5,256.85
F,61.5,100.5,80,62.5,142.5,285,242.73
M,23.5,58.5,165,107.5,200,472.5,407.3
M,22.5,58.85,160,90,197.5,447.5,383.82
M,23.5,58.6,167.5,97.5,180,445,383.04
M,23.5,64.8,175,130,252.5,557.5,442.86
M,20,63.85,140,90,145,375,301.26
M,20,73.95,217.5,152.5,230,600,434.38
M,21.5,73.7,212.5,135,245,592.5,429.9
M,22.5,73.15,205,130,252.5,587.5,428.37
M,25,72.8,195,130,220,545,398.64
M,23,82.4,255,170,275,700,474.5
M,22.5,82.9,215,185,265,665,449.24
M,20,82,220,165,277.5,662.5,450.33
M,23.5,82.5,212.5,110,245,567.5,384.42
M,21,81.8,212.5,125,225,562.5,382.89
M,22.5,92.1,267.5,165,287.5,720,460.26
M,21,92.2,235,162.5,295,692.5,442.45
M,23.5,92.2,250,142.5,270,662.5,423.28
M,23.5,90.25,240,152.5,260,652.5,421.32
M,24.5,92.25,220,147.5,237.5,605,386.44
M,22.5,104.5,267.5,182.5,280,730,441.11
M,20.5,102.9,247.5,167.5,270,685,416.55
M,22.5,93.55,250,140,265,655,415.57
M,24.5,95.3,235,177.5,242.5,655,411.96
M,19.5,104.14,210,152.5,230,592.5,358.53
M,23.5,97.35,200,152.5,212.5,565,351.91
M,24.5,114.5,260,175,315,750,437.74
M,21.5,117.35,275,152.5,317.5,745,431.1
M,23.5,113.45,277.5,165,285,727.5,426
M,21,117.3,277.5,155,292.5,725,419.59
M,20.5,114.15,242.5,147.5,270,660,385.63
M,23,114.6,120,165,125,410,239.22
M,20.5,131.35,292.5,185,280,757.5,422.84
F,24.5,51.35,117.5,80,115,312.5,384.26
F,22.5,51.25,92.5,65,85,242.5,298.6
F,23.5,56.85,132.5,82.5,152.5,367.5,421.77
F,21.5,56.5,130,60,152.5,342.5,394.68
F,24.5,56.4,115,75,150,340,392.25
F,22,56.1,117.5,70,147.5,335,387.85
F,21.5,56.55,107.5,60,147.5,315,362.78
F,24.5,55.4,82.5,50,130,262.5,306.45
F,20,61.85,175,95,197.5,467.5,508.51
F,19.5,61.05,135,87.5,175,397.5,435.88
F,21.5,61.65,140,72.5,160,372.5,405.99
F,21.5,61.45,140,75,150,365,398.62
F,23.5,61.15,120,65,170,355,388.88
F,25,62.55,122.5,72.5,145,340,367.28
F,23.5,76.1,120,87.5,102.5,310,299.63
F,23.5,90.5,142.5,82.5,150,375,333.51
F,20.5,67.1,140,75,162.5,377.5,391.07
F,21.5,68.05,137.5,70,165,372.5,382.78
F,20.5,67.2,142.5,62.5,150,355,367.45
F,23,66.7,120,70,152.5,342.5,356.05
F,23.5,71.9,165,85,185,435,433.42
F,21.5,70.45,110,70,150,330,332.52
F,24.5,68.9,147.5,80,172.5,400,408.13
F,25,51.95,142.5,92.5,165,400,487.89
F,24.5,46.85,115,65,145,325,426.94
F,24.5,68.2,177.5,92.5,182.5,452.5,464.4
F,24.5,68.1,165,85,190,440,451.95
F,24.5,46.15,97.5,57.5,132.5,287.5,381.93
F,24,46.45,110,57.5,145,312.5,413.14
F,24,67.9,160,100,175,435,447.57
F,23.5,62.35,137.5,40,120,297.5,322
F,23.5,51.15,132.5,62.5,142.5,337.5,416.14
F,23.5,75.25,189,125.5,205,519.5,505.09
F,23.5,76.45,185.5,98.5,177.5,461.5,445
F,23.5,83.6,167.5,101,190,458.5,422.85
F,23.5,71.9,185,115,219.5,519.5,517.61
F,23.5,46.7,100,57.5,148.5,306,402.94
F,23,75.25,162.5,92.5,175,430,418.08
F,23.5,51.85,100,62.5,140,302.5,369.46
F,22.5,67.95,142.5,62.5,162.5,367.5,377.96
F,22.5,59.5,157.5,80,187.5,425,473.63
F,22.5,61.95,117.5,50,162.5,330,358.59
F,23,61.55,152.5,75,162.5,390,425.49
F,23,62.05,140,82.5,182.5,405,439.66
F,23,62.55,90,55,132.5,277.5,299.76
F,23,60.65,117.5,62.5,160,340,374.36
F,23,68.85,167.5,85,185,437.5,446.58
F,23,55.45,100,62.5,132.5,295,344.19
F,23,82,142.5,67.5,155,365,339.77
F,22,56.65,140,77.5,170,387.5,445.75
F,21.5,62.2,150,77.5,165,392.5,425.45
F,22,113.25,213,95,197.5,505.5,412.73
F,22,73.6,115,55,130,300,295.14
F,21.5,46.45,62.5,60,112.5,235,310.68
F,21,56.45,125,75,162.5,362.5,417.97
F,21.5,81.75,135,70,172.5,377.5,351.93
F,21.5,72.7,160,75,170,405,401.1
F,21.5,98.05,160,80,167.5,407.5,350.45
F,21,51.6,125,82.5,145,352.5,431.98
F,21.5,46.15,77.5,40,107.5,225,298.9
F,21.5,71.2,145,72.5,167.5,385,385.67
F,21,56.6,110,65,132.5,307.5,353.93
F,21,56.2,100,62.5,90,252.5,291.99
F,21,82.25,147.5,75,180,402.5,374.12
F,20.5,95.8,182.5,95,200,477.5,414.52
F,21,84.9,110,45,120,275,251.77
F,20.5,56.65,152.5,75,152.5,380,437.13
F,20.5,56.55,160,82.5,165,407.5,469.3
F,20.5,45.8,90,42.5,97.5,230,307.29
F,20.5,68.95,110,60,147.5,317.5,323.82
F,20.5,75.65,172.5,90,187.5,450,436.3
F,19.5,71.95,100,55,145,300,298.79
F,19.5,56.5,130,67.5,150,347.5,400.44
F,19.5,68.7,150,82.5,160,392.5,401.14
F,18.5,51.35,110,60,145,315,387.34
F,19,62.3,147.5,92.5,175,415,449.4
F,18.5,73.95,157.5,77.5,150,385,377.8
F,19,68.4,127.5,67.5,145,340,348.35
M,24.5,87.8,230,160,280,670,438.75
M,25,123.55,275,185,317.5,777.5,442.29
M,24.5,81.5,235,132.5,275,642.5,438.27
M,24.5,87.1,220,112.5,240,572.5,376.48
M,25,72.3,217.5,132.5,255,605,444.56
M,24.5,73.05,260,157.5,292.5,710,518.16
M,25,82.8,240,142.5,260,642.5,434.33
M,25,92.5,237.5,140,290,667.5,425.8
M,24.5,114.15,300,200,335,835,487.88
M,24.5,119,265,167.5,285,717.5,413.22
M,24.5,81.8,245,170,302.5,717.5,488.39
M,25,72.95,220,142.5,245,607.5,443.75
M,24,65.55,228,122.5,262.5,613,482.75
M,25,92.7,270,190,300,760,484.3
M,24.5,91.8,200,130,220,550,352.15
M,23.5,65.35,197.5,127.5,271.5,596.5,470.83
M,23.5,70.5,175,100,192.5,467.5,349.44
M,23.5,103.8,308.5,182.5,361.5,852.5,516.55
M,24,73.4,240,132.5,260,632.5,460.15
M,23.5,72.6,192.5,115,215,522.5,382.88
M,23.5,103.85,215,152.5,247.5,615,372.57
M,23.5,81.9,232.5,175,257.5,665,452.34
M,23.5,115.85,265,157.5,257.5,680,395.24
M,23.5,82.7,222.5,170,295,687.5,465.07
M,23,103.6,235,172.5,270,677.5,410.84
M,23,73.85,240,171,235,646,468.1
M,23.5,91.7,260,152.5,302.5,715,458.04
M,24,82,242.5,157.5,317.5,717.5,487.71
M,23.5,73.45,312.5,145,340.5,798,580.29
M,23,104.5,287.5,172.5,295,755,456.22
M,23,159.2,315.5,172.5,330.5,818.5,433.27
M,24,104.7,272.5,187.5,335,795,480.02
M,23,92.55,275,155,270,700,446.42
M,22.5,103.2,260,167.5,310,737.5,447.93
M,22.5,120.15,255,155,300,710,407.59
M,22.5,102.85,230,130,225,585,355.81
M,23,91.9,237.5,145,270,652.5,417.56
M,22.5,59,170,115,235.5,520.5,445.48
M,22.5,81.6,230,137.5,215,582.5,397.06
M,22.5,92.25,250,140,280,670,427.96
M,22.5,73.95,197.5,127.5,215,540,390.94
M,23,92.7,257.5,187.5,282.5,727.5,463.59
M,22.5,90.5,237.5,150,257.5,645,415.9
M,22.5,65.9,202.5,100,195,497.5,390.24
M,22,65,228.5,132.5,245,606,480.27
M,23,103.25,230,142.5,260,632.5,384.08
M,22.5,106.6,270,175,315,760,455.6
M,22,73.4,217.5,145,235,597.5,434.69
M,21.5,81.3,195,125,230,550,375.7
M,21.5,112.55,250,182.5,237.5,670,393.47
M,22,73.9,212.5,137.5,245,595,430.95
M,21.5,73.45,220,142.5,247.5,610,443.58
M,22,91.95,200,130,230,560,358.27
M,21.5,80.8,190,142.5,252.5,585,401.04
M,21.5,117.9,302.5,172.5,324,799,461.61
M,22,69.6,182.5,127.5,242.5,552.5,416.67
M,21.5,72.6,227.5,171.5,220,619,453.6
M,21,103.85,297.5,162.5,335,795,481.61
M,21,82.2,235,147.5,250,632.5,429.34
M,21.5,91.85,280,190,245,715,457.67
M,22,104.65,255,160,285,700,422.74
M,21,81.9,222.5,132.5,255,610,414.93
M,21.5,59,110,72.5,175,357.5,305.97
M,22,65.15,217.5,140,247.5,605,478.64
M,21,102.5,242.5,135,247.5,625,380.68
M,21.5,73.7,225,135,270,630,457.11
M,21,92.1,230,140,277.5,647.5,413.92
M,20.5,81.4,195,140,232.5,567.5,387.38
M,20.5,91.65,285,147.5,275,707.5,453.36
M,20.5,103.95,230,160,247.5,637.5,386.05
M,20.5,66,212.5,130,237.5,580,454.45
M,21,90.65,237.5,155,250,642.5,413.95
M,21,82.4,230,157.5,265,652.5,442.3
M,20.5,65.75,205,135,273.5,613.5,482.05
M,20.5,113.95,290,195,305,790,461.87
M,20.5,91.65,255,147.5,262.5,665,426.12
M,21,83,240,180,297.5,717.5,484.38
M,21,66,200,151.5,212.5,564,441.91
M,20,92.6,291,152.5,292.5,736,469.26
M,20.5,82.4,260,172.5,300,732.5,496.53
M,19.5,81.2,242.5,165,272.5,680,464.83
M,19.5,82.2,275,140,300,715,485.34
M,20,65.25,210,127.5,255,592.5,468.21
M,20,65.5,225,130,245,600,472.78
M,20,82.5,215,170,265,650,440.31
M,20,81.6,237.5,140,250,627.5,427.73
M,20,103.2,318,187.5,275,780.5,474.05
M,20,82,250,157.5,275,682.5,463.92
M,19,128.65,217.5,140,220,577.5,324.39
M,19,82,235,135,285,655,445.23
M,19.5,82.5,260,165,252.5,677.5,458.93
M,19,91.7,252.5,160,320,732.5,469.25
M,18.5,101.4,303.5,195,295,793.5,485.51
M,19,72.95,240,147.5,307.5,695,507.67
M,18.5,65.3,137.5,107.5,185,430,339.6
M,19,92.7,267.5,182.5,282.5,732.5,466.78
M,18,65.55,150,150,192.5,492.5,387.86
M,16.5,88.25,210,120,267.5,597.5,390.24
M,16.5,52.7,155,107.5,172.5,435,411.42
M,16.5,52.78,135,67.5,185,387.5,365.98
M,17.5,58.85,187.5,117.5,200,505,433.14
M,16.5,58.32,160,102.5,207.5,470,406.2
M,18,57.59,155,92.5,195,442.5,386.55
M,17.5,58.97,167.5,95,175,437.5,374.6
M,16.5,65.9,200,127.5,202.5,530,415.74
M,16.5,64.17,162.5,102.5,220,485,388.14
M,17.5,65.77,177.5,105,185,467.5,367.25
M,18,73.42,220,170,255,645,469.16
M,17.5,70.26,230,130,260,620,464.52
M,17.5,72.95,207.5,135,255,597.5,436.45
M,17.5,72.1,195,147.5,230,572.5,421.46
M,17.5,72.73,187.5,120,220,527.5,386.09
M,18,73.38,157.5,115,210,482.5,351.08
M,16.5,72.44,162.5,80,170,412.5,302.72
M,17.5,80.89,215,147.5,270,632.5,433.32
M,17.5,82.47,215,135,275,625,423.46
M,17,82.28,205,162.5,255,622.5,422.32
M,17.5,82.64,230,145,240,615,416.2
M,17.5,81.61,197.5,142.5,262.5,602.5,410.66
M,17.5,82.09,207.5,135,260,602.5,409.29
M,18,81.38,200,127.5,240,567.5,387.44
M,17.5,82.19,200,127.5,230,557.5,378.45
M,18,89.57,257.5,180,310,747.5,484.5
M,17,92.82,267.5,185,285,737.5,469.67
M,17,93,250,187,265,702,446.65
M,17.5,91.79,222.5,150,267.5,640,409.8
M,17.5,92.58,225,142.5,257.5,625,398.53
M,18,91.73,220,150,230,600,384.31
M,17.5,103.94,250,172.5,267.5,690,417.85
M,17.5,104.3,210,180,242.5,632.5,382.49
M,17.5,97.05,207.5,165,220,592.5,369.56
M,16.5,102.7,210,107.5,232.5,550,334.73
M,17.5,95.85,210,117.5,215,542.5,340.3
M,17.5,118.99,300.5,152.5,300,753,433.68
M,16.5,113.12,200,207.5,290,697.5,408.87
M,17.5,110.26,210,137.5,270,617.5,365.4
M,17.5,162.06,295,170,280,745,392.53
M,17.5,120.69,285,170,280,735,421.31
M,16,153.93,305,175,242.5,722.5,385.86
M,17.5,137.67,265,132.5,275,672.5,370.3
M,17.5,152.6,265,150,250,665,355.97
M,17.5,171.34,227.5,122.5,247.5,597.5,310.31
M,18.5,52.84,137.5,95,160,392.5,370.31
M,21.5,51.85,122.5,80,152.5,355,340.95
M,22.5,58.84,200,151.5,220,571.5,490.24
M,20.5,58.68,190,135,220,545,468.58
M,21,58.3,182.5,122.5,215,520,449.54
M,22.5,58.86,180,112.5,200,492.5,422.35
M,20,58.96,182.5,110,170,462.5,396.06
M,22,58.5,152.5,85,212.5,450,387.9
M,20.5,65.22,235,140,242.5,617.5,488.14
M,21.5,65.44,217.5,157.5,210,585,461.28
M,21.5,64,195,122.5,260,577.5,463.1
M,22.5,64.58,192.5,130,255,577.5,459.93
M,23,64.08,210,127.5,230,567.5,454.65
M,21.5,64.4,195,135,222.5,552.5,440.95
M,22.5,65.5,207.5,110,235,552.5,435.36
M,21,65.46,192.5,130,227.5,550,433.58
M,22,65.52,180,137.5,215,532.5,419.5
M,22.5,73.66,250,170,295,715,518.97
M,22.5,73.48,252.5,152.5,300,705,512.53
M,20,73.16,242.5,162.5,297.5,702.5,512.17
M,22.5,73.78,250,185,222.5,657.5,476.72
M,20,73.22,247.5,162.5,245,655,477.29
M,20,73.5,215,137.5,280,632.5,459.74
M,20,73.64,220,167.5,240,627.5,455.54
M,22.5,73.64,210,152.5,257.5,620,450.09
M,21,73.78,217.5,172.5,230,620,449.53
M,22,73.46,225,132.5,260,617.5,448.99
M,21.5,73.2,210,155,245,610,444.58
M,19,73.38,217.5,150,242.5,610,443.86
M,19.5,73.46,230,127.5,245,602.5,438.09
M,21,73.8,215,135,250,600,434.96
M,18.5,73.36,227.5,135,225,587.5,427.56
M,18.5,73.68,205,137.5,245,587.5,426.35
M,21,72.76,210,125,240,575,420.74
M,22.5,73.78,192.5,130,240,562.5,407.84
M,22.5,73.24,197.5,130,222.5,550,400.7
M,21.5,82.08,282.5,162.5,302.5,747.5,507.82
M,21.5,82.02,270,185,290,745,506.33
M,23,82.34,252.5,187.5,282.5,722.5,489.96
M,22.5,82.72,252.5,182.5,275,710,480.23
M,22,82.56,260,162.5,275,697.5,472.29
M,19,82.74,240,162.5,295,697.5,471.71
M,23,82.7,250,155,275,680,460
M,20,81.84,235,155,275,665,452.53
M,20.5,81.44,220,170,255,645,440.16
M,22.5,81.38,235,132.5,270,637.5,435.22
M,19.5,82.44,237.5,135,260,632.5,428.63
M,23,92.51,310,215,317.5,842.5,537.41
M,23,92.48,300,162.5,310,772.5,492.84
M,20,90.72,272.5,185,310,767.5,494.29
M,23,92.51,272.5,160,320,752.5,480
M,23,91.82,270,180,300,750,480.15
M,22.5,92.35,272.5,150,325,747.5,477.21
M,21,90.75,285,180,280,745,479.72
M,20,92.89,262.5,152.5,315,730,464.73
M,22.5,92.81,255,177.5,290,722.5,460.14
M,21.5,92.87,275,175,272.5,722.5,460
M,18.5,92.1,250,160,300,710,453.87
M,22.5,92.94,257.5,190,262.5,710,451.88
M,20.5,91.64,245,160,285,690,442.17
M,22.5,92.6,235,177.5,275,687.5,438.33
M,20.5,92.68,252.5,180,242.5,675,430.18
M,18.5,91.84,230,160,265,655,419.29
M,22,92.46,242.5,145,257.5,645,411.54
M,20.5,92.55,225,140,245,610,389.02
M,21.5,104.24,307.5,200,332.5,840,508.09
M,19.5,104,317.5,160,332.5,810,490.41
M,22.5,104.54,295,185,315,795,480.31
M,21.5,101.48,265,207.5,302.5,775,474.03
M,20,100.34,250,177.5,312.5,740,454.81
M,21.5,102.6,270,190,280,740,450.54
M,22,103.52,280,165,285,730,442.81
M,19.5,104.5,257.5,170,295,722.5,436.58
M,20,103.3,255,195,270,720,437.13
M,20.5,104.22,277.5,165,277.5,720,435.54
M,21.5,102.92,230,172.5,310,712.5,433.24
M,21,119.16,305,190,332.5,827.5,476.36
M,22,110,277.5,207.5,297.5,782.5,463.45
M,23,112.96,290,172.5,312.5,775,454.53
M,21.5,118.38,292.5,170,312.5,775,447.12
M,22,118.68,290,185,300,775,446.74
M,19,118.62,250,190,320,760,438.17
M,21.5,119.62,252.5,160,335,747.5,429.75
M,19.5,118.22,272.5,165,295,732.5,422.8
M,19.5,118.42,280,170,275,725,418.23
M,21.5,119.68,275,155,275,705,405.25
M,20,117.12,255,140,260,655,379.28
M,19,119,250,145,255,650,374.35
M,20.5,106.24,180,100,205,485,291.13
M,20,143.74,345,205,362.5,912.5,496.42
M,22.5,144.9,360,222.5,300,882.5,479.04
M,22,134.72,345,205,310,860,476.5
M,21,155.32,315,200,335,850,452.88
M,22.5,149.4,307.5,225,292.5,825,444.13
M,21.5,137.96,330,187.5,285,802.5,441.61
M,18.5,122.4,305,175,302.5,782.5,446.48
M,20.5,135.88,300,190,292.5,782.5,432.48
M,44.5,63.36,197.5,145,220,562.5,454.58
M,45.5,64.58,185,158,212.5,555.5,442.41
M,46.5,65.66,180,105,217.5,502.5,395.24
M,42,73.6,225,165,275,665,482.93
M,43.5,73.66,195,137.5,250,582.5,422.79
M,42.5,73.3,207.5,135,225,567.5,413.23
M,44.5,72.76,190,115,250,555,406.1
M,45.5,82.4,245,152.5,250,647.5,438.91
M,44.5,82.03,225,135,275,635,431.54
M,42,82.45,205,182.5,215,602.5,408.27
M,42.5,82.43,207.5,117.5,250,575,389.69
M,48.5,81.46,182.5,155,210,547.5,373.57
M,46.5,82.86,180,122.5,215,517.5,349.69
M,43,82.17,110,165,120,395,268.18
M,48,92.44,257.5,185,287.5,730,465.82
M,40.5,92.48,252.5,177.5,270,700,446.58
M,40,91.8,245,167.5,282.5,695,444.99
M,41.5,92.02,255,165,275,695,444.47
M,43.5,91.2,230,162.5,280,672.5,431.98
M,44.5,92.04,240,167.5,240,647.5,414.05
M,44,91.98,220,185,220,625,399.79
M,43,91.08,155,145,282.5,582.5,374.41
M,45.5,90.58,162.5,130,220,512.5,330.32
M,49,90.86,177.5,117.5,200,495,318.55
M,39.5,102.61,267.5,205,320,792.5,482.49
M,45,104.29,305,187.5,290,782.5,473.22
M,48.5,104.64,285,192.5,292.5,770,465.03
M,39.5,104.55,282.5,175,300,757.5,457.64
M,48,104.4,270,165,275,710,429.19
M,48.5,102.71,245,137.5,305,687.5,418.39
M,44.5,101.84,242.5,137.5,302.5,682.5,416.83
M,40.5,103.92,220,175,282.5,677.5,410.32
M,39.5,103.83,250,162.5,262.5,675,408.95
M,42.5,101.93,205,190,220,615,375.47
M,49,104.48,200,135,250,585,353.52
M,39.5,104.7,192.5,160,230,582.5,351.71
M,45,94,205,122.5,220,547.5,346.57
M,44,119.54,315,200,335,850,488.79
M,43.5,118.88,270,190,305,765,440.73
M,43.5,118.57,245,220,270,735,423.82
M,44.5,115.18,260,165,242.5,667.5,388.77
M,47,118.7,200,155,235,590,340.08
M,43.5,149.66,350,190,315,855,460.07
M,48.5,173.45,317.5,205,310,832.5,431
M,42.5,178.74,290,205,325,820,421.3
M,40.5,143.1,275,205,272.5,752.5,409.88
M,41,149.1,300,170,260,730,393.2
M,42,129.96,230,175,295,700,392
M,43,137.94,280,175,240,695,382.47
M,51.5,58.91,172.5,85,225,482.5,413.48
M,57,58.66,105,87.5,147.5,340,292.41
M,50.5,65.73,190,120,259,569,447.19
M,56,65.75,150,97.5,215,462.5,363.4
M,54.5,72.26,205,112.5,235,552.5,406.13
M,50.5,73.77,192.5,127.5,225,545,395.19
M,53.5,71.37,200,105,210,515,381.74
M,54.5,72.83,182.5,115,217.5,515,376.6
M,52.5,73.59,150,122.5,225,497.5,361.32
M,53,73.52,145,97.5,200,442.5,321.58
M,53.5,73.64,140,100,172.5,412.5,299.46
M,50.5,82.15,190,117.5,232.5,540,366.68
M,51.5,82.31,197.5,117.5,215,530,359.49
M,51.5,79.72,157.5,105,205,467.5,323.03
M,52.5,92.66,270,162.5,260,692.5,441.38
M,51,92.64,252.5,147.5,280,680,433.46
M,50.5,92.18,245,132.5,272.5,650,415.34
M,51.5,91.62,210,140,250,600,384.53
M,49.5,92.66,215,120,242.5,577.5,368.08
M,51.5,89.22,170,130,190,490,318.23
M,51,102.1,250,157.5,295,702.5,428.59
M,51.5,102.88,245,147.5,287.5,680,413.54
M,58.5,104.4,252.5,167.5,250,670,405.01
M,56.5,104.58,167.5,127.5,205,500,302.04
M,51,119.22,307.5,205,267.5,780,448.94
M,51,119.24,285,160,290,735,423.01
M,53.5,118.86,232.5,185,285,702.5,404.74
M,54.5,119.38,230,150,280,660,379.7
M,51,109.15,227.5,137.5,237.5,602.5,357.89
M,55.5,107.39,175,160,265,600,358.64
M,51.5,118.91,150,137.5,230,517.5,298.11
M,51.5,149.68,255,175,275,705,379.34
M,51.5,121.99,235,187.5,245,667.5,381.28
M,53.5,121.57,237.5,177.5,225,640,365.98
M,57,124.43,205,162.5,245,612.5,347.64
M,55.5,123.38,200,157.5,230,587.5,334.36
M,53.5,131.87,180,185,200,565,315.02
M,62.5,64.66,167.5,82.5,200,450,358.05
M,59.5,71.72,195,127.5,215,537.5,397.1
M,61.5,72,185,110,200,495,364.75
M,63.5,72.66,170,110,190,470,344.22
M,68,71.96,130,82.5,160,372.5,274.58
M,59,81.78,232.5,110,227.5,570,388.05
M,64.5,80.5,170,105,220,495,340.08
M,61,82.4,152.5,137.5,162.5,452.5,306.73
M,60.5,82.82,155,95,192.5,442.5,299.09
M,62,92.65,265,198,287.5,750.5,478.38
M,59.5,92.76,195,115,237.5,547.5,348.78
M,59.5,92.03,190,137.5,217.5,545,348.52
M,66.5,91.54,180,117.5,215,512.5,328.6
M,62.5,91.32,175,90,205,470,301.7
M,62,101.03,222.5,112.5,235,570,349.3
M,62.5,102.92,195,140,227.5,562.5,342.03
M,61.5,104.12,200,147.5,215,562.5,340.4
M,63.5,104.96,192.5,142.5,210,545,328.74
M,64.5,117.42,230,190,230,650,376.05
M,60.5,116.11,212.5,117.5,237.5,567.5,329.6
M,62.5,106.8,170,130,230,530,317.49
M,60.5,109.24,152.5,130,210,492.5,292.46
M,61.5,129.13,160,162.5,220,542.5,304.39
M,65.5,121.39,180,150,180,510,291.78
M,70,65.32,160,102.5,165,427.5,337.55
M,70,82.11,193,105,232.5,530.5,360.33
M,70,103.98,165,100,192.5,457.5,277.01
M,39,58.74,230,150,260,640,549.79
M,39.5,58.9,207.5,125,230,562.5,482.11
M,26,65.82,247.5,167.5,277.5,692.5,543.69
M,31.5,65.96,255,160,272.5,687.5,538.92
M,26,65.84,242.5,187.5,230,660,518.06
M,26.5,65.94,227.5,142.5,265,635,497.88
M,25.5,66,237.5,140,250,627.5,491.66
M,26.5,73.76,245,180,302.5,727.5,527.57
M,24,73.72,260,147.5,310,717.5,520.5
M,35,73.3,257.5,177.5,280,715,520.63
M,35,73.44,242.5,175,295,712.5,518.16
M,26.5,73.92,255,157.5,300,712.5,515.96
M,23.5,73.98,255,170,280,705,510.26
M,35.5,72.28,250,140,295,685,503.44
M,27.5,73.68,240,167.5,275,682.5,495.29
M,23.5,73.3,202.5,157.5,267.5,627.5,456.92
M,31,71.76,220,140,255,615,454.19
M,34,73.7,222.5,140,250,612.5,444.41
M,33.5,73.76,225,125,252.5,602.5,436.92
M,32.5,73.8,215,127.5,260,602.5,436.77
M,24,69.56,195,110,240,545,411.18
M,27,82.62,320.5,187.5,333,841,569.22
M,25,82.58,267.5,175,335.5,778,526.72
M,25.5,82.86,282.5,162.5,327.5,772.5,522
M,26.5,82.46,287.5,170,312.5,770,521.74
M,27.5,81.92,270,167.5,312.5,750,510.09
M,29,82.42,265,172.5,310,747.5,506.63
M,32.5,82.1,285,185,275,745,506.05
M,24.5,82.14,270,187.5,285,742.5,504.22
M,38.5,82.74,267.5,185,290,742.5,502.14
M,23.5,82.84,262.5,177.5,292.5,732.5,495.04
M,30,82.8,225,177.5,310,712.5,481.65
M,21.5,81.54,240,125,336,701,478.04
M,27,80.98,272.5,145,270,687.5,470.7
M,28.5,82.92,255,147.5,285,687.5,464.37
M,28,82.47,232.5,150,300,682.5,462.42
M,29.5,82.84,245,157.5,270,672.5,454.49
M,27.5,82.24,232.5,142.5,247.5,622.5,422.43
M,31.5,81.86,217.5,150,245,612.5,416.75
M,28.5,92.14,292.5,238,342.5,873,557.95
M,25.5,92.88,312.5,210,335,857.5,545.92
M,24,92.72,300,220,317.5,837.5,533.64
M,26.5,91.8,270,195,325,790,505.82
M,32.5,93,297.5,197.5,295,790,502.64
M,31,91.8,250,200,325,775,496.21
M,24.5,92.84,295,175,300,770,490.32
M,23.5,92.02,282.5,165,317.5,765,489.24
M,24.5,90.86,275,185,302.5,762.5,490.69
M,28,91.96,280,170,300,750,479.8
M,26,89.04,270,167.5,310,747.5,485.97
M,35,92.68,282.5,147.5,317.5,747.5,476.39
M,25,92.62,267.5,170,300,737.5,470.16
M,25.5,92.8,277.5,170,285,732.5,466.54
M,24.5,91.92,272.5,152.5,280,705,451.1
M,30.5,93,252.5,160,265,677.5,431.06
M,27,91.16,220,175,280,675,433.68
M,38.5,91.32,240,155,275,670,430.09
M,37,91.86,237.5,145,260,642.5,411.24
M,24.5,102.82,360,225,352.5,937.5,570.28
M,24.5,104.94,337.5,200,367.5,905,545.93
M,21,103.76,325,205,365,895,542.38
M,32.5,104.84,317.5,222.5,335,875,528.03
M,24.5,103.22,300,177.5,332.5,810,491.93
M,27.5,103.56,285,192.5,322.5,800,485.2
M,23.5,104.54,270,187.5,325,782.5,472.76
M,29,101.72,290,175,315,780,476.61
M,31,104.8,282.5,170,320,772.5,466.25
M,26.5,101.94,262.5,167.5,310,740,451.76
M,21,103.18,262.5,155,307.5,725,440.38
M,36.5,102.42,230,165,270,665,405.18
M,39,101.24,220,150,260,630,385.73
M,23.5,119.9,327.5,225,375,927.5,532.82
M,36.5,119.66,330,235,350,915,525.99
M,24.5,119.46,320,210,370,900,517.65
M,33.5,117.32,315,195,385.5,895.5,518.23
M,26.5,119.88,310,217.5,332.5,860,494.07
M,35.5,119.42,295,207.5,355,857.5,493.27
M,23.5,117.02,300,205,340,845,489.44
M,29.5,118.72,305,230,305,840,484.16
M,29,118.74,300,187.5,345,832.5,479.8
M,26.5,118.9,315,170,335,820,472.39
M,30.5,117.3,335,150,305,790,457.21
M,25.5,119.66,265,185,325,775,445.51
M,24,110.78,255,185,262.5,702.5,414.97
M,22.5,167.02,427.5,252.5,365,1045,546.3
M,31,134.96,320,257.5,375,952.5,527.47
M,25,141.48,362.5,260,330,952.5,520.46
M,36.5,200,380,235,330,945,472.75
M,37,138.4,325,210,370,905,497.57
M,28.5,142.7,345,220,340,905,493.33
M,29,151.02,350,255,300,905,485.79
M,35.5,148.2,355,195,350,900,485.56
M,32,150.8,332.5,232.5,325,890,477.92
M,35,159.14,345,235,310,890,471.16
M,30,154.34,325,235,325,885,472.31
M,29.5,172.3,325,225,310,860,446
M,34.5,135.2,300,210,325,835,462.17
M,23,142.32,295,175,330,800,436.41
M,25,120.5,180,125,200,505,289.62
M,32.5,159.05,150,107.5,170,427.5,226.35
F,17.5,42.7,70,40,87.5,197.5,278.42
F,16,42.37,60,30,85,175,248.2
F,18,46.94,107.5,80,135,322.5,423.06
F,18,46.87,85,60,132.5,277.5,364.43
F,16.5,51.57,107.5,67.5,130,305,373.92
F,17,50.65,100,45,140,285,353.85
F,18,51.48,100,42.5,120,262.5,322.21
F,18,55.44,147.5,77.5,155,380,443.42
F,17.5,56.16,110,70,157.5,337.5,390.47
F,17.5,55.71,127.5,57.5,140,325,378.01
F,16.5,62.31,125,90,165,380,411.46
F,17.5,58.75,142.5,82.5,150,375,421.31
F,17,67.4,180,87.5,199,466.5,482.02
F,17.5,68.89,135,90,160,385,392.86
F,17,67.14,115,72.5,140,327.5,339.16
F,16,67.36,110,50,122.5,282.5,292
F,16.5,64.72,85,52.5,130,267.5,283.07
F,18,74.61,152.5,80,170,402.5,393.11
F,17.5,75.61,135,75,177.5,387.5,375.81
F,21,42.5,95,42.5,117.5,255,360.8
F,21,46.4,120,62.5,162.5,345,456.48
F,21.5,46.88,122.5,77.5,137.5,337.5,443.15
F,21,46.74,110,80,140,330,434.27
F,19,46.36,110,65,130,305,403.81
F,22,46.38,92.5,67.5,122.5,282.5,373.9
F,19.5,46.64,100,70,105,275,362.46
F,22,51.74,143,82.5,152.5,378,462.36
F,20.5,51.18,132.5,72.5,170,375,462.19
F,21.5,51.66,143.5,75,155,373.5,457.34
F,19.5,51.1,125,62.5,182.5,370,456.53
F,23,51.58,135,85,145,365,447.42
F,20.5,50.88,127.5,113,117.5,358,443.07
F,23,51.94,127.5,67.5,132.5,327.5,399.51
F,23,51.32,117.5,57.5,130,305,375.2
F,20,55.92,171.5,87.5,185.5,444.5,515.72
F,21.5,56.4,160,72.5,188,420.5,485.12
F,22.5,56.78,145,90,182.5,417.5,479.54
F,22,56.24,142.5,105,167.5,415,479.68
F,21,56.76,150,107.5,155,412.5,473.91
F,19.5,55.38,135,92.5,172.5,400,467.09
F,20.5,56.78,130,80,180,390,447.95
F,23,56.94,122.5,85,162.5,370,424.2
F,21.5,55.8,132.5,97.5,137.5,367.5,426.99
F,20.5,56.5,130,72.5,155,357.5,411.96
F,21.5,55.84,127.5,65,155,347.5,403.56
F,22.5,55.96,127.5,80,140,347.5,402.98
F,20,56.64,120,72.5,145,337.5,388.28
F,22,55.64,130,67.5,130,327.5,381.24
F,20,56.74,105,72.5,127.5,305,350.49
F,23,62.26,183,112.5,210,505.5,547.62
F,23,61.98,181,100,202.5,483.5,525.24
F,19.5,62.26,155,115,192.5,462.5,501.03
F,22,62.66,162.5,120,180,462.5,499.07
F,18.5,62.12,170,100,180,450,488.17
F,20.5,61.56,165,80,182.5,427.5,466.36
F,22.5,61.94,160,80,185,425,461.87
F,19.5,62.66,165,87.5,172.5,425,458.61
F,22.5,61.5,172.5,77.5,162.5,412.5,450.27
F,21.5,61.78,145,85,182.5,412.5,449
F,21.5,60.4,155,87.5,167.5,410,452.61
F,22.5,62.2,137.5,85,162.5,385,417.32
F,22.5,63,130,95,160,385,414.07
F,23,62.16,127.5,70,155,352.5,382.25
F,20.5,60.76,75,50,97.5,222.5,244.71
F,21,67.68,180.5,115.5,187.5,483.5,498.4
F,19,67.64,167.5,107.5,206.5,481.5,496.5
F,21.5,68.22,167.5,102.5,205,475,487.41
F,22.5,66.92,160,100,195,455,472.09
F,22,68.4,160,110,170,440,450.81
F,18.5,68.6,157.5,100,165,422.5,432.16
F,19.5,66.78,150,80,182.5,412.5,428.52
F,22,68.5,145,92.5,162.5,400,409.49
F,22.5,67.94,142.5,80,165,387.5,398.56
F,22,72.38,204,112.5,202.5,519,515.23
F,18.5,75.66,172.5,125.5,202.5,500.5,485.23
F,21.5,74.1,157.5,102.5,200,460,450.91
F,19.5,74.18,130,100,195,425,416.36
F,19.5,75.6,150,90,185,425,412.21
F,21.5,74.02,165,85,170,420,411.94
F,23,74.88,140,80,152.5,372.5,363.11
F,21.5,74.46,137.5,65,152.5,355,347.09
F,23,81.44,180,107.5,200,487.5,455.32
F,22.5,82.69,195,87.5,200,482.5,447.33
F,21.5,81.72,187.5,92.5,200,480,447.56
F,22.5,80.96,185,95,165,445,416.83
F,22.5,100.94,170,92.5,175,437.5,371.99
F,47,46.66,110,70,127.5,307.5,405.17
F,43.5,46.38,100,65,132.5,297.5,393.75
F,44.5,51.2,130,97.5,160,387.5,477.47
F,45.5,51.7,137.5,60,165,362.5,443.64
F,43.5,51.68,115,72.5,157.5,345,422.33
F,39.5,51.42,100,55,102.5,257.5,316.33
F,45.5,56.3,147.5,62.5,150,360,415.81
F,45,55.46,117.5,85,145,347.5,405.39
F,39,55.36,115,67.5,162.5,345,402.96
F,45,55.54,100,60,152.5,312.5,364.21
F,44.5,56.24,120,65,127.5,312.5,361.2
F,49,56.42,102.5,57.5,147.5,307.5,354.67
F,41.5,55.26,107.5,60,122.5,290,339.13
F,40.5,56.14,90,62.5,110,262.5,303.77
F,39.5,62.82,147.5,90,195,432.5,465.97
F,40.5,62.07,145,77.5,182.5,405,439.57
F,43,61.2,132.5,85,185,402.5,440.69
F,43.5,62.28,145,82.5,155,382.5,414.29
F,44.5,62.44,127.5,75,175,377.5,408.23
F,47.5,61.71,115,65,140,320,348.56
F,42.5,61.08,105,52.5,157.5,315,345.31
F,43.5,62.4,107.5,65,125,297.5,321.84
F,46,59.86,95,52.5,105,252.5,280.32
F,43,66.48,162.5,77.5,200,440,458.29
F,43.5,65.8,155,85,170,410,429.62
F,40.5,67.23,145,82.5,167.5,395,408.74
F,42.5,67.12,137.5,82.5,162.5,382.5,396.18
F,47.5,64.98,130,82.5,155,367.5,387.96
F,46.5,63.71,132.5,82.5,142.5,357.5,381.89
F,39.5,75.12,157.5,95,187.5,440,428.19
F,42,73.82,165,75,172.5,412.5,405.17
F,44,75.5,150,82.5,167.5,400,388.23
F,41.5,72.58,140,70,182.5,392.5,389.07
F,46.5,72.6,142.5,77.5,160,380,376.62
F,43,72.7,135,77.5,160,372.5,368.91
F,42.5,73.82,135,67.5,160,362.5,356.06
F,42,74.88,120,70,142.5,332.5,324.12
F,42.5,83.36,177.5,110,190,477.5,440.98
F,46.5,83.38,162.5,82.5,207.5,452.5,417.84
F,49,80.37,167.5,92.5,162.5,422.5,397.19
F,47,83.68,145,90,180,415,382.56
F,42.5,81.32,150,80,165,395,369.19
F,43.5,82.99,135,67.5,160,362.5,335.49
F,43.5,79.41,132.5,77.5,150,360,340.47
F,43,79.14,122.5,65,147.5,335,317.37
F,43,78.33,105,57.5,115,277.5,264.26
F,45,78.63,75,47.5,95,217.5,206.72
F,40,132.15,187.5,95,195,477.5,374.2
F,43.5,101.29,167.5,92.5,177.5,437.5,371.5
F,42.5,128.48,145,87.5,185,417.5,329.18
F,42.5,90.3,157.5,80,170,407.5,362.76
F,44.5,85.57,150,80,170,400,364.87
F,48,86.29,157.5,62.5,165,385,349.82
F,46.5,104.77,130,77.5,177.5,385,322.82
F,51.5,45.76,105,52.5,140.5,298,398.41
F,51.5,51.72,90,55,122.5,267.5,327.28
F,58,50.07,85,50,95,230,287.91
F,50.5,56.86,128,80,165,373,428.03
F,52.5,56.44,120,65,157.5,342.5,394.95
F,51.5,56.54,120,67.5,135,322.5,371.46
F,53.5,56.14,117.5,55,145,317.5,367.41
F,51.5,56.08,100,77.5,115,292.5,338.72
F,58,62.94,125,98,155,378,406.78
F,54.5,62.02,127.5,70,137.5,335,363.77
F,54.5,61.76,100,60,160,320,348.39
F,49.5,61.16,105,52.5,157.5,315,345.03
F,51.5,61.6,112.5,60,130,302.5,329.86
F,52.5,59.76,115,52.5,130,297.5,330.63
F,55,60,97.5,62.5,137.5,297.5,329.79
F,58.5,59.58,97.5,55,115,267.5,297.86
F,54.5,68.62,130,75,175,380,388.62
F,55,68.04,150,72.5,155,377.5,387.95
F,54.5,63.88,120,70,160,350,373.28
F,57.5,66.76,117.5,85,140,342.5,355.86
F,51.5,67.08,110,70,147.5,327.5,339.33
F,55.5,67.98,100,62.5,125,287.5,295.61
F,52,64.84,105,65,115,285,301.25
F,56,74.5,135,72.5,152.5,360,351.88
F,51,75.8,105,72.5,145,322.5,312.36
F,49.5,71.18,45,37.5,80,162.5,162.81
F,51.5,82.46,145,87.5,186.5,419,388.98
F,50.5,83.58,135,65,165,365,336.66
F,51.5,81.1,132.5,47.5,135,315,294.81
F,56,78.36,100,72.5,120,292.5,278.49
F,49.5,116.46,190,92.5,192.5,475,384.47
F,51,121.36,180,97.5,192.5,470,375.94
F,54,102.78,180,105,175,460,388.45
F,53.5,96.38,152.5,65,150,367.5,318.24
F,62.5,50.38,80,50,107.5,237.5,295.99
F,59.5,56.6,105,57.5,140,302.5,348.18
F,59.5,56.46,90,55,120,265,305.51
F,63.5,56.86,90,50,125,265,304.1
F,62,56.08,67.5,45,105,217.5,251.87
F,63.5,61.22,90,50,142.5,282.5,309.24
F,62,61.76,85,40,110,235,255.85
F,67,67.88,112.5,65,140,317.5,326.73
F,62.5,67.32,90,37.5,132.5,260,268.84
F,61,73.66,132.5,60,160,352.5,346.64
F,61.5,74.14,110,67.5,125,302.5,296.44
F,59.5,82.42,127.5,102.5,156,386,358.43
F,61.5,82.42,112.5,57.5,132.5,302.5,280.89
F,60.5,98.46,120,67.5,145,332.5,285.47
F,59.5,92.4,105,62.5,130,297.5,262.21
F,63.5,96.36,92.5,52.5,125,270,233.83
F,20,46.5,150,82.5,165,397.5,525.1
F,30,46.24,140,77.5,155,372.5,494.13
F,31.5,46.8,140,82.5,150,372.5,489.73
F,35.5,46.1,110,55,157.5,322.5,428.78
F,25.5,46.7,125,62.5,135,322.5,424.67
F,25.5,47,95,72.5,145,312.5,409.55
F,31,49.9,157.5,80,192.5,430,539.56
F,26.5,51.42,152.5,80,185,417.5,512.89
F,33,52,155,85,172.5,412.5,502.8
F,26.5,51.86,157.5,80,160,397.5,485.42
F,19.5,51.66,137.5,85,157.5,380,465.3
F,39.5,51.86,122.5,67.5,190,380,464.05
F,31,51.02,140,85,147.5,372.5,460.12
F,25,51.86,117.5,82.5,147.5,347.5,424.36
F,33,51.26,110,80,147.5,337.5,415.52
F,28.5,56.66,162.5,97.5,220.5,480.5,552.67
F,32.5,55.76,177.5,100,195,472.5,549.25
F,26,56.9,180.5,105,185,470.5,539.67
F,35.5,56.78,165,80,177.5,422.5,485.28
F,26,56.54,155,90,175,420,483.76
F,23.5,56.64,147.5,115,157.5,420,483.19
F,45,56.6,165,75,172.5,412.5,474.79
F,29.5,56.96,160,90,160,410,469.95
F,24.5,55.58,150,87.5,170,407.5,474.71
F,32,56.18,130,97.5,172.5,400,462.66
F,28.5,56.44,130,77.5,190,397.5,458.37
F,27.5,56.4,145,92.5,150,387.5,447.05
F,24.5,56.48,130,80,150,360,414.94
F,27,62.86,205,112.5,230.5,548,590.18
F,28.5,62.62,190,112.5,192.5,495,534.35
F,31,62.9,172.5,100,220,492.5,530.2
F,37.5,62.52,165,112.5,190,467.5,505.16
F,32,62.72,162.5,85,200,447.5,482.6
F,26.5,62.54,162.5,82.5,192.5,437.5,472.65
F,27.5,62.42,175,87.5,165,427.5,462.39
F,25,62.34,137.5,85,192.5,415,449.22
F,34.5,62.12,145,102.5,160,407.5,442.06
F,25.5,62.72,142.5,87.5,177.5,407.5,439.46
F,36,62.82,152.5,77.5,175,405,436.34
F,39.5,58.66,130,85,155,370,416.1
F,30,61.32,132.5,65,165,362.5,396.41
F,28,68.58,187.5,112.5,230,530,542.21
F,31.5,68.62,192,115,217.5,524.5,536.4
F,30.5,68.48,185,107.5,222.5,515,527.3
F,35.5,68.68,185,130,200,515,526.43
F,42.5,67.6,175,105,230,510,526.07
F,29,68.78,175,92.5,200,467.5,477.48
F,28.5,68.84,152.5,85,202.5,440,449.17
F,26.5,68.74,115,62.5,155,332.5,339.71
F,26,75.52,210.5,105,247.5,563,546.36
F,26.5,75.48,190,102.5,230,522.5,507.2
F,28.5,75.1,187.5,105,205,497.5,484.21
F,25,71.1,160,102.5,227.5,490,491.23
F,30,73.52,195,100,195,490,482.35
F,28.5,69.7,170,115,195,480,486.57
F,27.5,74.02,170,92.5,195,457.5,448.72
F,34,75.2,165,102.5,190,457.5,444.97
F,31.5,75.26,172.5,85,192.5,450,437.49
F,31.5,75.28,170,92.5,185,447.5,435
F,23.5,75.48,167.5,102.5,175,445,431.97
F,36.5,72.32,145,95,192.5,432.5,429.55
F,34.5,74.84,150,102.5,180,432.5,421.72
F,24.5,74.88,152.5,102.5,177.5,432.5,421.6
F,23.5,75.78,155,100,167.5,422.5,409.27
F,24,83.26,243.5,132.5,260.5,636.5,588.15
F,27.5,81.38,217.5,115,225,557.5,520.89
F,36.5,82.26,217.5,112.5,222.5,552.5,513.52
F,28,81.9,200,120,200,520,484.34
F,24,83.8,195,95,230,520,479.02
F,32.5,78.8,170,102.5,225,497.5,472.34
F,26,82.6,190,105,200,495,459.16
F,34.5,82.12,190,95,195,480,446.5
F,29,82.82,180,105,180,465,430.78
F,27,79.26,180,85,180,445,421.25
F,29.5,107.14,230,127.5,250,607.5,505.33
F,27.5,146.74,227.5,135,245,607.5,468.86
F,29,137.9,232.5,145,222.5,600,466.56
F,33.5,144.5,245,117.5,217.5,580,448.25
F,19.5,153.86,235,135,190,560,431.62
F,34.5,130.28,190,115,220,525,412.65
F,24,109.42,182.5,105,190,477.5,394.31
F,34.5,90.56,175,92.5,202.5,470,417.87
M,21.5,51,240,167.5,137.5,545,531.78
M,36,58.55,222.5,167.5,245,635,546.98
M,35.5,59,220,142.5,240,602.5,515.66
M,21.5,58.85,205,137.5,245,587.5,503.9
M,19.5,59,215,120,250,585,500.68
M,40.5,58.5,210,150,200,560,482.72
M,36,59,220,102.5,225,547.5,468.59
M,29.5,58.65,172.5,132.5,197.5,502.5,432.22
M,23.5,65.75,263,170,272.5,705.5,554.34
M,36.5,65.7,237.5,175,270,682.5,536.57
M,29.5,65.8,250,162.5,265,677.5,532.04
M,29.5,65.8,225,162.5,255,642.5,504.55
M,24,65.85,225,160,255,640,502.3
M,23.5,65.8,247.5,137.5,250,635,498.66
M,28,65.3,200,135,252.5,587.5,464
M,31.5,65.25,182.5,97.5,200,480,379.31
M,30.5,73.75,283,195,312.5,790.5,573.31
M,30.5,73.65,237.5,182.5,312.5,732.5,531.71
M,22.5,73.55,250,172.5,297.5,720,523.1
M,25.5,73.05,255,167.5,287.5,710,518.16
M,33,72.65,250,170,277.5,697.5,510.89
M,26.5,73.35,250,165,277.5,692.5,504.02
M,40.5,73.55,242.5,162.5,285,690,501.31
M,24.5,74,235,175,272.5,682.5,493.89
M,33.5,71.08,245,145,285,675,501.72
M,23.5,73.6,257.5,190,227.5,675,490.19
M,25.5,73.8,245,152.5,272.5,670,485.7
M,23,73.7,252.5,145,270,667.5,484.32
M,27.5,74,222.5,140,280,642.5,464.95
M,28,73.95,235,152.5,250,637.5,461.53
M,26,72.95,205,130,275,610,445.58
M,29,72.25,210,135,255,600,441.09
M,29.5,72.95,190,115,290,595,434.62
M,40,73,177.5,172.5,230,580,423.47
M,27.5,73.1,195,130,210,535,390.27
M,24.5,82.25,313,195,325,833,565.24
M,28,82.45,295,210,315,820,555.65
M,35.5,81.6,295,185,317.5,797.5,543.61
M,26,82.15,277.5,187.5,310,775,526.25
M,31.5,82.2,295,152.5,326.5,774,525.39
M,26.5,82.45,275,215.5,267.5,758,513.64
M,25.5,82.05,255,165,326,746,506.91
M,24.5,82.55,280,160,305,745,504.48
M,25.5,82.6,275,177.5,292.5,745,504.31
M,28,82.25,277.5,162.5,302.5,742.5,503.83
M,30.5,82.65,277.5,147.5,307.5,732.5,495.68
M,40.5,82.7,262.5,175,295,732.5,495.51
M,30,79.75,272.5,155,300,727.5,502.57
M,31,82.85,262.5,140,320,722.5,488.25
M,26,82.75,235,167.5,285,687.5,464.91
M,25.5,82.11,245,157.5,267.5,670,455.08
M,23.5,82.9,230,177.5,245,652.5,440.79
M,27.5,82.05,215,157.5,272.5,645,438.28
M,31.5,81.5,235,170,235,640,436.56
M,28.5,81.1,267.5,152.5,210,630,430.96
M,25,82.45,240,150,237.5,627.5,425.21
M,22.5,92.45,320,197.5,335,852.5,543.96
M,23.5,92.25,300,205,337.5,842.5,538.14
M,28,92.7,290,187.5,352.5,830,528.91
M,40.5,92.6,275,220,322.5,817.5,521.22
M,27,92.7,285,222.5,295,802.5,511.39
M,23.5,92.35,295,200,295,790,504.34
M,24.5,91.25,280,200,305,785,504.1
M,27.5,92.7,267.5,192.5,320,780,497.05
M,31.5,93,310,170,300,780,496.28
M,27.5,91.5,270,200,302.5,772.5,495.41
M,34.5,91.65,270,165,335,770,493.41
M,23.5,92.7,292.5,167.5,310,770,490.68
M,24.5,92.1,287.5,190,285,762.5,487.43
M,25.5,92.5,295,162.5,305,762.5,486.41
M,29.5,92.4,262.5,195,302.5,760,485.06
M,24.5,92.75,257.5,170,330,757.5,482.59
M,26.5,92.3,250,192.5,312.5,755,482.13
M,33.5,91.85,265,197.5,272.5,735,470.48
M,31.5,91.9,262.5,172.5,300,735,470.35
M,24.5,92.9,280,195,260,735,467.89
M,27.5,92.5,265,177.5,287.5,730,465.67
M,25.5,93,260,165,305,730,464.46
M,28.5,92.4,280,185,250,715,456.34
M,24,92.55,240,172.5,300,712.5,454.39
M,25,92.8,260,172.5,270,702.5,447.43
M,30,92.85,227.5,167.5,282.5,677.5,431.4
M,30,92.65,220,165,285,670,427.06
M,26.5,91.35,230,157.5,280,667.5,428.42
M,29,91,250,155,260,665,427.62
M,31.5,92.75,235,165,265,665,423.66
M,43,91.4,240,132.5,227.5,600,384.99
M,32,102.95,305,195,355,855,519.82
M,26.5,103.15,277.5,210,352.5,840,510.29
M,31.5,104.85,327.5,202.5,310,840,506.89
M,33,105,310,210,315,835,503.59
M,28.5,104.95,280,215,327.5,822.5,496.14
M,23.5,99.55,290,207.5,320,817.5,504.17
M,35.5,104.2,280,190,330,800,483.97
M,31.5,104.4,292.5,195,310,797.5,482.09
M,32.5,104.85,302.5,195,290,787.5,475.21
M,29,103.5,285,175,320,780,473.18
M,30,104.75,277.5,167.5,322.5,767.5,463.32
M,29,103.5,270,192.5,300,762.5,462.56
M,27,103.95,250,217.5,282.5,750,454.17
M,24,104.95,282.5,160,302.5,745,449.39
M,25.5,104.95,275,175,292.5,742.5,447.89
M,34,104.35,290,192.5,250,732.5,442.88
M,36.5,104.5,275,165,280,720,435.07
M,23,103.5,257.5,175,260,692.5,420.1
M,23,100.05,230,215,220,665,409.23
M,34.5,119.25,327.5,242.5,350,920,529.47
M,28.5,118.55,310,232.5,342.5,885,510.34
M,25.5,119.6,320,225,340,885,508.83
M,26.5,117.05,330,207.5,335,872.5,505.32
M,29.5,119.55,315,210,337.5,862.5,495.96
M,33.5,119.8,305,215,342.5,862.5,495.61
M,27.5,119.05,310,190,340,840,483.7
M,24.5,119.5,300,207.5,325,832.5,478.78
M,26,119.5,322.5,197.5,300,820,471.59
M,27.5,118.9,290,180,342.5,812.5,468.07
M,24,118.45,282.5,185,322.5,790,455.69
M,32.5,110.75,312.5,160,312.5,785,463.75
M,36,114.3,270,190,305,765,446.77
M,32.5,118.3,275,147.5,305,727.5,419.82
M,38.5,191.5,407.5,265,300,972.5,491.28
M,30.5,185.4,342.5,257.5,340,940,478.57
M,32,160.25,350,290,297.5,937.5,495.41
M,34.5,186.9,370,230,320,920,467.47
M,29,142.65,325,217.5,330,872.5,475.66
M,33.5,143.2,317.5,205,340,862.5,469.7
M,25,152.05,275,207.5,300,782.5,419.27
M,27.5,159.65,290,190,280,760,402.01
M,27,153.65,325,230,125,680,363.34
M,16,52.45,150,85,190,425,403.76
M,17.5,52.4,110,85,140,335,318.55
M,17.5,50.35,100,72.5,142.5,315,311.22
M,17.5,58.8,193.5,120,240.5,554,475.5
M,18,58.2,172.5,97.5,195,465,402.58
M,18,58.7,157.5,110,185,452.5,388.94
M,17.5,58.2,157.5,87.5,190,435,376.6
M,17.5,57.7,132.5,90,170,392.5,342.31
M,18,64.65,185,140,232.5,557.5,443.63
M,17.5,65.5,197.5,127.5,220,545,429.45
M,17.5,65.8,190,112.5,220,522.5,410.32
M,17.5,65.15,175,130,210,515,407.44
M,16.5,64.75,170,107.5,230,507.5,403.37
M,16.5,64.4,160,100,220,480,383.09
M,18,64.65,162.5,105,202.5,470,374.01
M,17.5,64,130,90,185,405,324.77
M,17.5,65.05,147.5,87.5,167.5,402.5,318.8
M,18,73.75,197.5,142.5,240,580,420.64
M,16.5,73.5,207.5,125,240,572.5,416.13
M,16.5,72.85,210,140,220,570,416.74
M,17.5,72.95,212.5,132.5,225,570,416.36
M,17,68.85,205,122.5,225,552.5,419.85
M,17.5,72.45,190,117.5,235,542.5,398.08
M,17.5,72.95,182.5,152.5,202.5,537.5,392.62
M,17.5,73,195,120,220,535,390.62
M,17.5,73.3,202.5,115,215,532.5,387.74
M,17.5,70.9,140,115,180,435,323.89
M,16.5,82.5,240,160,286.5,686.5,465.03
M,18,80.9,245,155,280,680,465.83
M,17.5,82.35,240,137.5,255,632.5,428.89
M,17,82.5,235,145,232.5,612.5,414.9
M,17.5,81.75,230,137.5,232.5,600,408.56
M,17.5,81.75,210,130,252.5,592.5,403.45
M,17.5,82.4,215,147.5,225,587.5,398.24
M,18,80.65,220,130,220,570,391.18
M,17.5,82.3,220,150,120,490,332.38
M,17.5,82.5,187.5,115,187.5,490,331.92
M,18,92.4,257.5,178.5,260,696,444.22
M,17.5,91.65,273,145,255,673,431.25
M,18,89.7,257.5,145,240,642.5,416.14
M,18,92.7,212.5,132.5,250,595,379.16
M,17.5,91.65,172.5,115,185,472.5,302.77
M,17.5,104.05,255,152.5,280,687.5,416.16
M,17.5,96.3,235,175,247.5,657.5,411.55
M,16.5,103.6,252.5,135,235,622.5,377.48
M,17.5,100.35,235,145,230,610,374.9
M,17.5,95,220,105,245,570,359.03
M,16.5,103.8,195,112.5,242.5,550,333.26
M,17,104.5,202.5,120,200,522.5,315.73
M,17,102.4,185,110,225,520,316.85
M,16.5,118.1,280,170,305.5,755.5,436.23
M,17.5,118.2,235,160,260,655,378.09
M,17.5,113.15,227.5,150,257.5,635,372.19
M,17.5,115.5,230,142.5,250,622.5,362.21
M,17.5,118.35,235,142.5,245,622.5,359.17
M,18,112.7,220,110,262.5,592.5,347.79
M,17.5,114.05,220,112.5,237.5,570,333.15
M,17.5,105.35,200,132.5,222.5,555,334.27
M,17.5,139,250,132.5,240,622.5,341.83
M,17.5,121.75,225,150,225,600,342.94
M,16,134.95,225,140,200,565,312.89
M,22.5,52.1,142.5,122.5,192.5,457.5,437.39
M,21.5,51.4,140,92.5,167.5,400,387.38
M,21.5,52.25,155,77.5,160,392.5,374.23
M,20.5,44.35,122.5,72.5,160,355,400.24
M,21.5,59,177.5,95,275,547.5,468.59
M,21.5,57.85,197.5,112.5,217.5,527.5,459.03
M,20.5,58.7,177.5,130,210,517.5,444.81
M,20.5,58.35,165,122.5,200,487.5,421.14
M,18,57.8,165,120,187.5,472.5,411.47
M,22,58.3,165,105,202.5,472.5,408.47
M,19.5,58.25,170,102.5,190,462.5,400.12
M,22.5,58.4,167.5,112.5,182.5,462.5,399.25
M,22,58.5,150,105,190,445,383.59
M,19.5,65.7,220,160,247.5,627.5,493.33
M,21.5,65.9,220,137.5,265,622.5,488.29
M,22.5,65.4,240,120,260,620,489.1
M,20,65.05,205,112.5,215,532.5,421.77
M,22.5,65.6,185,127.5,217.5,530,417.15
M,23,73.55,267.5,187.5,277.5,732.5,532.19
M,22,73.65,268,152.5,285,705.5,512.12
M,21.5,73.25,252.5,162.5,275,690,502.65
M,20.5,73.6,257.5,137.5,275,670,486.56
M,21,73.2,222.5,152.5,285,660,481.02
M,19.5,73.4,225,172.5,255,652.5,474.7
M,21,73.9,222.5,167.5,250,640,463.54
M,21.5,72.05,225,165,240,630,464.01
M,20.5,73.5,220,145,245,610,443.38
M,21,73.6,215,135,250,600,435.73
M,22,73,212.5,140,227.5,580,423.47
M,21.5,72.55,212.5,140,225,577.5,423.38
M,22,72.35,205,140,222.5,567.5,416.81
M,22.5,71.8,177.5,142.5,217.5,537.5,396.8
M,20,70.95,155,117.5,220,492.5,366.53
M,21.5,81.95,247.5,160,325,732.5,498.08
M,22,82.7,275,162.5,295,732.5,495.51
M,22.5,82.1,287.5,160,267.5,715,485.68
M,22,82.75,262.5,157.5,277.5,697.5,471.67
M,22.5,82.1,255,162.5,275,692.5,470.39
M,22.5,83,250,175,265,690,465.81
M,21.5,82.6,242.5,187.5,255,685,463.7
M,22.5,82.2,247.5,147.5,285,680,461.58
M,22.5,82.8,260,140,260,660,446.16
M,21.5,81.95,237.5,157.5,255,650,441.98
M,22.5,81.85,220,147.5,260,627.5,426.98
M,21.5,82.15,222.5,137.5,252.5,612.5,415.91
M,20.5,81.45,215,127.5,227.5,570,388.95
M,18,79.1,227.5,117.5,222.5,567.5,393.96
M,18.5,82.25,285,165,70,520,352.85
M,21.5,92.15,297.5,195,292.5,785,501.68
M,23,92.95,275,155,315,745,474.13
M,20.5,91.95,285,162.5,295,742.5,475.02
M,22.5,91.8,260,165,302.5,727.5,465.8
M,22.5,89.8,265,162.5,292.5,720,466.08
M,21.5,90.8,255,160,305,720,463.5
M,21,92.35,275,150,290,715,456.46
M,21.5,92.75,277.5,167.5,270,715,455.51
M,20.5,92.3,237.5,185,280,702.5,448.6
M,22.5,92.4,262.5,152.5,277.5,692.5,441.98
M,20.5,92,247.5,137.5,305,690,441.32
M,21.5,92,230,155,302.5,687.5,439.72
M,19.5,91.85,240,182.5,257.5,680,435.27
M,20.5,91.45,250,155,270,675,433
M,22,92.55,247.5,140,285,672.5,428.88
M,20,92.6,222.5,155,240,617.5,393.7
M,22.5,104.55,312.5,195,355,862.5,521.07
M,21.5,104.8,302.5,207.5,347.5,857.5,517.55
M,22.5,104.1,315,195,315,825,499.29
M,20.5,104.65,320,180,300,800,483.13
M,22,104.25,312.5,162.5,317.5,792.5,479.34
M,22,104.6,282.5,172.5,295,750,453.02
M,21.5,104.45,270,167.5,300,737.5,445.73
M,23,104.1,275,150,282.5,707.5,428.18
M,21.5,104.1,260,162.5,285,707.5,428.18
M,21.5,104.4,265,162.5,280,707.5,427.68
M,20,102,242.5,180,272.5,695,424.18
M,19.5,100,252.5,135,262.5,650,400.09
M,22.5,102.5,235,147.5,240,622.5,379.16
M,23,103.65,220,115,220,555,336.49
M,20.5,96.15,185,145,205,535,335.11
M,20.5,93.4,190,120,200,510,323.82
M,22.5,119.5,330,210,352.5,892.5,513.28
M,23,119.5,320,240.5,310,870.5,500.63
M,22.5,119.05,320,217.5,327.5,865,498.1
M,22.5,119.4,327.5,215,322.5,865,497.61
M,21.5,118.3,340,202.5,320,862.5,497.72
M,22.5,116.45,325,185,325,835,484.46
M,22.5,106.7,282.5,190,282.5,755,452.43
M,22.5,119.65,240,167.5,305,712.5,409.59
M,22.5,111.35,272.5,167.5,242.5,682.5,402.39
M,20,177.2,405,212.5,320,937.5,482.73
M,20,160,310,190,290,790,417.63
M,22.5,145.9,280,172.5,330,782.5,423.96
M,22,140,270,185,320,775,424.72
M,22.5,133.95,272.5,180,307.5,760,421.79
M,22.5,132.8,265,180,270,715,397.82
M,42.5,56.45,192.5,145,210,547.5,486.61
M,40.5,58.45,152.5,105,200,457.5,394.65
M,44.5,58.2,147.5,87.5,182.5,417.5,361.45
M,44,58.7,152.5,90,140,382.5,328.77
M,48.5,65.7,195,127.5,262.5,585,459.92
M,44.5,65.55,212.5,127.5,220,560,441.01
M,40,63.45,180,112.5,215,507.5,409.68
M,39.5,65.65,185,112.5,210,507.5,399.21
M,47,65.1,145,122.5,235,502.5,397.78
M,44.5,64.65,177.5,100,185,462.5,368.04
M,41.5,64.15,140,122.5,180,442.5,354.21
M,45,65.65,155,90,165,410,322.52
M,39.5,73.35,235,142.5,287.5,665,484.01
M,40,73.6,215,165,250,630,457.51
M,41.5,72.35,220,147.5,250,617.5,453.54
M,41.5,72.55,212.5,132.5,252.5,597.5,438.04
M,40.5,73.75,215,132.5,240,587.5,426.08
M,42.5,73.85,210,137.5,230,577.5,418.46
M,40.5,73.25,215,135,225,575,418.88
M,43.5,73.6,207.5,152.5,215,575,417.57
M,41.5,73.45,200,127.5,237.5,565,410.86
M,45.5,72.85,190,147.5,212.5,550,402.12
M,42.5,73.65,200,122.5,225,547.5,397.42
M,44.5,73,190,122.5,230,542.5,396.09
M,41.5,73.95,190,112.5,235,537.5,389.13
M,46,73.38,150,112.5,230,492.5,358.36
M,45,73.6,172.5,95,195,462.5,335.87
M,45,73.35,160,135,140,435,316.61
M,40.5,82.75,225,167.5,302.5,695,469.98
M,45.5,82.05,237.5,177.5,277.5,692.5,470.56
M,47,81.55,252.5,152.5,270,675,460.27
M,43,82.5,245,150,272.5,667.5,452.16
M,39.5,82.65,240,140,282.5,662.5,448.31
M,42.5,81.4,220,142.5,265,627.5,428.34
M,47.5,82.6,222.5,152.5,247.5,622.5,421.39
M,42.5,82.4,225,160,235,620,420.27
M,40.5,82.45,210,147.5,262.5,620,420.13
M,48.5,82.3,210,167.5,240,617.5,418.87
M,42.5,78.85,190,120,255,565,392.96
M,41.5,82.7,180,125,240,545,368.67
M,43.5,82.35,185,145,190,520,352.61
M,43,92.5,275,170,300,745,475.24
M,43.5,92.15,277.5,180,285,742.5,474.52
M,41.5,91.55,265,195,267.5,727.5,466.42
M,46.5,92.8,240,170,285,695,442.65
M,41.5,92.75,242.5,182.5,242.5,667.5,425.25
M,40.5,90.8,245,145,250,640,412
M,44.5,86.8,235,145,250,630,415.04
M,43.5,92.8,220,125,260,605,385.33
M,48,91.05,215,150,235,600,385.72
M,42.5,92.9,215,155,230,600,381.95
M,44.5,90.75,182.5,122.5,235,540,347.72
M,43.5,87.4,160,135,230,525,344.62
M,41,91.6,140,192.5,140,472.5,302.85
M,42.5,104.3,315,167.5,317.5,800,483.79
M,39,103.95,312.5,185,295,792.5,479.91
M,39.5,103.8,307.5,190,292.5,790,478.68
M,43.5,103.95,257.5,200,307.5,765,463.25
M,47.5,105,270,165,325,760,458.35
M,46,104.6,280,170,290,740,446.98
M,45,103.35,260,190,280,730,443.11
M,49,104.3,255,162.5,310,727.5,439.94
M,45,98.05,200,215,290,705,437.71
M,44,102,257.5,127.5,305,690,421.13
M,45.5,101.15,240,145,252.5,637.5,390.47
M,45.5,104.25,222.5,150,237.5,610,368.96
M,47.5,98.55,205,150,240,595,368.58
M,39.5,101.8,192.5,125,250,567.5,346.65
M,42,118.7,315,205,330,850,489.95
M,41.5,119.7,262.5,190,300,752.5,432.53
M,41,117.8,262.5,150,270,682.5,394.42
M,40.5,117.9,250,195,230,675,389.97
M,48,117.65,232.5,175,250,657.5,380.13
M,40.5,117.2,237.5,160,250,647.5,374.85
M,43,113.7,225,175,237.5,637.5,373.01
M,40.5,118.9,230,140,260,630,362.93
M,45,118.2,230,160,220,610,352.11
M,48.5,112.1,200,167.5,200,567.5,333.76
M,42,134.6,302.5,190,322.5,815,451.68
M,40,139.5,305,202.5,262.5,770,422.4
M,42.5,138.8,295,160,297.5,752.5,413.39
M,47.5,147.9,295,187.5,250,732.5,395.41
M,41,136.9,285,180,235,700,386.06
M,42.5,122.1,210,145,190,545,311.21
M,49.5,58.7,170,90,200,460,395.38
M,51.5,58.15,147.5,105,185,437.5,379.04
M,58,58.8,140,82.5,190,412.5,354.05
M,55,58.2,107.5,92.5,160,360,311.67
M,54.5,57.8,117.5,70,157.5,345,300.44
M,49.5,65.6,210,130,205,545,428.96
M,53.5,64.4,180,105,220,505,403.04
M,51,65.4,180,130,190,500,394.44
M,50.5,65.7,150,100,180,430,338.06
M,51,73.5,225,140,250,615,447.02
M,52,72.1,207.5,127.5,212.5,547.5,403.06
M,51.5,71.1,180,127.5,227.5,535,397.59
M,52.5,73.25,192.5,120,217.5,530,386.1
M,52.5,73.7,172.5,147.5,192.5,512.5,371.85
M,53.5,73.7,195,100,185,480,348.27
M,56.5,72.5,120,85,145,350,256.71
M,55,81.9,215,145,270,630,428.53
M,55.5,81.9,225,137.5,250,612.5,416.63
M,51.5,82.05,222.5,125,232.5,580,394.11
M,54.5,82.85,230,130,220,580,391.95
M,54.5,82.05,190,122.5,240,552.5,375.42
M,55.5,82.4,190,125,195,510,345.71
M,51,80,165,147.5,190,502.5,346.5
M,51,82.65,170,150,170,490,331.58
M,49.5,79.35,165,105,205,475,329.12
M,52.5,82.68,195,132.5,70,397.5,268.93
M,50.5,91.8,255,167.5,255,677.5,433.79
M,55,92.6,257.5,137.5,260,655,417.61
M,53.5,92.2,230,175,245,650,415.3
M,52.5,92.1,230,147.5,240,617.5,394.74
M,52.5,91.4,225,142.5,245,612.5,393.01
M,53.5,91.75,212.5,125,270,607.5,389.07
M,51.5,92.75,200,162.5,240,602.5,383.84
M,50.5,92.4,210,150,240,600,382.95
M,53,89.7,222.5,135,220,577.5,374.04
M,55,91.05,200,157.5,220,577.5,371.26
M,50.5,90.7,190,100,235,525,338.15
M,57.5,92.2,165,142.5,185,492.5,314.67
M,52.5,103.5,290.5,215,265,770.5,467.42
M,53.5,103.2,240,167.5,300,707.5,429.71
M,56.5,101.35,242.5,167.5,250,660,403.91
M,54.5,103.5,225,135,260,620,376.12
M,49.5,103.15,230,140,245,615,373.61
M,50.5,102.75,222.5,162.5,220,605,368.12
M,52,103.35,217.5,160,225,602.5,365.72
M,49,101.8,200,145,230,575,351.23
M,54,116,300,187.5,305,792.5,460.43
M,56.5,114.8,272.5,167.5,270,710,414
M,52.5,119.15,240,157.5,282.5,680,391.46
M,51.5,112.7,225,213,240,678,397.97
M,53.5,118.21,232.5,162.5,272.5,667.5,385.29
M,55,119.75,220,167.5,257.5,645,370.69
M,53.5,119.85,220,150,220,590,338.98
M,55.5,111.45,200,145,230,575,338.89
M,49.5,115,225,100,230,555,323.42
M,49.5,148.55,265,170,265,700,377.42
M,49.5,124.5,217.5,190,250,657.5,373.12
M,58.5,122.65,240,132.5,232.5,605,344.97
M,54,129.75,205,130,200,535,299.74
M,61.5,58.15,141,90,185,416,360.42
M,62.5,58,132.5,67.5,177.5,377.5,327.78
M,69,57.3,110,95,142.5,347.5,304.88
M,64.5,57.65,115,80,140,335,292.38
M,60.5,64.7,165,97.5,185,447.5,355.89
M,67,65.7,152.5,105,170,427.5,336.09
M,62.5,65.15,160,62.5,175,397.5,314.48
M,61.5,64.1,125,90,150,365,292.35
M,60.5,65.4,50,90,147.5,287.5,226.8
M,63.5,69.9,170,130,220,520,390.99
M,63.5,73.1,207,87.5,225,519.5,378.96
M,59.5,72.75,192.5,110,200,502.5,367.72
M,60.5,73.75,155,117.5,210,482.5,349.93
M,65,71.3,187.5,90,185,462.5,343.05
M,60.5,73.85,155,107.5,192.5,455,329.7
M,60.5,73.05,180,80,172.5,432.5,315.64
M,65,71.2,150,105,175,430,319.25
M,59.5,73.7,145,132.5,150,427.5,310.18
M,60.5,73.15,145,107.5,165,417.5,304.42
M,61,71.55,117.5,85,195,397.5,294.14
M,67,73.45,130,80,170,380,276.33
M,62.5,80.7,210,107.5,232.5,550,377.32
M,68,82,192.5,102.5,240,535,363.66
M,61.5,81.55,187.5,127.5,205,520,354.58
M,67.5,82.7,175,107.5,225,507.5,343.31
M,64.5,82.25,180,120,200,500,339.28
M,60.5,80.15,172.5,117.5,175,465,320.29
M,60.5,80.55,150,120,170,440,302.18
M,64,80,120,95,182.5,397.5,274.09
M,59,92.7,280,197.5,272.5,750,477.93
M,60.5,92.5,240,142.5,272.5,655,417.83
M,64.5,91.4,215,130,225,570,365.74
M,64.5,89.25,170,120,205,495,321.43
M,65.5,91.9,177.5,132.5,182.5,492.5,315.17
M,60.5,92.15,175,95,205,475,303.57
M,60,90.8,162.5,110,175,447.5,288.08
M,61,88.95,140,90,162.5,392.5,255.31
M,59,104.2,272.5,145,280,697.5,421.97
M,60.5,99,200,120,270,590,364.75
M,63.5,102.7,225,100,260,585,356.03
M,60.5,101.8,200,145,215,560,342.07
M,60.5,102.75,172.5,122.5,232.5,527.5,320.97
M,62.5,117.95,210,182.5,227.5,620,358.14
M,67.5,111.1,225,127.5,265,617.5,364.37
M,65.5,118.25,210,160,225,595,343.4
M,60,117.95,234,110,225,569,328.68
M,61.5,107.95,65,150,65,280,167.03
M,60.5,121.5,235,155,260,650,371.77
M,64,121.75,225,135,242.5,602.5,344.37
M,63.5,127.2,187.5,167.5,202.5,557.5,314.25
M,59.5,147.35,190,122.5,225,537.5,290.44
M,62.5,126.6,160,135,200,495,279.43
M,69.5,72,105,70,145,320,235.8
M,70,89.6,182.5,102.5,252.5,537.5,348.33
M,69.5,101.65,200,107.5,200,507.5,310.2
M,69.5,95.7,115,80,180,375,235.4
M,69.5,134.05,100,100,170,370,205.3
F,28,45.35,132.5,70,176,378.5,509.47
F,28.5,46.7,137.5,77.5,160,375,493.8
F,27.5,46.65,130,72.5,150,352.5,464.54
F,36.5,46.85,117.5,90,145,352.5,463.07
F,38,46.35,120,67.5,160,347.5,460.15
F,33,45.45,105,80,150,335,450.17
F,30.5,46.6,112.5,75,145,332.5,438.53
F,32.5,46.85,105,77.5,137.5,320,420.37
F,32.5,46.55,95,67.5,137.5,300,395.98
F,30,46.75,95,60,137.5,292.5,384.86
F,26.5,51.45,152.5,87.5,192.5,432.5,531.1
F,42,51.2,137.5,95,180,412.5,508.27
F,48.5,51.6,145,95,170,410,502.45
F,26,51.75,140,80,182.5,402.5,492.26
F,30.5,50.7,135,105,155,395,490.08
F,38.5,51.9,142.5,82.5,170,395,482.11
F,24.5,50.9,152.5,80,160,392.5,485.63
F,28.5,52,135,85,147.5,367.5,447.95
F,37.5,51.55,110,60,185,355,435.34
F,25.5,51.35,122.5,80,140,342.5,421.15
F,31.5,51.6,132.5,72.5,137.5,342.5,419.73
F,37.5,50.75,112.5,65,140,317.5,393.65
F,30.5,55.15,172.5,102.5,197.5,472.5,553.29
F,31,56.65,178,115.5,177.5,471,541.81
F,24,56.55,172.5,100,177.5,450,518.25
F,27.5,56.75,162.5,97.5,180,440,505.56
F,27.5,55.95,160,95,182.5,437.5,507.41
F,43,56.65,172.5,80,185,437.5,503.27
F,28,56.9,140,105,170,415,476.01
F,26,56.95,160,87.5,167.5,415,475.74
F,27.5,56,152.5,75,165,392.5,454.95
F,30,56.95,120,102.5,170,392.5,449.94
F,26.5,56.55,137.5,70,175,382.5,440.51
F,40.5,56.1,147.5,70,162.5,380,439.95
F,31.5,57,145,90,132.5,367.5,421.04
F,25.5,56.25,135,77.5,145,357.5,413.17
F,32.5,56.55,132.5,70,150,352.5,405.96
F,25.5,56.7,130,70,152.5,352.5,405.26
F,23.5,56.35,107.5,72.5,142.5,322.5,372.28
F,27.5,56.7,110,67.5,142.5,320,367.89
F,28.5,56.7,130,60,115,305,350.65
F,24.5,62.6,185.5,130,187.5,503,543.09
F,28.5,62.9,172.5,102.5,217.5,492.5,530.2
F,25,62.55,188,100,202.5,490.5,529.85
F,28.5,62.3,170,100,205,475,514.37
F,27.5,62.2,160,97.5,187.5,445,482.36
F,29,62.2,147.5,95,195,437.5,474.23
F,25.5,62.5,170,95,172.5,437.5,472.83
F,36,62.6,160,90,185,435,469.67
F,26.5,61.75,165,92.5,172.5,430,468.19
F,24.5,61.55,162.5,80,182.5,425,463.68
F,25.5,61.7,170,87.5,165,422.5,460.26
F,24.5,61.55,147.5,70,200,417.5,455.5
F,37.5,62.6,142.5,90,185,417.5,450.78
F,25.5,62.75,147.5,107.5,157.5,412.5,444.73
F,30.5,62.45,152.5,87.5,170,410,443.33
F,25.5,62.55,150,82.5,177.5,410,442.9
F,34,61.9,150,77.5,180,407.5,443.03
F,26.5,62.9,137.5,97.5,160,395,425.24
F,34.5,62.6,147.5,92.5,150,390,421.08
F,35.5,61.8,152.5,75,160,387.5,421.71
F,26.5,62.85,135,72.5,180,387.5,417.37
F,30,62.15,140,70,175,385,417.53
F,37,62.35,137.5,82.5,150,370,400.47
F,27.5,61.15,130,55,180,365,399.83
F,24,62.6,135,75,155,365,394.09
F,41.5,62.3,135,67.5,150,352.5,381.72
F,40.5,70.45,180,112.5,242.5,535,539.09
F,24,71.5,197.5,97.5,237.5,532.5,532.19
F,29.5,71.9,203,102.5,222.5,528,526.08
F,33.5,70,190,122.5,210,522.5,528.38
F,25.5,71.8,192.5,105,222.5,520,518.5
F,27,71.45,192.5,95,210,497.5,497.4
F,23.5,71,197.5,97.5,185,480,481.58
F,27.5,71.75,175,120,185,480,478.8
F,26,71.35,180,100,187.5,467.5,467.77
F,25,71.45,172.5,95,195,462.5,462.41
F,26.5,71.45,170,102.5,180,452.5,452.41
F,23.5,70.9,155,97.5,172.5,425,426.73
F,26.5,70.1,145,80,190,415,419.34
F,31,71.7,160,77.5,177.5,415,414.12
F,30,70.3,165,82.5,160,407.5,411.1
F,32.5,68.5,160,85,160,405,414.61
F,29.5,71.6,145,82.5,175,402.5,401.96
F,49.5,71.25,137.5,92.5,160,390,390.53
F,30.5,70.2,75,110,200,385,388.71
F,38,71.35,132.5,82.5,170,385,385.22
F,30.5,70.55,150,70,155,375,377.57
F,23.5,70.9,137.5,65,160,362.5,363.98
F,36.5,65.25,122.5,70,160,352.5,371.21
F,22,83.05,243,117.5,252.5,613,567.13
F,20,83.55,230,137,246,613,565.5
F,45.5,83.55,200,127.5,192.5,520,479.7
F,30.5,82.3,185,105,217.5,507.5,471.58
F,33.5,80.55,177.5,95,225,497.5,467.18
F,30.5,83.3,190,97.5,207.5,495,457.3
F,35,83.15,172.5,127.5,192.5,492.5,455.38
F,26.5,78.1,200,95,190,485,462.56
F,35.5,82.6,177.5,87.5,215,480,445.24
F,34,82.85,185,87.5,207.5,480,444.59
F,28.5,82.35,175,92.5,207.5,475,441.25
F,26.5,82.95,162.5,95,205,462.5,428.14
F,36.5,81.8,160,95,185,440,410.07
F,37.5,82.8,165,70,200,435,403.03
F,33.5,82.1,160,87.5,180,427.5,397.71
F,34.5,83.65,177.5,75,165,417.5,384.93
F,24.5,82.94,195,77.5,140,412.5,381.87
F,26.5,83.65,162.5,85,165,412.5,380.32
F,29.5,82.95,135,72.5,175,382.5,354.08
F,52.5,75.85,92.5,57.5,117.5,267.5,259
F,24.5,72.85,95,55,115,265,262.15
F,30,132,257.5,147.5,235,640,501.66
F,27.5,114.55,230,120,237.5,587.5,477.95
F,26.5,143,230,132.5,225,587.5,454.56
F,26.5,119.4,237.5,127.5,200,565,453.98
F,25.5,149.4,217.5,117.5,227.5,562.5,433.63
F,23,135,220,110,182.5,512.5,399.97
F,32.5,131.6,180,110,215,505,396.09
F,27.5,109.9,195,102.5,195,492.5,406.1
F,39,100.45,175,102.5,190,467.5,398.25
F,34.5,111.7,185,85,160,430,352.65
F,17.5,42,108,65,110,283,404.15
F,17.5,42.95,85,63.5,105,253.5,355.74
F,16.5,42.65,80,50,75,205,289.25
F,17.5,46.5,116,68.5,110,294.5,389.03
F,17.5,46.65,95,55,107.5,257.5,339.34
F,16.5,46.4,77.5,45,100,222.5,294.39
F,17.5,51.75,130.5,80,144.5,355,434.16
F,17.5,51.75,107.5,57.5,112.5,277.5,339.38
F,17.5,51.75,95,65,105,265,324.09
F,17.5,50.85,107.5,55,87.5,250,309.53
F,16.5,51.3,60,40,90,190,233.79
F,16.5,56.8,145,77.5,142.5,365,419.14
F,17.5,56.45,135,67.5,150,352.5,406.44
F,18,56.7,105,57.5,135,297.5,342.03
F,16.5,62,155.5,85,180,420.5,456.71
F,17,61,147.5,65,172.5,385,422.39
F,17.5,62.35,150,80,155,385,416.71
F,16.5,61.95,147.5,70,145,362.5,393.91
F,17.5,60.05,120,75,157.5,352.5,390.56
F,17.5,62.9,110,60,135,305,328.35
F,17.5,61.25,117.5,60,125,302.5,331.03
F,16.5,58.85,110,60,110,280,314.23
F,17.5,60.65,80,50,130,260,286.28
F,17,70.4,145,90,182.5,417.5,420.86
F,18,70.15,157.5,87.5,155,400,404.02
F,16,66.2,125,102.5,167.5,395,412.44
F,17.5,69.75,132.5,67.5,165,365,369.85
F,17.5,71.1,127.5,75,147.5,350,350.88
F,16.5,66.6,130,77.5,140,347.5,361.56
F,17.5,67.9,115,52.5,112.5,280,288.09
F,17.5,79.65,152.5,92.5,180,425,401.33
F,17.5,83.9,167.5,90,167.5,425,391.29
F,17.5,81.2,150,80,160,390,364.78
F,16.5,82.1,145,72.5,162.5,380,353.52
F,17,73.65,127.5,75,147.5,350,344.21
F,17.5,82.3,137.5,67.5,142.5,347.5,322.9
F,17.5,139.95,205,107.5,192.5,505,391.81
F,16,105.85,170,90,182.5,442.5,369.67
F,16.5,118.95,185,100,155,440,353.93
F,22,41.9,105,62.5,146,313.5,448.55
F,19.5,42.95,90,62.5,117.5,270,378.89
F,21.5,42.05,87.5,47.5,127.5,262.5,374.52
F,21.5,41.85,75,50,100,225,322.23
F,23,46.9,130,62.5,151,343.5,450.89
F,21.5,46.85,115,65,150.5,330.5,434.17
F,19.5,46.05,110,70,135,315,419.14
F,22,46.05,117.5,52.5,140,310,412.49
F,18,46.05,90,57.5,135,282.5,375.9
F,20,46.55,97.5,57.5,115,270,356.39
F,22.5,51.4,125,82.5,152.5,360,442.37
F,19.5,51.55,135,65,157.5,357.5,438.4
F,22.5,51.75,130,77.5,147.5,355,434.16
F,21,51.7,130,80,140,350,428.34
F,20,51,117.5,80,150,347.5,429.36
F,22.5,51.1,110,80,152.5,342.5,422.6
F,22.5,50.35,112.5,92.5,130,335,417.68
F,20,51.55,122.5,72.5,137.5,332.5,407.75
F,22.5,51.5,122.5,55,142.5,320,392.68
F,18.5,51.3,107.5,55,135,297.5,366.07
F,18.5,56,150,100,177.5,427.5,495.52
F,23,56.3,152.5,90,178,420.5,485.69
F,21.5,56.9,157.5,82.5,167.5,407.5,467.41
F,21.5,56.55,145,87.5,167.5,400,460.67
F,21.5,56.75,140,90,145,375,430.87
F,20.5,54.75,130,65,150,345,405.96
F,22.5,56.75,112.5,62.5,152.5,327.5,376.3
F,22.5,56.7,115,62.5,145,322.5,370.77
F,21.5,55.3,95,57.5,120,272.5,318.51
F,21,60.6,165,87.5,190.5,443,488.02
F,22.5,62.8,165.5,90,177.5,433,466.6
F,21.5,62.1,152.5,92.5,187.5,432.5,469.28
F,18.5,60.95,160,92.5,175,427.5,469.25
F,22,62.25,147.5,90,185,422.5,457.75
F,22,62.75,142.5,87.5,191,421,453.89
F,22.5,62.8,142.5,97.5,157.5,397.5,428.35
F,21.5,62.05,142.5,90,162.5,395,428.8
F,22.5,62.6,140,80,167.5,387.5,418.39
F,22.5,62.7,147.5,92.5,142.5,382.5,412.58
F,20.5,61,127.5,62.5,142.5,332.5,364.79
F,22.5,62.55,122.5,67.5,135,325,351.08
F,19.5,61.7,112.5,57.5,147.5,317.5,345.87
F,18.5,61.95,100,60,140,300,325.99
F,21.5,71.9,185,105,225,515,513.12
F,19,71.7,182.5,118.5,212.5,513.5,512.41
F,21.5,71.9,160,118,195,473,471.28
F,18.5,68.55,172.5,102.5,185,460,470.71
F,19,71.05,167.5,110,177.5,455,456.32
F,22.5,71.7,165,95,177.5,437.5,436.57
F,20.5,71.25,165,80,182.5,427.5,428.08
F,19.5,70.55,145,92.5,187.5,425,427.91
F,22.5,71.2,167.5,70,185,422.5,423.23
F,22.5,71.8,145,100,177.5,422.5,421.28
F,21.5,70.25,155,75,185,415,418.83
F,21.5,71.85,155,90,167.5,412.5,411.15
F,19.5,70.8,145,92.5,172.5,410,411.99
F,21,70.54,150,80,170,400,402.77
F,18.5,67,155,72.5,162.5,390,404.37
F,20.5,81.55,167.5,128.5,205,501,467.62
F,19.5,83.5,182.5,92.5,200,475,438.32
F,22.5,73.55,155,97.5,200,452.5,445.33
F,19.5,82.65,172.5,82.5,190,445,412.66
F,20.5,83.5,170,102.5,160,432.5,399.1
F,22.5,82.8,147.5,97.5,162.5,407.5,377.55
F,22.5,82.35,165,75,160,400,371.58
F,18.5,73.35,135,85,170,390,384.39
F,22.5,79.4,150,62.5,160,372.5,352.31
F,19.5,79.95,145,50,130,325,306.33
F,18.5,122,230,132.5,190,552.5,441.29
F,20.5,90.3,180,122.5,197.5,500,445.11
F,21.5,101.15,180,100,215,495,420.55
F,23,110.45,190,102.5,190,482.5,397.18
F,21,99.9,167.5,95,177.5,440,375.62
F,22.5,131.95,175,87.5,170,432.5,339.04
F,20.5,99.5,172.5,85,172.5,430,367.66
F,21.5,96.4,155,75,140,370,320.38
F,41.5,46.55,110,70,140,320,422.38
F,42.5,46.7,100,65,112.5,277.5,365.41
F,45.5,46.7,77.5,40,117.5,235,309.45
F,40,50.85,137.5,82.5,162.5,382.5,473.59
F,42,51.4,132.5,67.5,145,345,423.94
F,41.5,51.5,115,70,152.5,337.5,414.16
F,46.5,51.85,112.5,62.5,140,315,384.73
F,39.5,56.25,137.5,90,160,387.5,447.84
F,48.5,56.5,130,80,172.5,382.5,440.77
F,44.5,53.95,130,65,167.5,362.5,430.82
F,42.5,54.65,125,85,140,350,412.35
F,43,56.25,120,82.5,145,347.5,401.61
F,45.5,56.5,122.5,70,150,342.5,394.68
F,47.5,56.1,115,72.5,140,327.5,379.16
F,45.5,55.85,120,55,145,320,371.58
F,39.5,55.9,115,57.5,132.5,305,353.95
F,43.5,55.45,82.5,47.5,107.5,237.5,277.1
F,40.5,62.6,157.5,102.5,145,405,437.28
F,44.5,62,137.5,82.5,160,380,412.72
F,42,62.4,140,82.5,157.5,380,411.09
F,47.5,61.7,130,67.5,160,357.5,389.45
F,43.5,62.4,125,72.5,155,352.5,381.34
F,46.5,62.1,120,67.5,157.5,345,374.34
F,46,61.7,132.5,72.5,132.5,337.5,367.66
F,44.5,62.2,117.5,65,150,332.5,360.42
F,44.5,70.55,175,97.5,185,457.5,460.63
F,39.5,68.45,167.5,92.5,175,435,445.5
F,39,71,157.5,97.5,172.5,427.5,428.91
F,41.5,71.2,157.5,85,177.5,420,420.73
F,40.5,71.9,160,60,160,380,378.62
F,45.5,70,125,87.5,155,367.5,371.64
F,42,68.95,135,65,160,360,367.17
F,39.5,67.5,125,62.5,155,342.5,353.59
F,40.5,71.45,105,82.5,152.5,340,339.93
F,40.5,82.95,160,97.5,185,442.5,409.62
F,43.5,83.2,162.5,85,180,427.5,395.17
F,45,82.65,150,82.5,185,417.5,387.15
F,44.5,83.2,147.5,90,175,412.5,381.3
F,45,83.2,150,72.5,172.5,395,365.12
F,45.5,83.55,140,82.5,167.5,390,359.78
F,46,82.95,157.5,60,170,387.5,358.71
F,44.5,83.3,130,70,180,380,351.06
F,46.5,77.6,155,82.5,140,377.5,361.21
F,39,83.5,132.5,75,170,377.5,348.35
F,40.5,82.6,145,80,150,375,347.85
F,40.5,82.1,145,62.5,162.5,370,344.22
F,44,81.05,112.5,57.5,130,300,280.86
F,41,100.85,182.5,115,200,497.5,423.15
F,49,128.45,195,100,195,490,386.36
F,43.5,130.05,170,110,195,475,373.5
F,47.5,102.2,185,82.5,180,447.5,378.7
F,40.5,95.6,157.5,82.5,172.5,412.5,358.4
F,41.5,99,145,70,175,390,334.12
F,43.5,112.6,145,82.5,145,372.5,304.7
F,52,46.55,95,65,122.5,282.5,372.88
F,54.5,46.25,102.5,57.5,117.5,277.5,368.05
F,53.5,45.85,87.5,55,125,267.5,357.1
F,49.5,46.4,95,50,115,260,344.01
F,50.5,51.4,115,75,142.5,332.5,408.58
F,50.5,51.15,110,75,127.5,312.5,385.32
F,57.5,51.55,100,57.5,137.5,295,361.76
F,57.5,51.8,90,45,135,270,329.99
F,54,49.85,105,50,110,265,332.76
F,52.5,51.95,77.5,45,120,242.5,295.78
F,51.5,56.3,107.5,87.5,145,340,392.71
F,50.5,56.2,122.5,57.5,155,335,387.39
F,50.5,55.45,120,62.5,145,327.5,382.11
F,52,55.7,117.5,70,140,327.5,380.97
F,54.5,55.05,122.5,72.5,127.5,322.5,378.1
F,49.5,56.45,102.5,75,130,307.5,354.55
F,49.5,56.75,112.5,62.5,132.5,307.5,353.32
F,50.5,56.5,107.5,60,112.5,280,322.65
F,51.5,56.05,102.5,57.5,115,275,318.57
F,52.5,56.55,85,42.5,115,242.5,279.28
F,55,62.55,130,96,165,391,422.37
F,52,62.15,130,75,147.5,352.5,382.28
F,54,62.1,120,62.5,167.5,350,379.76
F,49.5,62.1,117.5,77.5,135,330,358.06
F,53,61.75,115,65,145,325,353.87
F,54,62.75,115,55,147.5,317.5,342.3
F,51,61.7,112.5,67.5,135,315,343.15
F,50.5,61.15,117.5,50,137.5,305,334.11
F,49.5,61.4,112.5,62.5,120,295,322.33
F,58.5,70.05,140,65,167.5,372.5,376.54
F,52,67.25,115,75,167.5,357.5,369.87
F,55.5,67.95,115,85,150,350,359.96
F,51.5,71.15,117.5,70,160,347.5,348.24
F,50.5,71.5,107.5,65,140,312.5,312.32
F,49.5,65.25,95,75,125,295,310.66
F,51.5,71.9,107.5,62.5,122.5,292.5,291.43
F,51.5,67.3,80,60,145,285,294.74
F,52.5,71.5,95,60,110,265,264.84
F,57.5,82.75,140,95,167.5,402.5,373.03
F,54,78.8,140,80,160,380,360.78
F,49.5,82.85,137.5,70,162.5,370,342.71
F,55,83.5,117.5,80,160,357.5,329.89
F,52.5,73.05,107.5,70,162.5,340,335.85
F,52.5,83.4,130,67.5,135,332.5,307
F,55.5,81.5,112.5,65,137.5,315,294.1
F,53,74.25,102.5,75,130,307.5,301.1
F,51.5,97.7,185,105,182.5,472.5,406.93
F,51.5,106.95,172.5,107.5,175,455,378.71
F,53.5,116.1,165,95,180,440,356.48
F,51,117.25,157.5,82.5,190,430,347.34
F,51.5,102.95,157.5,70,165,392.5,331.25
F,50,100.85,155,97.5,130,382.5,325.34
F,62,49.45,105,42.5,130,277.5,350.47
F,60,50.1,95,60,112.5,267.5,334.7
F,63.5,50.15,90,50,115,255,318.84
F,59,51.45,90,47.5,112.5,250,306.99
F,62.5,56.6,100,55,150,305,351.05
F,60.5,55.55,85,60,130,275,320.47
F,61.5,55.4,95,50,115,260,303.54
F,61.5,56.45,90,47.5,112.5,250,288.25
F,66.5,56.2,85,42.5,120,247.5,286.21
F,60.5,61.45,97.5,70,132.5,300,327.63
F,59,62.6,95,70,130,295,318.51
F,65,62.4,105,52.5,132.5,290,313.73
F,67.5,60.5,100,52.5,125,277.5,306.02
F,65.5,61.95,75,42.5,125,242.5,263.51
F,59,70.95,115,60,145,320,321.18
F,64.5,70.45,110,55,137.5,302.5,304.81
F,63.5,66.6,70,37.5,110,217.5,226.3
F,63.5,82.4,110,77.5,147.5,335,311.11
F,62.5,82.1,123,55,137.5,315.5,293.52
F,59.5,79.85,120,60,135,315,297.09
F,61,77,100,55,153,308,295.89
F,59.5,101.35,105,77.5,135,317.5,269.54
F,64,93.15,97.5,65,135,297.5,261.31
F,46.5,46.8,126.5,75,147.5,349,458.83
F,41.5,44.4,97.5,60,130,287.5,393.25
F,44,46.75,92.5,57.5,137.5,287.5,378.28
F,42,46.35,107.5,50,122.5,280,370.77
F,40.5,46.9,100,60,120,280,367.54
F,40,45.3,92.5,50,132.5,275,370.46
F,46,46.1,97.5,55,112.5,265,352.33
F,45.5,46.9,95,52.5,117.5,265,347.85
F,43.5,51.5,115,67.5,155,337.5,414.16
F,39,51.6,105,67.5,160,332.5,407.47
F,42,51.3,112.5,72.5,145,330,406.06
F,45.5,51.75,115,55,152.5,322.5,394.42
F,41,51.5,110,57.5,150,317.5,389.62
F,47.5,50.65,105,50,150,305,378.68
F,40.5,50.4,100,50,150,300,373.78
F,47.5,51.45,105,57.5,130,292.5,359.18
F,47,51.1,97.5,60,115,272.5,336.23
F,43,55.9,135,75,180,390,452.59
F,42,56.55,132.5,90,157.5,380,437.63
F,42,55.6,132.5,77.5,162.5,372.5,433.83
F,48.5,56.75,120,62.5,180,362.5,416.51
F,46,56.55,140,67.5,145,352.5,405.96
F,47,56.9,127.5,80,140,347.5,398.59
F,49,57,110,62.5,165,337.5,386.67
F,47.5,56.45,102.5,70,150,322.5,371.85
F,42.5,56.55,112.5,67.5,135,315,362.78
F,48.5,56.8,112.5,65,130,307.5,353.11
F,42.5,52.5,102.5,55,130,287.5,348.12
F,47.5,56.25,92.5,57.5,132.5,282.5,326.49
F,43,62.65,157.5,100,192.5,450,485.63
F,43,61.55,150,80,202.5,432.5,471.86
F,46,62.75,155,87.5,170,412.5,444.73
F,45,62.4,140,80,180,400,432.73
F,42,62.6,145,77.5,175,397.5,429.18
F,46,62.4,135,92.5,165,392.5,424.62
F,43,62.2,130,70,182.5,382.5,414.61
F,39.5,61.2,125,80,167.5,372.5,407.84
F,43.5,61.75,125,72.5,175,372.5,405.59
F,48,62.65,140,82.5,140,362.5,391.2
F,46.5,61.9,127.5,65,167.5,360,391.39
F,46.5,61.65,112.5,72.5,120,305,332.42
F,48.5,68.2,189,90,215,494,506.99
F,47,67.95,160,105,195,460,473.09
F,40.5,66.6,152.5,85,202.5,440,457.81
F,45,68.7,162.5,87.5,182.5,432.5,442.02
F,41.5,67.55,140,92.5,165,397.5,410.2
F,48.5,68.05,135,77.5,162.5,375,385.34
F,41,68.2,137.5,77.5,160,375,384.86
F,48,68.8,115,55,155,325,331.88
F,40.5,75.35,190,100,225,515,500.37
F,48,74.85,160,102.5,187.5,450,438.75
F,49,72.4,145,97.5,197.5,440,436.74
F,42.5,69.75,167.5,92.5,175,435,440.78
F,47,75.2,145,92.5,185,422.5,410.93
F,42,74.65,157.5,85,170,412.5,402.76
F,46.5,75.65,152.5,80,170,402.5,390.25
F,42,80.4,190,92.5,228,510.5,479.83
F,44,82.35,172.5,107.5,219,499,463.55
F,41.5,83.3,175,97.5,177.5,450,415.72
F,43.5,83.05,142.5,102.5,182.5,427.5,395.51
F,42.5,84,155,77.5,170,402.5,370.36
F,48,84,142.5,82.5,165,390,358.86
F,43.5,83.8,130,87.5,165,382.5,352.36
F,39.5,82.9,147.5,70,150,367.5,340.29
F,48,116.8,200,137.5,212.5,550,444.79
F,46.5,90.95,177.5,72.5,215,465,412.65
F,41,114.85,187.5,107.5,170,465,377.98
F,47.5,116.7,155,80,177.5,412.5,333.68
F,53.5,46.8,110,65,112.5,287.5,377.98
F,50,46.35,95,55,125,275,364.15
F,49.5,46.2,95,52.5,122.5,270,358.39
F,50,51.5,137.5,55,160,352.5,432.57
F,56,51.85,110,62.5,145,317.5,387.78
F,56,51.8,105,62.5,125,292.5,357.49
F,54.5,51.25,87.5,72.5,120,280,344.77
F,54,56.7,132.5,85,182.5,400,459.87
F,50.5,55.95,130,72.5,160,362.5,420.43
F,50,56.6,130,75,157.5,362.5,417.24
F,58.5,56.55,87.5,42.5,115,245,282.16
F,58,62.1,145,90,182.5,417.5,453
F,53,61.95,120,52.5,198,370.5,402.6
F,53,62.75,127.5,92.5,145,365,393.52
F,58.5,61.8,115,70,172.5,357.5,389.06
F,55.5,61.85,125,72.5,160,357.5,388.86
F,53.5,61.75,112.5,80,155,347.5,378.36
F,58.5,62.6,127.5,57.5,155,340,367.1
F,58,62.75,100,65,135,300,323.44
F,50.5,61.05,95,55,115,265,290.59
F,54.5,62.05,95,52.5,115,262.5,284.96
F,52,68.05,180,82.5,197,459.5,472.18
F,55,68.9,162.5,85,162.5,410,418.34
F,58.5,68,140,75,175,390,400.93
F,58.5,68.7,132.5,80,165,377.5,385.81
F,52.5,67.25,120,75,175,370,382.81
F,56,68,135,80,122.5,337.5,346.96
F,49,75.75,160,102.5,192.5,455,440.85
F,53,74.95,172.5,80,162.5,415,404.34
F,50,74.55,147.5,90,170,407.5,398.16
F,51.5,73.95,145,72.5,175,392.5,385.16
F,50.5,75.45,117.5,70,203,390.5,379.14
F,56,74.85,125,62.5,130,317.5,309.57
F,50.5,73.95,97.5,55,122.5,275,269.86
F,56.5,84,167.5,87.5,192.5,447.5,411.77
F,50.5,80.85,155,110.5,180,445.5,417.58
F,53.5,81.7,150,87.5,195,432.5,403.32
F,55.5,83.4,162.5,70,192.5,425,392.4
F,50,81.95,107.5,67.5,130,305,284
F,53,83.55,97.5,72.5,115,285,262.92
F,49.5,126.7,185,115,202.5,502.5,397.5
F,58,106.6,167.5,90,185,442.5,368.74
F,52.5,86.25,140,72.5,165,377.5,343.08
F,56.5,98.75,142.5,70,165,377.5,323.73
F,50.5,112.6,117.5,57.5,157.5,332.5,271.98
F,52,85.95,90,50,115,255,232.13
F,63.5,46.5,72.5,47.5,120,240,317.04
F,66.5,46.6,82.5,45,102.5,230,303.35
F,66,51.8,100,55,125,280,342.21
F,60,51.9,102.5,47.5,120,270,329.54
F,62.5,50.15,90,47.5,117.5,255,318.84
F,62,55.15,102.5,55,132.5,290,339.58
F,65,55,77.5,37.5,107.5,222.5,261.02
F,62,62.75,121.5,62.5,160,344,370.88
F,66.5,62.65,115,60,140,315,339.94
F,59.5,60.2,105,57.5,142.5,305,337.4
F,61.5,62.55,102.5,60,110,272.5,294.36
F,63.5,62.4,87.5,67.5,107.5,262.5,283.98
F,60,68.25,145,72.5,182.5,400,410.34
F,61,67.5,110,70,180.5,360.5,372.18
F,65,65.25,117.5,65,157.5,340,358.05
F,59,68.05,107.5,60,125,292.5,300.57
F,65,75.35,142.5,65,165,372.5,361.92
F,63.5,74,127.5,67.5,125,320,313.9
F,64,73.65,107.5,60,142.5,310,304.87
F,64,74.75,95,45,122.5,262.5,256.12
F,65,72.7,50,42.5,100,192.5,190.64
F,63.5,82.85,120,100,150,370,342.71
F,62,83.9,110,82.5,161,353.5,325.46
F,59.5,80.7,120,65,142.5,327.5,307.26
F,63.5,81.65,107.5,65,145,317.5,296.17
F,61,104.4,152.5,96,183,431.5,362.28
F,60.5,113.3,132.5,70,145,347.5,283.68
F,69.5,45.5,80,37.5,110,227.5,305.46
F,70,62.1,118,65,155,338,366.74
M,41,59,177.5,125,180,482.5,412.96
M,48.5,58.4,157.5,95,210,462.5,399.25
M,46.5,58.9,175,95,190,460,394.26
M,39.5,65.6,207.5,130,247.5,585,460.44
M,45,64.9,202.5,127.5,245,575,456.23
M,44.5,64.5,200,120,232.5,552.5,440.43
M,42,65.6,205,115,227.5,547.5,430.92
M,43,65.35,180,112.5,212.5,505,398.61
M,48.5,65.55,165,100,222.5,487.5,383.92
M,42.5,74,240,160,267.5,667.5,483.04
M,39.5,72.9,237.5,137.5,277.5,652.5,476.84
M,43,73,250,137.5,265,652.5,476.41
M,40.5,73.2,200,130,260,590,430
M,39,73.1,205,130,235,570,415.8
M,46,73.3,210,135,220,565,411.41
M,45.5,72.85,200,135,215,550,402.12
M,49,73.15,195,125,230,550,401.03
M,42.5,73.9,202.5,125,217.5,545,394.74
M,42.5,73.15,215,140,180,535,390.09
M,40.5,82.85,265,180,275,720,486.56
M,46,82.7,252.5,180,272.5,705,476.91
M,39.5,82.55,240,170,250,660,446.93
M,45,82.2,237.5,140,265,642.5,436.13
M,43,82.3,220,157.5,265,642.5,435.82
M,42.5,82.6,232.5,140,255,627.5,424.77
M,41.5,82.75,205,140,267.5,612.5,414.19
M,44.5,81.9,225,132.5,250,607.5,413.23
M,39.5,82.1,220,127.5,235,582.5,395.67
M,40,92.15,295,182.5,310,787.5,503.28
M,40.5,93,267.5,172.5,327.5,767.5,488.32
M,40.5,92.3,260,180,295,735,469.36
M,45,92.95,262.5,170,275,707.5,450.26
M,40.5,92.5,237.5,160,275,672.5,428.99
M,41.5,92.6,242.5,147.5,277.5,667.5,425.58
M,41,92.55,242.5,147.5,260,650,414.53
M,41,91.75,225,147.5,275,647.5,414.69
M,46.5,92.1,250,127.5,262.5,640,409.12
M,40.5,90.45,215,152.5,252.5,620,399.89
M,41,92.4,210,122.5,270,602.5,384.54
M,47,92.25,185,135,280,600,383.25
M,39.5,89.3,215,112.5,245,572.5,371.65
M,44.5,91.35,190,102.5,230,522.5,335.35
M,47,91.25,180,175,160,515,330.72
M,47,104.75,302.5,185,315,802.5,484.45
M,42.5,105,320,182.5,285,787.5,474.94
M,39.5,101.95,285,182.5,305,772.5,471.58
M,42.5,104.85,265,217.5,285,767.5,463.14
M,41,101.95,257.5,182.5,305,745,454.79
M,46.5,103.65,267.5,165,297.5,730,442.58
M,39.5,104.35,250,162.5,295,707.5,427.76
M,39.5,104.15,272.5,180,252.5,705,426.59
M,41.5,104.6,280,175,247.5,702.5,424.33
M,42,104,207.5,157.5,255,620,375.37
M,39.5,98.65,205,130,240,575,356.03
M,39.5,103.9,205,147.5,207.5,560,339.18
M,43,96.1,195,122.5,240,557.5,349.29
M,39,117.45,325,207.5,365,897.5,519.19
M,40,119.25,322.5,205,362.5,890,512.2
M,39.5,118.45,307.5,195,317.5,820,472.99
M,41,118.5,255,162.5,290,707.5,408.04
M,40.5,117.6,290,75,317.5,682.5,394.65
M,44,118.55,265,172.5,235,672.5,387.8
M,40,111.65,247.5,150,272.5,670,394.63
M,40.5,113.8,225,157.5,285,667.5,390.44
M,44.5,110.5,205,160,247.5,612.5,362.15
M,48,124.05,335,220,305,860,488.59
M,39.5,148.7,320,185,340,845,455.47
M,43,131.9,275,190,300,765,426.5
M,43,157.8,280,200,250,730,387.32
M,41,149.05,275,185,260,720,387.85
M,47,137.2,240,167.5,280,687.5,378.92
M,50,58.6,167.5,102.5,185,455,391.65
M,52,58.95,150,110,172.5,432.5,370.43
M,57.5,58.3,147.5,97.5,175,420,363.09
M,55,58.85,120,82.5,160,362.5,310.91
M,54.5,58.85,107.5,77.5,155,340,291.62
M,54,65.45,167.5,122.5,245,535,421.81
M,56,65.65,182.5,110,222.5,515,405.11
M,53,65.65,180,112.5,220,512.5,403.15
M,51.5,65.8,180,95,210,485,380.87
M,57,65.65,165,120,185,470,369.72
M,50.5,65.4,125,87.5,160,372.5,293.86
M,56.5,61.35,125,65,130,320,265.26
M,50,73.65,228,140,240,608,441.34
M,56.5,73.65,192.5,115,225,532.5,386.54
M,51.5,73.9,177.5,125,230,532.5,385.68
M,54.5,72.5,190,137.5,202.5,530,388.73
M,55,73.7,162.5,125,217.5,505,366.41
M,53.5,73.65,172.5,125,195,492.5,357.5
M,50,73.9,167.5,92.5,232.5,492.5,356.71
M,50,72.8,165,110,185,460,336.47
M,59,73.25,170,90,170,430,313.25
M,50.5,82.15,260,172.5,296.5,729,495.01
M,52,80.2,215,150,270,635,437.22
M,53,82.1,225,145,247.5,617.5,419.45
M,52,82.35,190,120,290,600,406.86
M,50,82.15,200,157.5,230,587.5,398.93
M,53.5,82.3,207.5,122.5,252.5,582.5,395.12
M,50,82.25,215,115,237.5,567.5,385.08
M,50.5,76.05,150,115,175,440,312.9
M,51.5,81.35,140,115,180,435,297.04
M,50,90.75,250,162.5,260,672.5,433.04
M,54,92,230,150,275,655,418.93
M,55,92.95,237.5,145,272.5,655,416.85
M,52.5,92.15,245,152.5,250,647.5,413.81
M,56.5,92.6,215,155,245,615,392.11
M,51,91.2,192.5,150,252.5,595,382.19
M,50,89.15,205,162.5,222.5,590,383.33
M,50.5,91.8,160,115,240,515,329.74
M,50.5,90.25,165,120,210,495,319.62
M,54.5,105,322.5,185,350.5,858,517.46
M,54,103.85,262.5,177.5,275,715,433.15
M,49.5,103.9,235,155,287.5,677.5,410.35
M,55,104.1,207.5,150,250,607.5,367.66
M,55.5,98.4,215,155,202.5,572.5,354.88
M,49.5,102.75,207.5,132.5,222.5,562.5,342.26
M,53,103.4,200,125,227.5,552.5,335.3
M,52,113.3,267.5,172.5,277.5,717.5,420.35
M,52,112.85,255,167.5,272.5,695,407.75
M,55,119.25,265,170,260,695,399.98
M,57.5,119.05,230,187.5,270,687.5,395.89
M,55.5,114.85,255,162.5,260,677.5,394.99
M,54,116.7,240,162.5,270,672.5,389.89
M,49.5,112.5,255,155,260,670,393.53
M,53.5,118.55,255,172.5,240,667.5,384.92
M,55,116.4,202.5,150,285,637.5,369.93
M,53,118.65,207.5,145,230,582.5,335.81
M,52.5,130.05,280,170,287.5,737.5,412.91
M,51.5,141.4,265,192.5,280,737.5,403.04
M,52,131.15,265,182.5,280,727.5,406.28
M,50,162.05,255,192.5,277.5,725,382
M,52,157.9,257.5,175,280,712.5,377.97
M,55,134.55,260,160,275,695,385.22
M,52.5,139.95,265,175,240,680,372.69
M,55.5,132.1,245,125,100,470,261.91
M,62.5,58.5,105,65,157.5,327.5,282.31
M,64,57.6,100,72.5,130,302.5,264.21
M,60,65.15,155,92.5,190,437.5,346.13
M,61.5,64.15,165,95,170,430,344.2
M,62,65.9,145,70,200,415,325.53
M,60.5,65.2,117.5,85,175,377.5,298.48
M,68.5,63.5,142.5,35,162.5,340,274.3
M,63.5,73.5,210,138.5,240,588.5,427.76
M,60.5,73,187.5,120,255.5,563,411.06
M,61,73.75,207.5,117.5,215,540,391.63
M,66,72.85,190,100,200,490,358.25
M,61.5,73.3,160,127.5,190,477.5,347.7
M,59.5,73.9,190,97.5,180,467.5,338.6
M,60.5,73.85,170,110,175,455,329.7
M,64.5,81.8,200,140,220,560,381.19
M,62.5,82.65,180,122.5,240,542.5,367.11
M,60.5,81.8,187.5,95,232.5,515,350.55
M,61.5,82.75,160,147.5,155,462.5,312.76
M,65,82.8,137.5,142.5,85,365,246.74
M,66,91.95,240,190,225,655,419.04
M,64,91.3,212.5,135,237.5,585,375.57
M,62.5,92.65,210,130,245,585,372.88
M,59.5,91.3,192.5,142.5,247.5,582.5,373.96
M,63.5,92.45,200,117.5,245,562.5,358.92
M,59.5,90.85,177.5,135,200,512.5,329.83
M,66.5,90.95,160,92.5,180,432.5,278.19
M,62,103.65,237.5,165,255,657.5,398.63
M,60.5,102.7,230,140,250,620,377.33
M,68.5,103.7,215,125,260,600,363.7
M,66,103.75,235,115,225,575,348.47
M,61,103.9,207.5,117.5,250,575,348.27
M,65.5,103.35,190,125,225,540,327.78
M,64,102.45,187.5,112.5,207.5,507.5,309.17
M,59.5,118.7,247.5,157.5,286,691,398.3
M,61,119.05,227.5,170,260,657.5,378.61
M,61.5,114.25,200,145,240,585,341.7
M,64,139.55,285.5,160,280,725.5,397.95
M,59.5,122.95,235,145,235,615,350.4
M,62.5,134.1,220,100,235,555,307.92
M,61,126.85,192.5,110,230,532.5,300.41
M,63,127.9,142.5,125,187.5,455,256.04
M,69.5,59.9,72.5,30,87.5,190,160.59
M,70,79.5,105,92.5,185,382.5,264.73
M,69.5,99.15,200,112.5,236,548.5,338.87
M,69.5,104.25,175,120,227.5,522.5,316.03
M,19.5,58.9,172.5,107.5,192.5,472.5,404.97
M,22.5,58.35,142.5,100,182.5,425,367.15
M,23,58.7,162.5,97.5,130,390,335.22
M,23,65.55,200,130,195,525,413.45
M,22.5,65.65,175,127.5,205,507.5,399.21
M,20.5,64.95,170,102.5,220,492.5,390.54
M,20.5,65.95,165,127.5,200,492.5,386.1
M,20,63.25,142.5,97.5,185,425,343.92
M,22,73.2,242.5,130,257.5,630,459.15
M,18.5,73.3,192.5,145,242.5,580,422.33
M,24.5,72.6,222.5,135,220,577.5,423.19
M,21.5,73.9,200,127.5,225,552.5,400.17
M,25.5,73.2,195,117.5,225,537.5,391.74
M,20.5,73,185,100,237.5,522.5,381.49
M,19.5,71.5,165,105,217.5,487.5,360.91
M,22.5,82.35,230,170,300,700,474.66
M,22.5,82.75,260,160,250,670,453.08
M,24.5,83,230,150,247.5,627.5,423.62
M,24.5,81.7,237.5,145,240,622.5,424.03
M,18.5,82.6,230,127.5,260,617.5,418
M,25.5,80.1,212.5,140,247.5,600,413.42
M,20.5,80.1,225,122.5,245,592.5,408.26
M,21.5,82.7,202.5,127.5,215,545,368.67
M,24.5,82.3,195,112.5,225,532.5,361.21
M,20.5,81.15,170,122.5,212.5,505,345.33
M,24.5,76.5,170,135,190,495,350.71
M,21.5,75.55,165,92.5,212.5,470,335.62
M,23.5,78.45,150,87.5,200,437.5,305.22
M,22,91.95,270,180,260,710,454.23
M,23.5,92.65,235,185,257.5,677.5,431.84
M,23.5,90.15,205,182.5,270,657.5,424.78
M,20.5,91.95,220,137.5,270,627.5,401.45
M,27.5,84.6,215,167.5,240,622.5,415.81
M,23.5,92.2,235,137.5,235,607.5,388.14
M,23,83.65,210,145,240,595,399.93
M,25.5,90.6,215,150,225,590,380.23
M,22.5,104.35,300,157.5,300,757.5,458
M,26.5,104,270,187.5,270,727.5,440.46
M,20.5,103.15,245,150,280,675,410.06
M,23.5,97.55,220,180,240,640,398.26
M,22.5,97.95,217.5,155,255,627.5,389.77
M,24.5,99.4,252.5,132.5,237.5,622.5,384.16
M,27.5,94.3,190,145,267.5,602.5,380.82
M,23,97.45,225,150,227.5,602.5,375.1
M,20,101.3,192.5,125,225,542.5,332.07
M,21.5,102.1,152.5,122.5,217.5,492.5,300.47
M,21.5,93.1,160,140,175,475,302.06
M,23.5,110.25,305,192.5,302.5,800,473.41
M,20.5,105.7,215,140,252.5,607.5,365.41
M,20.5,115.6,200,117.5,225,542.5,315.56
M,27.5,142.6,295,220,315,830,452.53
M,21.5,140.1,270,150,290,710,389.02
M,22.5,120.4,252.5,182.5,255,690,395.83
F,21.5,45.95,120,60,115,295,393.17
F,24.5,46.2,92.5,45,92.5,230,305.3
F,19.5,45.5,80,37.5,100,217.5,292.03
F,18.5,51.6,107.5,55,120,282.5,346.2
F,20.5,51.15,85,45,107.5,237.5,292.84
F,19.5,55.65,85,50,107.5,242.5,282.26
F,20.5,55.95,82.5,40,117.5,240,278.35
F,21,61.65,120,72.5,145,337.5,367.84
F,20.5,58.75,115,65,142.5,322.5,362.32
F,24.5,61.25,117.5,65,122.5,305,333.77
F,21.5,59.95,102.5,60,140,302.5,335.51
F,23.5,60.89,97.5,77.5,115,290,318.52
F,24.5,59.85,100,60,107.5,267.5,297.01
F,19.5,60.85,95,47.5,115,257.5,282.94
F,21.5,62.15,90,47.5,110,247.5,268.41
F,23.5,71.15,150,82.5,170,402.5,403.35
F,21.5,71.5,125,95,147.5,367.5,367.28
F,23.5,70.3,115,67.5,162.5,345,348.05
F,21.5,70.25,132.5,70,140,342.5,345.66
F,23.5,71.2,125,82.5,132.5,340,340.59
F,22.5,71.4,122.5,65,135,322.5,322.56
F,21.5,68.8,107.5,65,125,297.5,303.8
F,19.5,66.1,110,55,117.5,282.5,295.23
F,22.5,67.5,97.5,55,125,277.5,286.49
F,22.5,66.4,90,50,125,265,276.21
F,21.5,83.2,150,80,180,410,378.99
F,21.5,81.6,145,70,172.5,387.5,361.57
F,22.5,79.4,140,72.5,162.5,375,354.68
F,21.5,72.05,117.5,72.5,172.5,362.5,360.77
F,20.5,72.05,115,62.5,135,312.5,311.01
F,19.5,86,162.5,85,202.5,450,409.52
F,24.5,105.1,150,77.5,157.5,385,322.46
F,21,84.35,140,75,145,360,330.6
F,22,105.05,145,57.5,150,352.5,295.29
F,19,85.13,135,65,150,350,320.03
F,26.5,92.7,85,40,90,215,189.23
F,34,46.85,147.5,75,212.5,435,571.45
F,23.5,46.7,162.5,102,170,434.5,572.15
F,34.5,46.95,145,92.5,175,412.5,541.03
F,29.5,46.67,140,87.5,172.5,400,526.97
F,20.5,46.87,147.5,80,157.5,385,505.6
F,33.5,46.95,140,72.5,157.5,370,485.29
F,31,46.78,127.5,77.5,162.5,367.5,483.31
F,20.5,46.11,127.5,70,160,357.5,475.23
F,35,46.63,125,72.5,140,337.5,444.91
F,34,46.38,110,75,150,335,443.39
F,33,46.42,117.5,72.5,140,330,436.49
F,36,46.67,112.5,65,132.5,310,408.4
F,29,51.89,167.5,107.5,205,480,585.94
F,29,51.53,172.5,107.5,197.5,477.5,585.72
F,30.5,51.8,178,92.5,182.5,453,553.65
F,34.5,51.78,162.5,87.5,190,440,537.9
F,31,51.04,172.5,90,175,437.5,540.26
F,28.5,51.49,155,97.5,180,432.5,530.81
F,26.5,51.65,162.5,90,170,422.5,517.41
F,32.5,51.82,140,72.5,209.5,422,515.62
F,29,51.15,155,90,175,420,517.87
F,24.5,51.82,160,82.5,177.5,420,513.18
F,34.5,51.99,155,100,165,420,512.01
F,32.5,51.83,145,95,177.5,417.5,510.05
F,25.5,52,155,92.5,157.5,405,493.66
F,25.5,51.42,140,90,162.5,392.5,482.18
F,28.5,51.48,135,87.5,162.5,385,472.58
F,33,50.2,127.5,75,170,372.5,465.42
F,24.5,51.97,132.5,80,145,357.5,435.93
F,34,51.89,127.5,75,152.5,355,433.35
F,27.5,51.59,115,67.5,162.5,345,422.85
F,39,51.89,90,65,157.5,312.5,381.47
F,42,51.96,105,62.5,145,312.5,381.11
F,41,51.43,105,50,140,295,362.35
F,44.5,51.28,105,47.5,122.5,275,338.48
F,27,56.57,197.5,107.5,215,520,598.73
F,24,56.33,182.5,100,222.5,505,583.09
F,32.5,57,180,100,225,505,578.58
F,30,56.92,187.5,110,195,492.5,564.77
F,26.5,56.05,172.5,110,207.5,490,567.63
F,33.5,56.6,182.5,100,205,487.5,561.11
F,30.5,56.15,162.5,112.5,177.5,452.5,523.57
F,23.5,56.69,162.5,105,185,452.5,520.28
F,23,56.81,170,107.5,175,452.5,519.56
F,29.5,56.96,157.5,90,192.5,440,504.34
F,29.5,56.84,165,97.5,170,432.5,496.43
F,28.5,56.25,162.5,92.5,175,430,496.96
F,31.5,56.6,157.5,87.5,182.5,427.5,492.05
F,27,56.62,150,90,187.5,427.5,491.94
F,32,56.77,142.5,105,172.5,420,482.47
F,30.5,56.89,152.5,90,177.5,420,481.8
F,29,56.92,157.5,92.5,167.5,417.5,478.77
F,25,56.39,152.5,100,162.5,415,478.83
F,27.5,56.82,155,105,150,410,470.71
F,31.5,56.51,142.5,100,162.5,405,466.64
F,24.5,56.58,155,77.5,170,402.5,463.38
F,25.5,56.9,135,87.5,170,392.5,450.2
F,26,54.27,135,80,175,390,461.65
F,31.5,56.5,147.5,77.5,165,390,449.41
F,26.5,56.59,142.5,92.5,152.5,387.5,446.06
F,24.5,55.77,142.5,80,155,377.5,438.76
F,29.5,56.33,147.5,70,152.5,370,427.21
F,28,56.97,137.5,82.5,150,370,424.05
F,29.5,56.28,135,70,160,365,421.69
F,23.5,55.93,130,60,155,345,400.23
F,31,54.41,130,65,147.5,342.5,404.72
F,23.5,62.79,197.5,140,227.5,565,608.9
F,26,62.59,200,127.5,232.5,560,604.69
F,37,62.8,200,137.5,207.5,545,587.29
F,28.5,62.47,195,117.5,210,522.5,564.86
F,22.5,62.77,177.5,105,220,502.5,541.65
F,24.5,61.83,182.5,117.5,200,500,543.97
F,24.5,62.21,182.5,122.5,195,500,541.92
F,24.5,62.81,172.5,107.5,220,500,538.75
F,35,62.9,170,120,207.5,497.5,535.59
F,37.5,62.37,177.5,112.5,205,495,535.66
F,40,62.97,185,97.5,202.5,485,521.78
F,25.5,62.7,165,117.5,185,467.5,504.27
F,24,62.77,172.5,105,190,467.5,503.93
F,30.5,62.67,167.5,107.5,190,465,501.72
F,43.5,62.83,152.5,97.5,210,460,495.55
F,27.5,62.53,170,102.5,180,452.5,488.9
F,27.5,60.69,170,80,195,445,489.77
F,23,62.89,160,95,190,445,479.11
F,31,61.63,150,82.5,210,442.5,482.38
F,34.5,62.24,155,95,190,440,476.75
F,25,62.75,155,92.5,185,432.5,466.29
F,44.5,62.06,152.5,122.5,152.5,427.5,464.03
F,25.5,61.92,147.5,75,192.5,415,451.09
F,23.5,60.63,152.5,92.5,165,410,451.53
F,34.5,60.61,142.5,80,182.5,405,446.11
F,26,61.55,137.5,80,182.5,400,436.4
F,25.5,60.66,135,67.5,177.5,380,418.36
F,32.5,62.29,137.5,72.5,157.5,367.5,398
F,32,61.11,125,75,147.5,347.5,380.82
F,24.5,62.26,122.5,62.5,162.5,347.5,376.45
F,23.5,62.01,130,70,145,345,374.67
F,29.5,62.86,107.5,75,142.5,325,350.02
F,22.5,63.47,207.5,150,255,612.5,655.79
F,30.5,66.56,226,150,212.5,588.5,612.53
F,32,68.95,200,122.5,247.5,570,581.35
F,26,68.75,210,125,222.5,557.5,569.54
F,28.5,68.69,200,120,230,550,562.16
F,35.5,68.8,200,130,220,550,561.65
F,23.5,66.12,187.5,117.5,227.5,532.5,556.4
F,34.5,68.43,187.5,110,232.5,530,542.89
F,24.5,68.44,192.5,115,202.5,510,522.36
F,28,68.62,180,100,222.5,502.5,513.91
F,37,68.53,180,110,202.5,492.5,504.06
F,23,67.5,150,117.5,212.5,480,495.55
F,24,64.6,172.5,85,205,462.5,489.96
F,25.5,67.95,187.5,92.5,180,460,473.09
F,23,68.5,175,100,185,460,470.91
F,24.5,68.74,165,95,200,460,469.97
F,27.5,68.5,165,92.5,200,457.5,468.35
F,26,68.43,165,92.5,187.5,445,455.82
F,24.5,67.52,160,92.5,180,432.5,446.43
F,30,68.43,162.5,97.5,167.5,427.5,437.89
F,38.5,66.65,145,72.5,190,407.5,423.8
F,23.5,68.63,137.5,92.5,172.5,402.5,411.6
F,28.5,68.87,167.5,77.5,157.5,402.5,410.78
F,41.5,67.9,127.5,90,160,377.5,388.4
F,31.5,68.84,140,80,155,375,382.81
F,32.5,75.59,225,132.5,255,612.5,594.11
F,25,75.13,222.5,127.5,245,595,578.99
F,24.5,75.51,197.5,150,242.5,590,572.6
F,27,75.37,212.5,125,222.5,560,544.01
F,27.5,75.01,192.5,112.5,230,535,521.04
F,24.5,75.83,205,115,215,535,518.07
F,29,75.34,175,127.5,230,532.5,517.41
F,26,71.76,195,115,207.5,517.5,516.17
F,18.5,74.09,190,105,220,515,504.86
F,26.5,75.46,190,120,195,505,490.28
F,27.5,74.85,175,120,207.5,502.5,489.94
F,28.5,75.68,190,105,200,495,479.83
F,23.5,74.79,177.5,125,182.5,485,473.08
F,26,75.38,180,105,195,480,466.27
F,25.5,75.78,180,100,197.5,477.5,462.55
F,37.5,75.05,187.5,80,192.5,460,447.87
F,33,72.32,147.5,77.5,190,415,412.17
F,26.5,75.13,147.5,95,172.5,415,403.83
F,46.5,75.79,152.5,80,170,402.5,389.87
F,40.5,75.84,162.5,85,152.5,400,387.32
F,30.5,75.14,135,75,162.5,372.5,362.45
F,28,83.7,237.5,135,255,627.5,578.38
F,27.5,83.95,220,117.5,269.5,607,558.69
F,30,82.39,212.5,110,245,567.5,527.05
F,24.5,83.36,197.5,132.5,225,555,512.55
F,29.5,80.84,220,117.5,215,552.5,517.91
F,34.5,83.61,190,112.5,242.5,545,502.6
F,25,78.24,210,115,215,540,514.54
F,33,83.55,200,127.5,212.5,540,498.16
F,32,83.69,202.5,110,220,532.5,490.84
F,36.5,83.83,192.5,112.5,220,525,483.55
F,33.5,77.56,185,105,230,520,497.7
F,29,83.31,187.5,125,200,512.5,473.44
F,26.5,83.94,187.5,110,212.5,510,469.44
F,37.5,82.19,177.5,97.5,190,465,432.37
F,36,82.42,170,95,190,455,422.5
F,30.5,77.98,162.5,90,197.5,450,429.51
F,31.5,83.5,162.5,87.5,187.5,437.5,403.71
F,32.5,78.67,170,85,180,435,413.34
F,33.5,131.21,295,162.5,280,737.5,578.8
F,28,134.28,315,157.5,245,717.5,560.51
F,29.5,144.52,267.5,135,285.5,688,531.71
F,30.5,126.63,270,150,257.5,677.5,536
F,36,149.5,267.5,152.5,227.5,647.5,499.14
F,29.5,108.55,235,152.5,235,622.5,515.46
F,25,137.25,255,137.5,230,622.5,484.43
F,27.5,110.18,240,127.5,232.5,600,494.31
F,42.5,94.82,227.5,115,230,572.5,499.11
F,24.5,102.84,217.5,105,202.5,525,443.25
F,36,96.27,210,110,195,515,446.18
F,35.5,98.45,185,100,225,510,437.88
F,23.5,92.15,180,77.5,182.5,440,388.26
F,35.5,89.22,155,92.5,182.5,430,384.84
M,23.5,58.83,215,147.5,275,637.5,546.94
M,29.5,58.75,230,135,245,610,523.94
M,22.5,58.18,212.5,127.5,247.5,587.5,508.78
M,26.5,58.88,200,125,250,575,492.96
M,25.5,58.86,192.5,130,230,552.5,473.81
M,26,58.77,195,145,205,545,467.98
M,27.5,58.74,192.5,120,225,537.5,461.73
M,19.5,58.41,197.5,117.5,220,535,461.77
M,31,58.68,167.5,102.5,242.5,512.5,440.64
M,30,58.96,160,140,170,470,402.49
M,39.5,58.03,130,75,145,350,303.77
M,36.5,65.85,247.5,185,310,742.5,582.75
M,27,65.63,257.5,155,287.5,700,550.77
M,32.5,65.94,227.5,170,287.5,685,537.08
M,28.5,65.92,245,162.5,270,677.5,531.32
M,26.5,65.84,245,145,270,660,518.06
M,26,65.97,215,142.5,302.5,660,517.3
M,29,65.41,240,162.5,255,657.5,518.63
M,26.5,66,215,165,265,645,505.37
M,24.5,65.44,220,140,282.5,642.5,506.62
M,28.5,65.49,217.5,150,270,637.5,502.39
M,29.5,65.92,220,145,262.5,627.5,492.11
M,35.5,65.56,217.5,145,255,617.5,486.24
M,29.5,65.74,220,140,250,610,479.35
M,34,65.89,200,140,260,600,470.7
M,39.5,65.45,195,130,230,555,437.57
M,27.5,65.83,202.5,105,247.5,555,435.69
M,42,65.42,200,112.5,215,527.5,416.04
M,25.5,73.81,317.5,200,325,842.5,610.7
M,25.5,73.94,255,215.5,302.5,773,559.68
M,39,73.49,242.5,185,310,737.5,536.11
M,31.5,73.59,262.5,172.5,302.5,737.5,535.63
M,24.5,73.7,262.5,175,292.5,730,529.66
M,35.5,73.46,255,172.5,295,722.5,525.34
M,29,73.67,270,165,280,715,518.92
M,31,73.36,272.5,157.5,275,705,513.08
M,25,73.93,222.5,177.5,305,705,510.49
M,37,73.51,240,162.5,277.5,680,494.22
M,31.5,73.63,250,192.5,225,667.5,484.62
M,28.5,73.91,272.5,145,245,662.5,479.8
M,23.5,72.49,250,160,250,660,484.13
M,35,73.41,237.5,150,262.5,650,472.84
M,27,73.77,232.5,157.5,255,645,467.7
M,29.5,73.09,235,150,250,635,463.25
M,31,73.07,230,130,235,595,434.15
M,31.5,73.97,190,157.5,230,577.5,418.02
M,30.5,73.13,195,142.5,230,567.5,413.86
M,22.5,73.92,205,117.5,235,557.5,403.72
M,27.5,72.83,192.5,120,235,547.5,400.36
M,26.5,72.15,180,110,252.5,542.5,399.19
M,22,82.84,302.5,215,372.5,890,601.48
M,36,82.77,310,190,357.5,857.5,579.79
M,26,82.79,310,195,337.5,842.5,569.57
M,25.5,82.66,292.5,162.5,372.5,827.5,559.93
M,31.5,82.21,290,185,335,810,549.79
M,24,82.75,280,195,332.5,807.5,546.06
M,30.5,82.16,290,195,300,785,533
M,28,82.52,290,170,325,785,531.68
M,28,82.48,295,180,305,780,528.44
M,25.5,82.99,270,180,325,775,523.23
M,28.5,82.77,277.5,182.5,312.5,772.5,522.32
M,24.5,82.8,267.5,165,340,772.5,522.21
M,26.5,83,290,182.5,297.5,770,519.82
M,30.5,82.89,252.5,162.5,352.5,767.5,518.52
M,34,82.32,265,180,320,765,518.85
M,29.5,82.42,255,170,340,765,518.49
M,26,82.19,272.5,185,305,762.5,517.62
M,23.5,82.23,280,192.5,280,752.5,510.69
M,33,82.63,287.5,177.5,285,750,507.59
M,30.5,82.82,265,162.5,317.5,745,503.55
M,26,82.56,287.5,172.5,280,740,501.06
M,29.5,82.94,277.5,170,292.5,740,499.77
M,23,82.24,285,177.5,270,732.5,497.08
M,28,82.45,257.5,182.5,287.5,727.5,492.97
M,28,82.9,280,157.5,290,727.5,491.46
M,27.5,82.98,280,140,300,720,486.13
M,31.5,82.64,255,170,290,715,483.87
M,23.5,82.98,260,175,280,715,482.75
M,33.5,82.75,257.5,157.5,292.5,707.5,478.44
M,24,82.55,252.5,170,275,697.5,472.32
M,23,82.53,255,142.5,295,692.5,469
M,28.5,82.94,230,175,285,690,466
M,38.5,81.13,230,147.5,307.5,685,468.48
M,29.5,81.98,257.5,162.5,265,685,465.69
M,36,82.99,242.5,107.5,330,680,459.09
M,23.5,82.09,250,157.5,267.5,675,458.54
M,23.5,81.37,225,142.5,300,667.5,455.74
M,33,82.33,235,157.5,272.5,665,450.99
M,31,81.99,225,162.5,260,647.5,440.16
M,27.5,81.2,210,132.5,245,587.5,401.6
M,28,92.49,315,240,355,910,580.53
M,29.5,92.82,325,222.5,350,897.5,571.57
M,32.5,92.51,307.5,246,340,893.5,569.94
M,33,92.57,312.5,207.5,345,865,551.59
M,22.5,92.25,305,190,367.5,862.5,550.92
M,24.5,92.3,300,187.5,360,847.5,541.2
M,28.5,92.66,277.5,210,360,847.5,540.18
M,38.5,92.59,312.5,187.5,337.5,837.5,534
M,25,92.9,300,177.5,360,837.5,533.14
M,23.5,92.88,282.5,212.5,312.5,807.5,514.09
M,29.5,92.77,305,190,310,805,512.79
M,31.5,92.39,325,180,295,800,510.62
M,37,92.86,295,167.5,335,797.5,507.78
M,25.5,92.31,290,185,320,795,507.64
M,27,92.33,305,170,317.5,792.5,505.99
M,25.5,92.38,290,190,305,785,501.07
M,29.5,92.66,275,175,330,780,497.15
M,26.5,92.73,275,200,305,780,496.97
M,27.5,92.59,267.5,182.5,322.5,772.5,492.55
M,29.5,90.63,262.5,185,322.5,770,496.15
M,31.5,92.3,290,177.5,300,767.5,490.11
M,32,92.04,260,187.5,315,762.5,487.59
M,29.5,90.71,270,185,305,760,489.49
M,18.5,92.18,270,175,310,755,482.43
M,21.5,92.9,260,160,310,730,464.7
M,25.5,91.82,257.5,165,302.5,725,464.15
M,24,92.7,265,167.5,287.5,720,458.81
M,24,90.88,257.5,185,267.5,710,456.86
M,23,92.97,265,175,270,710,451.81
M,27.5,91.25,262.5,170,275,707.5,454.33
M,27,92.61,250,155,300,705,449.47
M,26,92.9,260,160,265,685,436.06
M,21,92.32,252.5,152.5,272.5,677.5,432.59
M,27.5,92.86,275,135,260,670,426.6
M,33.5,92.67,230,177.5,255,662.5,422.24
M,31,92.97,237.5,152.5,260,650,413.63
M,39,92.96,212.5,172.5,237.5,622.5,396.15
M,27.5,90.4,230,145,235,610,393.55
M,34.5,91,220,145,245,610,392.25
M,37.5,92.39,240,170,100,510,325.52
M,25,103.84,360,250.5,365,975.5,590.98
M,31.5,104.45,357.5,225,367.5,950,574.16
M,28.5,104.77,347.5,217.5,370,935,564.39
M,22.5,104.76,322.5,227.5,360,910,549.32
M,24.5,104.17,330,222.5,330,882.5,533.95
M,25,104.42,340,197.5,337.5,875,528.89
M,36,104.2,290,185,392.5,867.5,524.81
M,32.5,103.74,302.5,187.5,357.5,847.5,513.64
M,36.5,104.06,302.5,205,330,837.5,506.94
M,30.5,104.07,285,195,350,830,502.38
M,24,104.14,322.5,212.5,290,825,499.22
M,25.5,103.58,290,195,327.5,812.5,492.74
M,28.5,104.03,280,197.5,335,812.5,491.86
M,28,101.17,300,195,310,805,493.02
M,24.5,103.14,295,187.5,320,802.5,487.53
M,30,104.44,292.5,182.5,327.5,802.5,485.03
M,25.5,104.17,312.5,175,312.5,800,484.03
M,29,104.41,297.5,162.5,340,800,483.58
M,27.5,104.53,320,207.5,270,797.5,481.84
M,27.5,104.11,275,167.5,350,792.5,479.61
M,30.5,104.45,290,185,310,785,474.44
M,28.5,103.51,292.5,177.5,310,780,473.16
M,26,104.74,295,140,335,770,464.85
M,28.5,104.59,285,187.5,295,767.5,463.61
M,24,103.66,262.5,212.5,285,760,460.75
M,34,104.5,190,235,335,760,459.24
M,25.5,104.18,285,180,277.5,742.5,449.22
M,36,102.02,275,180,272.5,727.5,443.98
M,34,99.29,257.5,170,285,712.5,439.92
M,27,102.06,260,180,272.5,712.5,434.76
M,31,102.94,250,155,260,665,404.32
M,56.5,100.88,75,157.5,75,307.5,188.56
M,25,119.67,340,232.5,390,962.5,553.28
M,20,119.51,345,217.5,390,952.5,547.77
M,26.5,119.42,325,265.5,360,950.5,546.76
M,21.5,118.82,345,247.5,352.5,945,544.52
M,28,116.08,357.5,217.5,362.5,937.5,544.54
M,32,118.78,350,207.5,350,907.5,522.97
M,24,118.94,335,230,342.5,907.5,522.73
M,37.5,118.27,372.5,222.5,305,900,519.41
M,37,118.06,332.5,195,365,892.5,515.39
M,28,119.15,322.5,225,332.5,880,506.59
M,24.5,118.98,320,202.5,337.5,860,495.32
M,24.5,115.41,332.5,210,310,852.5,496.17
M,26,119.56,310,215,327.5,852.5,490.2
M,25.5,119.42,300,185,355,840,483.2
M,27.5,119.51,320,222.5,297.5,840,483.08
M,29,119.22,315,187.5,330,832.5,479.15
M,36.5,119,325,210,280,815,469.37
M,28,115.01,310,205,295,810,472.01
M,29.5,105.45,305,185,305,795,478.64
M,33.5,119.29,250,170,305,725,417.2
M,33.5,119.24,265,147.5,310,722.5,415.82
M,29.5,118.49,250,182.5,220,652.5,376.33
M,26.5,179.09,430,270,370,1070,549.48
M,28.5,149.97,375,250,372.5,997.5,536.44
M,28,152.78,405,232.5,357.5,995,532.45
M,36,168.23,375,260,330,965,503.54
M,23.5,134.01,380,210,370,960,532.72
M,33.5,180.17,390,230,327.5,947.5,485.83
M,23.5,165.27,390,212.5,320,922.5,483.58
M,27,145.75,350,227.5,340,917.5,497.24
M,24.5,158.33,350,212.5,347.5,910,482.4
M,25.5,163.43,350,255,302.5,907.5,477.1
M,34.5,172.26,360,237.5,310,907.5,470.66
M,30,150.61,337.5,220,345,902.5,484.8
M,34.5,133.84,317.5,250,330,897.5,498.22
M,24.5,147.27,315,210,325,850,459.37
M,31.5,150.78,362.5,195,290,847.5,455.12
M,30.5,133.71,330,210,300,840,466.44
M,27,142.73,320,200,315,835,455.14
M,29,139.08,345,170,310,825,452.96
M,34.5,57.67,95,80,97.5,272.5,237.76
M,33.5,70.82,112.5,85,147.5,345,257.08
M,29.5,63.86,107.5,85,115,307.5,247
M,29.5,58.5,97.5,80,132.5,310,267.22
M,25.5,57.38,95,60,112.5,267.5,234.41
M,70,86.75,105,62.5,150,317.5,209.23
M,70,101.8,165,125,235.5,525.5,321
M,70,99.9,150,120,190,460,283.26
M,70,65.5,127.5,75,150,352.5,277.76
M,66,73.55,200,130,205,535,388.7
M,66,76.2,147.5,77.5,175,400,284.1
M,66,73.15,175,95,195,465,339.05
M,66,65.1,182.5,115,172.5,470,372.05
M,65,102.75,235,115,230,580,352.91
M,65,104.55,215,145,230,590,356.45
M,65,91.8,295,192.5,260,747.5,478.6
M,64,79.3,187.5,137.5,205,530,367.37
M,64,73.55,145,107.5,172.5,425,308.78
M,64,73.45,165,95,180,440,319.96
M,63,134.5,270,150,292.5,712.5,394.96
M,63,90.4,200,125,232.5,557.5,359.68
M,63,92.7,197.5,117.5,245,560,356.86
M,63,117.05,180,177.5,205,562.5,325.78
M,63,139.05,215,115,230,560,307.48
M,62,129.6,217.5,110,232.5,560,313.86
M,62,82.5,177.5,151,205,533.5,361.39
M,62,81.4,182.5,115,245,542.5,370.31
M,61,65.45,155,100,170,425,335.08
M,61,82.75,140,145,100,385,260.35
M,61,102,155,125,192.5,472.5,288.38
M,61,103.65,225,165,250,640,388.02
M,61,80.6,155,115,190,460,315.8
M,61,73.6,125,100,150,375,272.33
M,61,116.9,210,140,255,605,350.55
M,60,119.1,215,170,257.5,642.5,369.92
M,60,73.1,182.5,125,252,559.5,408.14
M,60,64.45,175,115,227.5,517.5,412.77
M,60,115.25,175,127.5,212.5,515,299.88
M,60,96,252.5,132.5,255,640,401.17
M,60,86.6,165,132.5,270,567.5,374.33
M,60,82.25,192.5,122.5,217.5,532.5,361.33
M,60,126.55,185,110,230,525,296.4
M,60,116.8,269.5,167.5,262.5,699.5,405.43
M,60,82.35,222.5,125,225,572.5,388.21
M,60,113.75,225,137.5,222.5,585,342.24
M,60,65.35,120,90,182.5,392.5,309.81
M,60,58.6,130,112.5,150,392.5,337.85
M,60,73.05,205,115,205,525,383.14
M,59,112.35,232.5,162.5,265,660,387.85
M,59,91.55,170,120,210,500,320.57
M,59,118,245,135,240,620,358.09
M,58,92.1,202.5,120,230,552.5,353.19
M,58,58.35,155,60,192.5,407.5,352.03
M,58,91.8,190,117.5,217.5,525,336.14
M,57,65.65,135,100,165,400,314.65
M,57,113.45,235,150,265,650,380.62
M,57,58.2,140,100,185,425,367.95
M,56,103.1,180,117.5,202.5,500,303.81
M,56,104.7,245,167.5,252.5,665,401.52
M,56,91.85,245,167.5,245,657.5,420.87
M,55,123.55,282.5,175,325.5,783,445.42
M,55,116.4,260,162.5,240,662.5,384.44
M,55,65.5,187.5,107.5,227.5,522.5,411.72
M,55,104.5,222.5,140,260,622.5,376.15
M,55,127.3,205,177.5,260,642.5,362.07
M,54,82.95,187.5,102.5,205,495,334.28
M,54,114,215,152.5,265,632.5,369.73
M,54,72.65,165,132.5,215,512.5,375.38
M,54,119.8,255,170,257.5,682.5,392.18
M,54,92.35,252.5,135,275,662.5,422.95
M,54,142.45,252.5,155,262.5,670,365.4
M,54,58.9,122.5,82.5,157.5,362.5,310.69
M,54,138.4,257.5,167.5,277.5,702.5,386.23
M,54,90.7,215,152.5,242.5,610,392.9
M,54,70.2,187.5,105,200,492.5,369.21
M,54,145.3,275,170,290,735,398.67
M,53,101.05,250,177.5,275,702.5,430.46
M,53,73.4,192.5,135,252.5,580,421.95
M,53,92.8,230,125,250,605,385.33
M,53,91.85,175,115,220,510,326.45
M,53,91.7,220,142.5,280,642.5,411.6
M,53,82.5,187.5,122.5,245,555,375.95
M,53,73.4,207.5,110,227.5,545,396.49
M,52,81.75,190,140,220,550,374.51
M,52,80.55,200,122.5,230,552.5,379.45
M,52,90.6,25,175,75,275,177.22
M,52,81.75,237.5,140,252.5,630,428.98
M,52,73.8,205,127.5,247.5,580,420.46
M,52,82.45,192.5,127.5,240,560,379.47
M,52,80.3,170,150,182.5,502.5,345.74
M,52,80.8,202.5,120,250,572.5,392.47
M,51,104.1,272.5,167.5,275,715,432.72
M,51,63.8,160,117.5,187.5,465,373.79
M,51,79.65,187.5,147.5,220,555,383.69
M,51,155.75,240,175,280,695,370.02
M,51,81.25,192.5,112.5,290,595,406.58
M,50,135.65,220,182.5,250,652.5,360.81
M,50,91.15,265,135,272.5,672.5,432.09
M,50,79.8,200,117.5,202.5,520,359.09
M,50,81.7,182.5,122.5,220,525,357.61
M,50,82.1,252.5,170,296,718.5,488.05
M,50,108.7,212.5,167.5,220,600,356.97
M,50,73.25,182.5,147.5,212.5,542.5,395.2
M,50,127.75,227.5,157.5,265,650,365.9
M,50,91.9,187.5,147.5,247.5,582.5,372.76
M,50,80.85,200,95,175,470,322.09
M,50,114.5,307.5,212.5,300,820,478.59
M,50,102.2,215,180,245,640,390.29
M,49,127.3,202.5,135,257.5,595,335.31
M,49,73.1,162.5,107.5,200,470,342.85
M,49,81.6,250,145,240,635,432.84
M,48,91.15,267.5,140,270,677.5,435.3
M,47,118.4,312.5,217.5,275,805,464.41
M,47,90.9,195,137.5,237.5,570,366.73
M,47,159.4,355,187.5,300,842.5,445.83
M,47,118.6,235,170,245,650,374.77
M,46,81.85,225,175,260,660,449.1
M,46,92.25,195,125,275,595,380.05
M,46,151.05,315,225,270,810,434.77
M,46,143.1,205,167.5,230,602.5,328.18
M,46,109.9,310,190,322.5,822.5,487.31
M,46,81.5,215,122.5,245,582.5,397.34
M,46,104.3,300,205,307.5,812.5,491.34
M,45,103.4,205,132.5,235,572.5,347.44
M,45,65.55,125,117.5,157.5,400,315.01
M,45,138.15,260,182.5,277.5,720,396.06
M,45,73.7,247.5,167.5,260,675,489.76
M,45,104.55,240,147.5,220,607.5,367.02
M,45,82.6,240,180,287.5,707.5,478.93
M,45,81.65,257.5,132.5,272.5,662.5,451.43
M,44,81.35,232.5,142.5,260,635,433.61
M,44,92.35,247.5,167.5,270,685,437.31
M,44,144.2,342.5,182.5,305,830,451.14
M,44,110.3,215,115,230,560,331.33
M,44,81.3,237.5,155,270,662.5,452.55
M,44,58.8,137.5,120,220,477.5,409.84
M,43,82.6,230,145,280,655,443.39
M,43,119.45,272.5,175,242.5,690,396.88
M,43,103.55,192.5,102.5,227.5,522.5,316.91
M,43,65.45,165,115,217.5,497.5,392.24
M,43,65.7,185,115,222.5,522.5,410.78
M,43,102.75,280,207.5,325,812.5,494.38
M,43,92.6,287.5,165,328,780.5,497.63
M,42,108.15,305,180,277.5,762.5,454.53
M,42,118.6,175,122.5,215,512.5,295.49
M,42,156.2,265,200,252.5,717.5,381.71
M,42,73.65,262.5,130,260,652.5,473.64
M,42,92.7,272.5,185,245,702.5,447.66
M,42,131.25,277.5,180,300,757.5,422.94
M,42,100.95,220,180,250,650,398.46
M,42,91.55,172.5,105,230,507.5,325.37
M,41,104.85,282.5,172.5,257.5,712.5,429.95
M,41,101.3,252.5,162.5,277.5,692.5,423.89
M,41,82,245,177.5,282.5,705,479.22
M,41,103.2,217.5,162.5,275,655,397.83
M,41,79.95,265,170,292.5,727.5,501.83
M,41,117.95,282.5,182.5,267.5,732.5,423.13
M,41,91.05,215,160,270,645,414.65
M,40,144.3,352.5,225,265,842.5,457.85
M,40,91.75,272.5,175,295,742.5,475.53
M,40,72.15,180,97.5,215,492.5,362.4
M,40,92.1,237.5,140,255,632.5,404.33
M,40,102.35,257.5,175,295,727.5,443.38
M,56,63.25,140,70,190,400,323.69
M,60,103.75,200,120,250,570,345.44
M,46,88.25,180,180,205,565,369.01
M,42,73.2,180,122.5,210,512.5,373.52
M,40,82.4,270,187.5,290,747.5,506.7
F,70,44.4,60,37.5,102.5,200,273.57
F,70,61.4,92.5,52.5,130,275,300.48
F,70,93.45,57.5,52.5,140.5,250.5,219.72
F,70,64.65,85,42.5,125,252.5,267.37
F,70,66.8,113,52.5,145,310.5,322.5
F,70,68.35,117,66,146,329,337.23
F,70,45.8,75,62,131,268,358.06
F,69,66.55,121,65,152.5,338.5,352.35
F,67,61.45,90,47.5,132.5,270,294.87
F,67,96.55,102.5,50,122.5,275,237.97
F,67,71.65,105,60,122.5,287.5,287
F,67,61.7,85,50,137.5,272.5,296.85
F,67,61.35,97.5,52.5,130,280,306.1
F,66,50.65,75,60,115,250,310.4
F,66,46.75,82.5,52.5,126.5,261.5,344.07
F,65,94.1,142,75,175.5,392.5,343.27
F,65,74.55,80,50,135,265,258.93
F,65,68.2,110,75,125,310,318.15
F,64,96.1,97.5,55,112.5,265,229.75
F,64,65.75,85,42.5,110,237.5,248.98
F,64,64.55,112.5,62.5,152.5,327.5,347.1
F,64,82.65,82.5,50,120,252.5,234.15
F,64,82.8,127.5,60,140,327.5,303.43
F,63,71.7,90,45,115,250,249.47
F,63,83.95,125,77.5,152.5,355,326.75
F,63,55.95,125.5,57.5,142.5,325.5,377.52
F,63,68.45,100,60,135,295,302.12
F,62,50.7,85,50,117.5,252.5,313.28
F,62,60.75,110,55,122.5,287.5,316.23
F,62,54.7,87.5,45,122.5,255,300.24
F,61,56.8,97.5,55,127.5,280,321.53
F,61,60.15,120,70,152.5,342.5,379.08
F,61,61.75,110,60,145,315,342.98
F,61,55.55,107.5,57.5,140,305,355.43
F,61,56,90,42.5,130,262.5,304.27
F,61,62.45,120.5,67.5,150,338,365.48
F,61,82.1,127.5,62.5,150,340,316.31
F,61,97.7,127.5,90,165,382.5,329.42
F,61,66.1,123,62.5,167.5,353,368.91
F,60,73.2,122.5,76.5,130,329,324.62
F,60,66.85,105,72.5,177.5,355,368.56
F,60,60.6,72.5,40,95,207.5,228.59
F,60,70,115,62.5,152.5,330,333.71
F,60,46.15,105,45,115,265,352.04
F,60,103.1,141.5,93,177.5,412,347.52
F,59,56.35,105,67.5,160,332.5,383.82
F,58,73.8,112.5,67.5,137.5,317.5,311.9
F,58,61.9,127.5,57.5,135,320,347.9
F,58,74.65,157.5,77.5,198.5,433.5,423.27
F,58,51.8,102.5,60,115,277.5,339.15
F,57,121.05,150,77.5,150,377.5,302.16
F,57,61.75,135,77.5,167.5,380,413.75
F,57,67.45,110,52.5,135,297.5,307.27
F,57,62.3,92.5,62.5,117.5,272.5,295.09
F,56,56.25,143,72.5,142.5,358,413.74
F,55,67.5,135,77.5,130,342.5,353.59
F,55,56.8,127.5,72.5,140,340,390.43
F,55,51.45,105,60,145,310,380.67
F,55,63,125,85,147.5,357.5,384.5
F,55,51.75,100,57.5,120,277.5,339.38
F,55,73.85,125,62.5,137.5,325,319.16
F,54,50,70,45,110,225,281.93
F,54,172.35,175,125,192.5,492.5,379.6
F,54,75.75,127.5,60,145,332.5,322.16
F,54,101.45,180,122.5,230,532.5,451.9
F,54,100.9,162.5,87.5,185,435,369.92
F,54,68.4,145,87.5,155,387.5,397.02
F,54,73.25,120,72.5,172.5,365,360.01
F,54,55.45,85,52.5,120,257.5,300.44
F,54,53.4,102.5,50,120,272.5,326.12
F,53,74.65,125,85,145,355,346.62
F,53,83.05,137.5,90,185,412.5,381.63
F,53,82.15,157.5,82.5,195,435,404.57
F,53,62.1,115,65,175,355,385.19
F,53,55.75,125,82.5,181,388.5,451.66
F,53,82.8,170,80,172.5,422.5,391.45
F,52,51.8,25,65,45,135,164.99
F,52,115.2,165,115,212.5,492.5,399.96
F,52,76.1,125,70,147.5,342.5,331.05
F,51,87.9,165,70,175,410,369.4
F,51,46.9,75,37.5,105,217.5,285.5
F,51,75.3,157.5,110,195,462.5,449.52
F,51,62.25,120,65,130,315,341.28
F,51,75.05,147.5,80,177.5,405,394.32
F,51,67.85,173,82.5,196,451.5,464.74
F,51,68.35,117.5,82.5,187.5,387.5,397.19
F,51,56.55,105,60,147.5,312.5,359.9
F,51,74.75,150,77.5,182.5,410,400.04
F,51,67.55,105,70,157.5,332.5,343.12
F,50,82.15,160,92.5,175,427.5,397.59
F,50,61.85,137.5,82.5,147.5,367.5,399.74
F,50,85.9,145,77.5,160,382.5,348.28
F,50,73.65,115,82.5,167.5,365,358.96
F,50,56.25,117.5,67.5,150,335,387.16
F,50,74.15,115,67.5,192.5,375,367.46
F,49,56.8,102.5,70,150,322.5,370.34
F,49,51.9,140,62.5,165,367.5,448.55
F,49,90.7,155,100,162.5,417.5,370.94
F,48,56.05,117.5,62.5,175,355,411.24
F,48,56.45,127.5,65,127.5,320,368.96
F,48,67.3,142.5,95,187.5,425,439.52
F,48,60.4,107.5,82.5,162.5,352.5,389.13
F,48,56.95,110,60,160,330,378.3
F,48,55.95,125,82.5,160,367.5,426.23
F,47,82,175,102.5,182.5,460,428.2
F,47,77.55,180,107.5,192.5,480,459.44
F,47,75.35,132.5,90,162.5,385,374.06
F,47,81.55,145,77.5,170,392.5,366.35
F,47,123.4,215,135,205,555,441.95
F,47,68.2,117.5,57.5,150,325,333.54
F,47,46.35,110,70,142.5,322.5,427.05
F,47,67.4,130,85,157.5,372.5,384.9
F,46,73.8,147.5,85,185,417.5,410.14
F,46,56.35,125,75,137.5,337.5,389.6
F,46,51.3,90,55,140,285,350.69
F,46,75.35,152.5,77.5,180,410,398.35
F,46,74.95,177.5,110,237.5,525,511.52
F,46,62.45,115,55,130,300,324.39
F,46,61.9,115,65,165,345,375.08
F,45,65.85,140,77.5,170,387.5,405.87
F,45,71.65,125,85,155,365,364.37
F,45,62,130,85,157.5,372.5,404.58
F,45,83.6,132.5,80,165,377.5,348.15
F,45,46.65,87.5,50,110,247.5,326.17
F,45,68.55,157.5,85,187.5,430,440.02
F,45,67.35,122.5,65,160,347.5,359.22
F,44,56.75,115,57.5,145,317.5,364.81
F,44,74.25,165,95,187.5,447.5,438.19
F,44,66.85,142.5,80,167.5,390,404.9
F,44,83.95,150,97.5,182.5,430,395.78
F,43,82.05,147.5,85,177.5,410,381.54
F,43,83.45,172.5,72.5,187.5,432.5,399.21
F,43,56.6,120,65,155,340,391.34
F,43,87.9,132.5,85,160,377.5,340.12
F,43,75,182.5,95,200,477.5,465.07
F,43,51.7,110,72.5,142.5,325,397.74
F,43,80.9,150,102.5,195,447.5,419.33
F,42,74.2,155,82.5,182.5,420,411.41
F,42,82,165,85,215,465,432.85
F,42,68.65,135,82.5,155,372.5,380.86
F,42,54.7,112.5,72.5,155,340,400.33
F,42,97.9,162.5,70,167.5,400,344.21
F,42,83.55,180,92.5,182.5,455,419.74
F,42,61.7,137.5,82.5,187.5,407.5,443.92
F,42,62.6,150,97.5,197.5,445,480.47
F,42,68.65,162.5,80,197.5,440,449.87
F,42,82.5,167.5,87.5,177.5,432.5,401.42
F,41,46,87.5,40,110,237.5,316.28
F,41,99.65,197.5,112.5,222.5,532.5,455.03
F,41,69.05,135,60,162.5,357.5,364.32
F,41,105.8,185,102.5,200,487.5,407.33
F,41,44.25,100,55,120,275,377.13
F,41,148.8,212.5,127.5,165,505,389.39
F,40,49.9,100,47.5,147.5,295,370.17
F,40,55.45,140,70,155,365,425.86
F,40,61.9,125,77.5,150,352.5,383.23
F,40,66.35,188,102.5,162.5,453,472.37
F,40,74,140,85,167.5,392.5,385.02
F,40,74.7,180,100,185,465,453.86
F,66,62.05,117.5,57.5,155,330,358.24
F,64,74.65,135,65,162.5,362.5,353.94
F,57,81.2,165,90,190,445,416.23
F,52,62.15,105,52.5,185,342.5,371.44
F,51,88.35,130,50,150,330,296.64
F,50,62.75,146,75,175,396,426.94
F,45,82.4,175,85,182.5,442.5,410.94
F,44,62.6,150,75,170,395,426.48
F,41,56.5,132.5,90,157.5,380,437.89
F,40,100.85,212.5,107.5,197.5,517.5,440.16
F,22.5,65.05,107.5,70,120,297.5,313.86
F,22.5,67.85,107.5,60,137.5,305,313.94
F,23,83.35,220,120,200,540,498.73
F,22.5,102.05,205,102.5,187.5,495,419.13
F,23,56.45,127.5,67.5,135,330,380.49
F,22.5,51.55,125,70,167.5,362.5,444.54
F,23,46.9,100,60,140,300,393.79
F,22.5,56.8,137.5,85,100,322.5,370.34
F,22.5,52,110,70,150,330,402.24
F,22.5,62.35,167.5,102.5,225,495,535.77
F,22.5,62.45,132.5,85,145,362.5,391.97
F,22.5,56.4,142.5,85,187.5,415,478.78
F,23,62.15,132.5,75,185,392.5,425.66
F,22.5,51.45,120,65,140,325,399.09
F,22.5,51.5,137.5,77.5,165,380,466.31
F,23,82.9,180,122.5,217.5,520,481.5
F,23,68.7,150,82.5,172.5,405,413.92
F,22.5,51.75,132.5,70,150,352.5,431.11
F,22.5,56.7,157.5,107.5,180,445,511.6
F,22.5,75.05,155,72.5,190,417.5,406.49
F,22.5,62.85,193,133.5,227.5,554,596.7
F,22.5,66.6,185,110,207.5,502.5,522.83
F,23,59.05,162.5,100,165,427.5,478.73
F,22.5,56.95,147.5,92.5,180,420,481.47
F,22.5,75.6,172.5,112.5,212.5,497.5,482.53
F,22.5,68.05,167.5,112.5,210,490,503.52
F,22.5,119.55,217.5,92.5,190,500,401.61
F,22.5,56.4,155,100,182.5,437.5,504.74
F,22,68.95,185,97.5,200,482.5,492.11
F,22,75.3,167.5,80,170,417.5,405.78
F,22.5,46.7,135,75,160,370,487.21
F,22.5,51.7,117.5,70,142.5,330,403.86
F,22.5,73.55,165,82.5,165,412.5,405.97
F,22,66.7,200.5,112.5,215,528,548.89
F,22.5,72.55,187.5,95,202.5,485,480.86
F,23,51.7,147.5,72.5,147.5,367.5,449.75
F,21.5,83.2,130,67.5,155,352.5,325.84
F,21.5,51.05,90,40,125,255,314.85
F,22,68.05,172.5,95,182.5,450,462.41
F,21.5,41.5,100,52.5,117.5,270,389.25
F,22,68.45,162.5,92.5,205,460,471.11
F,22,61.75,157.5,85,165,407.5,443.69
F,21.5,54.5,150,75,155,380,448.53
F,22,56.9,157.5,72.5,172.5,402.5,461.67
F,22,78.2,175,95,180,450,428.9
F,21.5,106.55,225,122.5,210,557.5,464.65
F,21.5,67.95,170,90,195,455,467.95
F,22,61.95,152.5,85,177.5,415,450.96
F,21.5,83.8,185,115,200,500,460.6
F,21.5,68.95,197.5,110,225,532.5,543.1
F,21.5,74.95,152.5,82.5,190,425,414.09
F,21,41.5,87.5,65,110,262.5,378.44
F,22,47,122.5,75,160,357.5,468.53
F,21.5,60.85,157.5,110,170,437.5,480.72
F,21.5,67.4,152.5,85,165,402.5,415.89
F,21.5,62.3,172.5,97.5,225,495,536.03
F,21.5,79.75,197.5,95,222.5,515,486.02
F,21.5,83.8,172.5,110,207.5,490,451.39
F,21.5,80.6,192.5,120,205,517.5,485.81
F,21.5,62.2,147.5,80,165,392.5,425.45
F,21.5,46.5,110,52.5,145,307.5,406.21
F,21.5,104.2,195,105,187.5,487.5,409.59
F,21.5,61.1,195.5,97.5,200,493,540.32
F,21,80.75,200,110,180,490,459.57
F,20.5,83.85,142.5,92.5,160,395,363.77
F,21,68.7,195,110,215,520,531.45
F,20.5,78.1,132.5,90,170,392.5,374.34
F,21,74.15,175,100,200,475,465.45
F,20.5,62.35,162.5,105,187.5,455,492.47
F,21,62.15,160,87.5,185,432.5,469.04
F,20.5,51.65,140,95,150,385,471.49
F,20.5,75.15,190,92.5,230,512.5,498.64
F,20.5,68.6,127.5,80,162.5,370,378.46
F,20.5,56.65,157.5,115,175,447.5,514.77
F,21,42.7,82.5,60,107.5,250,352.43
F,19.5,59.85,100,55,122.5,277.5,308.11
F,19.5,75.3,165,105,197.5,467.5,454.38
F,19.5,75.5,205,120,210,535,519.26
F,19.5,70.05,157.5,87.5,160,405,409.39
F,19.5,68.8,122.5,70,150,342.5,349.75
F,20,56.5,132.5,55,157.5,345,397.56
F,19.5,46.2,120,65,160,345,457.95
F,18.5,56.5,100,62.5,125,287.5,331.3
F,18.5,46.65,117.5,75,145,337.5,444.77
F,18.5,74.45,162.5,82.5,165,410,400.89
F,18.5,49.7,115,70,150,335,421.56
F,18.5,51.65,152.5,90,145,387.5,474.55
F,18.5,56.85,152.5,77.5,165,395,453.33
F,18.5,83.55,162.5,85,190,437.5,403.6
F,18.5,116.65,227.5,125,238.5,591,478.13
F,17.5,59.15,115,95,142.5,352.5,394.31
F,18,51.1,110,65,140,315,388.67
F,18,75.1,182.5,97.5,190,470,457.45
F,18,46.55,112.5,65,140,317.5,419.08
F,18,62.15,130,52.5,145,327.5,355.17
F,17.5,56.3,130,67.5,145,342.5,395.6
F,18,65.75,140,102.5,177.5,420,440.3
F,17.5,61.8,125,72.5,135,332.5,361.85
F,18,56.15,150,82.5,181,413.5,478.45
F,18,59.1,135,90,140,365,408.52
F,17.5,56.85,112.5,57.5,137.5,307.5,352.91
F,18,74.6,157.5,87.5,185,430,420
F,17.5,68.4,170,87.5,180,437.5,448.25
F,17.5,50.2,95,65,130,290,362.34
F,17.5,62.35,132.5,82.5,160,375,405.88
F,17.5,56.6,115,77.5,145,337.5,388.46
F,17.5,72.75,170,85,185,440,435.6
F,17.5,68.05,152.5,67.5,160,380,390.48
F,17.5,51.85,77.5,45,120,242.5,296.18
F,17.5,75,142.5,92.5,150,385,374.98
F,17.5,65.5,115,70,127.5,312.5,328.34
F,17.5,47,97.5,55,122.5,275,360.41
F,17.5,67.5,120,72.5,142.5,335,345.85
F,17.5,61.85,135,60,157.5,352.5,383.43
F,17.5,67.9,177.5,110,192.5,480,493.87
F,18,46.9,100,47.5,122.5,270,354.41
F,17.5,68.5,150,87.5,150,387.5,396.69
F,17.5,56.35,127.5,60,145,332.5,383.82
F,17.5,62.15,157.5,75,167.5,400,433.8
F,17.5,61.75,137.5,87.5,167.5,392.5,427.36
F,17.5,66.85,145,92.5,190,427.5,443.83
F,17.5,50.7,122.5,67.5,132.5,322.5,400.13
F,17.5,51.45,115,70,152.5,337.5,414.44
F,17.5,107.85,180,105,197.5,482.5,400.43
F,17.5,65.4,102.5,77.5,145,325,341.78
F,17.5,55.05,85,47.5,97.5,230,269.65
F,18,62.9,125,90,130,345,371.41
F,17.5,56.35,87.5,40,105,232.5,268.39
F,17.5,51.9,122.5,65,155,342.5,418.03
F,18,51.65,135,77.5,142.5,355,434.75
F,17.5,68.65,110,65,135,310,316.96
F,18,42.4,82.5,47.5,115,245,347.29
F,17.5,121.15,187.5,85,200,472.5,378.11
F,17,62.7,157.5,103,177.5,438,472.45
F,17.5,51.35,80,42.5,107.5,230,282.82
F,17,56.4,125,77.5,142.5,345,398.02
F,17.5,41.9,65,47.5,100,212.5,304.04
F,17,51.85,122.5,70,137.5,330,403.05
F,17.5,61.75,92.5,42.5,132.5,267.5,291.26
F,16.5,75.2,150,75,180,405,393.91
F,16.5,50.7,122.5,75,150,347.5,431.15
F,17,110.2,160,87.5,152.5,400,329.52
F,17,67.9,137.5,72.5,172.5,382.5,393.55
F,16.5,42.95,70,40,87.5,197.5,277.15
F,17,67.65,110,80,150,340,350.56
F,17,63.55,120,82.5,147.5,350,374.45
F,16.5,45.9,105,52.5,122.5,280,373.48
F,17,83.55,115,80,120,315,290.59
F,17,56.6,130,82.5,157.5,370,425.87
F,16.5,46.9,105,55,130,290,380.66
F,16.5,74.35,147.5,82.5,160,390,381.61
F,16.5,79.85,140,67.5,172.5,380,358.39
F,16.5,51.45,130,87.5,152.5,370,454.35
F,17,62.2,142.5,103.5,165,411,445.51
F,16.5,68.65,157.5,87.5,162.5,407.5,416.65
F,16.5,61.8,157.5,90,170,417.5,454.35
F,16,61.85,135,75,137.5,347.5,377.99
F,16.5,80.65,162.5,77.5,192.5,432.5,405.89
F,16.5,45.95,77.5,55,107.5,240,319.87
F,16.5,82.3,160,82.5,203,445.5,413.97
F,16,56,110,77.5,127.5,315,365.12
F,22.5,135.05,207.5,105,182.5,495,386.29
F,23,57,165,110,172.5,447.5,512.7
F,22.5,61.3,145,85,172.5,402.5,440.24
F,23,56.8,165,102.5,185,452.5,519.62
F,22.5,55.35,115,60,120,295,344.6
F,22.5,51.75,145,85,167.5,397.5,486.14
F,23,75.5,175,85,185,445,431.91
F,23,68.5,152.5,97.5,170,420,429.96
F,22.5,56.9,147.5,87.5,165,400,458.81
F,23,62.8,165,92.5,185,442.5,476.84
F,22.5,74.25,167.5,115,185,467.5,457.77
F,22.5,67.95,165,122.5,205,492.5,506.51
F,22,46.65,150,97.5,186,433.5,571.28
F,22,68.15,175,95,187.5,457.5,469.72
F,22,106.35,197.5,120,207.5,525,437.85
F,21.5,73.55,130,65,160,355,349.38
F,22,62.45,182.5,92.5,210,485,524.43
F,22,74.6,177.5,97.5,222.5,497.5,485.93
F,21.5,96.3,192.5,107.5,207.5,507.5,439.63
F,21.5,51.7,135,65,170,370,452.81
F,21,46.1,112.5,70,135,317.5,422.13
F,21.5,41.4,110,62.5,132.5,305,440.55
F,21,84.65,147.5,92.5,177.5,417.5,382.77
F,21,67.85,155,90,177.5,422.5,434.89
F,20.5,83.6,192.5,120,205,517.5,477.26
F,20.5,119.55,232.5,115,177.5,525,421.69
F,20.5,81.4,140,85,170,395,369.01
F,20.5,75.15,190,87.5,177.5,455,442.69
F,20.5,61.65,137.5,77.5,155,370,403.27
F,19.5,68.5,160,102.5,177.5,440,450.44
F,19.5,68.3,167.5,92.5,172.5,432.5,443.5
F,20,100.2,167.5,95,207.5,470,400.76
F,19.5,83.1,190,97.5,182.5,470,434.7
F,19.5,46.65,137.5,67.5,140,345,454.66
F,20,42.5,120.5,77,150.5,348,492.38
F,20,51.9,110,72.5,147.5,330,402.78
F,19,67.95,155,95,177.5,427.5,439.66
F,19,75.15,175,97.5,207.5,480,467.02
F,18.5,56.4,127.5,77.5,147.5,352.5,406.67
F,18.5,42.5,92.5,45,95,232.5,328.96
F,17.5,74.05,185,102.5,205.5,493,483.43
F,17.5,50.75,95,45,115,255,316.16
F,17.5,75.3,150,87.5,142.5,380,369.33
F,17.5,82.45,142.5,72.5,172.5,387.5,359.76
F,17.5,68.75,120,72.5,150,342.5,349.9
F,18,67.95,152.5,70,165,387.5,398.53
F,17.5,50.4,110,67.5,137.5,315,392.47
F,18,68.85,127.5,77.5,162.5,367.5,375.13
F,18,56.45,117.5,70,160,347.5,400.67
F,17.5,77.2,100,37.5,135,272.5,261.44
F,18,62.4,145,90,162.5,397.5,430.02
F,17,56.5,140,82.5,175,397.5,458.05
F,17.5,83.15,198,107.5,195,500.5,462.78
F,17.5,72.25,140,77.5,147.5,365,362.71
F,17.5,74.9,135,82.5,175,392.5,382.56
F,17,56.1,125,70,137.5,332.5,384.95
F,17,74.6,155,85,165,405,395.58
F,17,42.5,92.5,35,105,232.5,328.96
F,16.5,75.4,152.5,82.5,160,395,383.64
F,17,112.25,212.5,112.5,215,540,442.16
F,16.5,72.9,155,82.5,175,412.5,407.92
F,16.5,67.55,160,100,175,435,448.9
F,16.5,46.25,100,45,115,260,344.84
F,16,61.55,157.5,70,170,397.5,433.68
F,17,68.75,155,92.5,165,412.5,421.41
F,17,46.3,102.5,52.5,130,285,377.7
F,16,46.2,92.5,52.5,107.5,252.5,335.17
F,16.5,62.95,140,75,167.5,382.5,411.58
M,23,73.65,262.5,172.5,285,720,522.64
M,22.5,82,250,135,302.5,687.5,467.32
M,23,119.5,307.5,195,335,837.5,481.65
M,22.5,155.8,390,242.5,411,1043.5,555.52
M,22.5,82.65,260,147.5,277.5,685,463.54
M,23,56.85,157.5,112.5,200,470,415.17
M,23,73.9,245,137.5,275,657.5,476.22
M,22.5,117.85,285,205,240,730,421.81
M,22.5,104.2,335.5,177.5,335,848,513.01
M,22.5,104.65,312.5,165,307.5,785,474.07
M,23,119.05,270,170,300,740,426.12
M,22.5,74,225,157.5,245,627.5,454.09
M,23,115.6,330,232.5,337.5,900,523.51
M,22.5,165.95,390,195,325,910,476.52
M,23,82.95,260,150,297.5,707.5,477.79
M,23,92.75,305,200,325,830,528.77
M,22.5,65.25,235,147.5,240,622.5,491.92
M,22.5,104.3,285,190,270,745,450.53
M,22.5,52.2,162.5,107.5,182.5,452.5,431.83
M,22.5,91.65,252.5,172.5,300,725,464.57
M,22.5,82.6,275,185,285,745,504.31
M,22.5,72.95,257.5,160,302.5,720,525.93
M,22.5,58.85,212.5,130,257.5,600,514.62
M,22.5,92.25,290,165,305,760,485.45
M,22,101.65,285,187.5,280,752.5,459.94
M,22.5,111,237.5,162.5,260,660,389.58
M,22.5,59,200,132.5,235,567.5,485.71
M,22.5,72.4,190,120,280,590,433.14
M,22,82.85,265,172.5,307.5,745,503.45
M,22.5,82.4,215,160,225,600,406.72
M,22,118.5,352.5,200,350,902.5,520.5
M,22,91.25,265,167.5,285,717.5,460.76
M,21.5,92.5,242.5,127.5,262.5,632.5,403.48
M,21.5,103.35,255,155,250,660,400.62
M,22,92.35,257.5,190,305,752.5,480.4
M,21.5,92.2,245,155,300,700,447.24
M,22,92,310,210,325,845,540.46
M,21.5,91.85,250,172.5,287.5,710,454.47
M,22,90.7,225,152.5,260,637.5,410.61
M,21.5,91.6,237.5,132.5,290,660,423.03
M,22,65.4,217.5,140,235,592.5,467.41
M,21.5,82.85,292.5,177.5,330,800,540.62
M,21.5,65.8,235,160,245,640,502.59
M,21.5,65.85,195,150,257.5,602.5,472.87
M,22,57.5,205,127.5,245,577.5,505.16
M,21.5,104.65,300,170,340,810,489.17
M,21.5,92.6,255,175,290,720,459.05
M,21.5,65.55,215,130,255,600,472.51
M,21.5,104.75,255,170,280,705,425.59
M,21.5,92.75,247.5,185,275,707.5,450.73
M,21.5,118.65,315,175,327.5,817.5,471.28
M,21.5,82.65,232.5,167.5,280,680,460.15
M,21.5,103.75,265,167.5,302.5,735,445.44
M,21.5,73.45,247.5,165,287.5,700,509.03
M,21.5,92.55,290,175,302.5,767.5,489.47
M,21.5,82.55,267.5,167.5,300,735,497.71
M,22,117.75,265,132.5,295,692.5,400.25
M,20.5,99.7,297.5,182.5,275,755,465.32
M,21,58.45,200,112.5,265,577.5,498.16
M,21,104.45,250,180,320,750,453.28
M,20.5,104.1,285,185,327.5,797.5,482.65
M,20.5,73.8,185,107.5,225,517.5,375.15
M,20.5,82.8,257.5,172.5,275,705,476.58
M,20.5,82.45,210,142.5,245,597.5,404.88
M,20.5,81.95,285,177.5,302.5,765,520.18
M,20.5,117.85,292.5,215,290,797.5,460.81
M,20.5,104.85,285,225,275,785,473.7
M,20.5,92.55,292.5,170,337.5,800,510.19
M,20.5,51.75,120,100,152.5,372.5,358.41
M,20.5,103.2,260,200,282.5,742.5,450.97
M,20,139.6,250,135,75,460,252.29
M,20.5,104.65,245,185,310,740,446.89
M,20.5,73.9,260,157.5,285,702.5,508.81
M,20.5,195.55,372.5,170,300,842.5,423.56
M,20,65.55,257.5,145,290,692.5,545.36
M,20.5,66,230,135,282.5,647.5,507.33
M,20,104.95,302.5,225,295,822.5,496.14
M,20,91.55,222.5,147.5,280,650,416.73
M,19.5,118.15,252.5,172.5,300,725,418.55
M,19.5,58.65,167.5,112.5,170,450,387.07
M,19.5,73.25,245,160,295,700,509.94
M,20,88,247.5,167.5,335,750,490.56
M,19.5,82.2,275,170,272.5,717.5,487.04
M,20,82.9,222.5,145,275,642.5,434.04
M,19.5,65.8,220,135,260,615,482.96
M,19.5,92.05,257.5,150,300,707.5,452.39
M,19.5,64.6,207.5,130,255,592.5,471.76
M,19.5,58.7,172.5,120,210,502.5,431.91
M,19,58.35,197.5,100,215,512.5,442.73
M,19,82.55,220,142.5,290,652.5,441.85
M,18.5,52.6,155,95,195,445,421.63
M,18.5,91.15,265,145,312.5,722.5,464.22
M,18.5,58.35,192.5,135,252.5,580,501.05
M,18.5,92.45,252.5,125,280,657.5,419.53
M,18.5,71.75,222.5,135,252.5,610,450.54
M,18,82.6,260,182.5,285,727.5,492.47
M,17.5,82.6,230,140,295,665,450.16
M,18,121.95,287.5,223,267.5,778,444.44
M,17.5,81.65,247.5,152.5,260,660,449.73
M,17.5,52.6,160,130,190,480,454.79
M,17.5,86.45,212.5,130,225,567.5,374.67
M,17.5,91.9,250,142.5,292.5,685,438.35
M,17.5,92.75,175,137.5,270,582.5,371.1
M,17.5,101.75,227.5,155,270,652.5,398.66
M,17.5,73.5,200,142.5,260,602.5,437.93
M,18,89.85,275,195,318,788,509.95
M,17.5,81.1,255,150,285,690,472.01
M,18,81.35,220,147.5,280,647.5,442.15
M,17.5,99.95,235,165,307.5,707.5,435.57
M,17.5,92.5,230,170,252.5,652.5,416.24
M,18,73.1,220,142.5,270,632.5,461.39
M,17.5,103.9,300,175,317.5,792.5,480
M,17.5,118.9,282.5,187.5,295,765,440.7
M,18,72.7,295.5,170.5,300,766,560.8
M,17.5,100.2,285,200,305,790,485.84
M,17.5,82.65,190,112.5,235,537.5,363.72
M,17.5,112.7,240,167.5,300,707.5,415.29
M,17.5,104.15,282.5,165,302.5,750,453.82
M,17.5,65.65,180,130,212.5,522.5,411.01
M,18,80.85,237.5,127.5,275,640,438.59
M,17.5,82.7,227.5,145,270,642.5,434.63
M,17.5,98.5,197.5,110,200,507.5,314.45
M,17.5,81.95,230,147.5,240,617.5,419.88
M,17.5,118.85,295,208.5,320,823.5,474.47
M,17.5,117.95,290,185,315,790,456.34
M,17.5,73,180,112.5,205,497.5,363.24
M,17.5,64.65,200,97.5,270,567.5,451.59
M,17.5,58.8,182.5,102.5,215,500,429.15
M,17.5,92.55,260,157.5,312.5,730,465.55
M,17.5,74,187.5,105,245,537.5,388.96
M,17.5,58.9,192.5,115,245,552.5,473.54
M,17.5,65.96,202.5,117.5,197.5,517.5,405.66
M,17.5,52.25,220.5,130.5,145,496,472.91
M,17.5,80.95,185,110,255,550,376.64
M,17.5,91.3,247.5,135,255,637.5,409.27
M,17.5,90.9,270,160,275,705,453.59
M,17.5,73,197.5,127.5,225,550,401.57
M,17.5,65.55,75,142.5,160,377.5,297.29
M,17.5,73.4,185,110,225,520,378.3
M,17.5,101.25,275,185,287.5,747.5,457.65
M,18,82.35,215,125,245,585,396.68
M,17,65.9,238,147.5,250,635.5,498.49
M,17,90.5,237.5,132.5,277.5,647.5,417.51
M,17.5,72.25,210,137.5,260,607.5,446.6
M,17.5,56.95,155,90,215,460,405.72
M,17.5,91.1,250,160,285,695,446.67
M,17.5,50.85,137.5,95,165,397.5,388.97
M,17.5,82.25,240,147.5,247.5,635,430.89
M,17.5,71.45,227.5,127.5,275,630,466.63
M,17,57.65,167.5,107.5,215,490,427.66
M,17.5,90.35,212.5,150,300,662.5,427.54
M,17,58.6,195,112.5,205,512.5,441.14
M,16.5,66,185,127.5,230,542.5,425.06
M,16.5,52.25,147.5,102.5,246.5,496.5,473.39
M,17,73.9,225,150,225,600,434.57
M,16.5,52.85,142.5,95,177.5,415,391.47
M,17,90.4,217.5,147.5,272.5,637.5,411.29
M,17,82.25,280,195.5,295,770.5,522.83
M,16.5,63.05,155,77.5,185,417.5,338.69
M,16.5,58.1,187.5,107.5,210,505,437.84
M,16.5,65.4,180,115,230,525,414.16
M,16.5,91.8,217.5,160,250,627.5,401.77
M,16.5,57.9,160,95,190,445,386.95
M,16.5,58.5,170,95,175,440,379.28
M,16.5,52.15,137.5,77.5,170,385,367.74
M,16,65,182.5,110,212.5,505,400.22
M,22.5,149.45,330,192.5,290,812.5,437.36
M,23,116.4,320,225,322.5,867.5,503.4
M,22.5,92.4,280,190,302.5,772.5,493.04
M,22.5,116.5,310,200,315,825,478.59
M,23,114.85,312.5,192.5,330,835,486.82
M,23,82.5,285,197.5,267.5,750,508.04
M,23,92.65,267.5,162.5,285,715,455.75
M,23,58.35,207.5,115,227.5,550,475.13
M,22.5,92.4,275,167.5,275,717.5,457.94
M,23,73.75,230,145,302.5,677.5,491.35
M,23,150.05,360,195,330,885,475.88
M,22.5,104.3,315,180,285,780,471.69
M,22.5,82.35,257.5,162.5,300,720,488.23
M,22.5,58.3,160,82.5,200,442.5,382.54
M,23,92.6,305,187.5,315,807.5,514.84
M,22.5,65.7,242.5,142.5,250,635,499.23
M,22.5,73.5,247.5,167.5,280,695,505.17
M,22,82.8,242.5,135,280,657.5,444.47
M,22.5,82.65,257.5,160,282.5,700,473.69
M,22,73.8,237.5,155,312.5,705,511.07
M,22.5,92.85,240,140,312.5,692.5,440.95
M,22.5,105,227.5,170,212.5,610,367.89
M,22.5,92.35,260,200,307.5,767.5,489.98
M,22.5,82.05,285,175,277.5,737.5,501.13
M,22.5,103.9,312.5,212.5,322.5,847.5,513.31
M,22,74,250,142.5,270,662.5,479.42
M,22,104,280,190,310,780,472.25
M,22,92.4,260,157.5,255,672.5,429.22
M,21.5,65.6,205,127.5,292.5,625,491.92
M,22,117.8,300,195,320,815,470.99
M,21.5,104.45,317.5,220,366,903.5,546.06
M,21.5,144.25,305,207.5,310,822.5,447.02
M,22,82.5,262.5,172.5,270,705,477.56
M,22,90.65,245,147.5,270,662.5,426.83
M,22,92.05,260,175,260,695,444.4
M,21.5,92.8,285,180,305,770,490.42
M,22,82.95,280,185,337.5,802.5,541.94
M,22,105,300,195,315,810,488.51
M,22,58.7,180,107.5,215,502.5,431.91
M,21.5,114.6,75,200,75,350,204.21
M,22,90.65,272.5,190,270,732.5,471.93
M,22,104.55,300,195,317.5,812.5,490.87
M,21.5,92.35,247.5,157.5,255,660,421.35
M,21.5,73.65,240,160,255,655,475.46
M,21.5,81.1,260,165,290,715,489.11
M,21,52.55,182.5,130.5,175,488,462.79
M,21.5,92.8,292.5,192.5,360.5,845.5,538.51
M,21,73.7,227.5,155,262.5,645,467.99
M,20.5,73.8,225,187.5,272.5,685,496.57
M,21,72.9,212.5,145,260,617.5,451.26
M,21,82.75,280,200,262.5,742.5,502.1
M,21,104.5,270,182.5,272.5,725,438.09
M,21,100.6,287.5,205,325,817.5,501.89
M,21,118.55,302.5,172.5,320,795,458.44
M,21,58.6,192.5,120,252.5,565,486.33
M,20.5,142.1,355,197.5,357.5,910,496.63
M,20.5,81.45,217.5,130,255,602.5,411.13
M,20,52.05,142.5,112.5,190,445,425.83
M,20,104.15,282.5,150,302.5,735,444.74
M,20,79.2,245,142.5,285,672.5,466.49
M,19.5,91.65,277.5,160,255,692.5,443.75
M,19.5,65.95,202.5,135,265,602.5,472.34
M,19.5,91.6,245,190,300,735,471.1
M,20,73.65,202.5,132.5,255,590,428.27
M,19.5,119.15,285,180,307.5,772.5,444.71
M,19.5,65.4,205,117.5,225,547.5,431.91
M,18.5,57.9,190,105,225,520,452.17
M,19,118.3,342.5,210,385.5,938,541.29
M,19,82.4,267.5,175,310,752.5,510.09
M,18.5,104.5,305,182.5,290,777.5,469.81
M,19,137.4,370,215,345,930,512.37
M,18.5,82.1,240,170,260,670,455.11
M,19,65,207.5,147.5,245,600,475.51
M,18.5,72.95,197.5,115,232.5,545,398.1
M,18,73.3,235,112.5,270,617.5,449.64
M,18,65,200,122.5,240,562.5,445.79
M,17.5,92,205,120,215,540,345.38
M,18,80.9,215,140,255,610,417.88
M,18,73.75,212.5,130,230,572.5,415.2
M,18,104.15,255,175,295,725,438.69
M,18,73.15,220,130,260,610,444.78
M,17.5,82.2,200,140,240,580,393.7
M,17.5,64.6,215,115,235,565,449.87
M,17.5,117.4,300,180,282.5,762.5,441.16
M,17.5,73.4,187.5,130,240,557.5,405.58
M,17.5,104.7,250,130,315,695,419.64
M,18,64.9,192.5,105,230,527.5,418.54
M,17.5,82.65,230,157.5,250,637.5,431.39
M,17.5,100.25,250,190,270,710,436.54
M,17.5,91.25,232.5,145,270,647.5,415.8
M,18,77.2,207.5,110,215,532.5,375.16
M,18,82.25,215,125,240,580,393.57
M,17.5,53,150,100,232.5,482.5,453.94
M,18,92.5,245,162.5,270,677.5,432.18
M,18,92.45,257.5,170,270,697.5,445.06
M,18,58.8,190,127.5,185,502.5,431.3
M,17.5,58.6,135,120,185,440,378.74
M,17.5,102.9,265,167.5,277.5,710,431.75
M,17.5,82.95,275,167.5,315,757.5,511.55
M,17.5,57.85,157.5,97.5,175,430,374.19
M,18,117.35,237.5,145,300,682.5,394.93
M,17.5,89.7,230,150,245,625,404.81
M,17.5,90.15,225,145,287.5,657.5,424.78
M,18,65.1,202.5,115,205,522.5,413.61
M,17.5,72.95,197.5,142.5,230,570,416.36
M,17,80.95,202.5,122.5,247.5,572.5,392.05
M,17.5,65.9,222.5,150,207.5,580,454.96
M,17.5,82.8,245,140,265,650,439.4
M,17.5,73.95,205,142.5,215,562.5,407.23
M,16.5,121.4,302.5,165,277.5,745,426.22
M,16.5,91.9,232.5,140,272.5,645,412.76
M,16.5,126.5,230,135,220,585,330.31
M,16.5,86.45,175,127.5,220,522.5,344.96
M,16.5,79.5,212.5,122.5,260,595,411.81
M,16.5,142.25,330,155,260,745,406.46
M,16.5,79.05,245,142.5,302.5,690,479.18
M,16.5,58.9,125,80,155,360,308.55
M,17,82.4,247.5,165,252.5,665,450.78
M,16,130.55,275,172.5,310,757.5,423.62
M,16,65.45,165,110,220,495,390.27
M,16.5,92.2,262.5,160,320,742.5,474.39
M,16.5,65.45,185,110,207.5,502.5,396.18
M,16.5,104.6,247.5,142.5,245,635,383.56
M,16,92.25,257.5,120,292.5,670,427.96
M,16,81.2,180,112.5,262.5,555,379.39
F,23,75.97,180,97.5,182.5,460,445.02
F,22.5,46.36,112.5,55,160,327.5,433.6
F,22.5,67.8,165,115,182.5,462.5,476.26
F,22.5,51.41,132.5,65,140,337.5,414.67
F,22.5,63.19,162.5,75,182.5,420,450.89
F,22,63.33,140,65,160,365,391.32
F,21.5,62.62,175,95,232,502,541.91
F,21.5,81.85,195,117.5,192.5,505,470.51
F,21.5,77.19,210,156,252.5,618.5,593.43
F,20.5,62.81,170,100,197.5,467.5,503.73
F,21,55.89,132.5,77.5,157.5,367.5,426.53
F,20.5,53.61,140,70,165,375,447.6
F,20.5,67.57,162.5,80,177.5,420,433.35
F,20,74.19,160,110,160,430,421.23
F,17.5,51.7,135,67.5,155,357.5,437.52
M,22.5,121.53,295,195,345,835,477.54
M,22.5,160.38,420,256,410.5,1086.5,574.02
M,22.5,104.47,297.5,172.5,320,790,477.42
M,23,92.52,260,177.5,355.5,793,505.81
M,22.5,104.79,287.5,192.5,320,800,482.87
M,22,109.06,320,185,340,845,502.1
M,22,104.75,305,192.5,325,822.5,496.52
M,22,92.62,287.5,185,325,797.5,508.41
M,21.5,82.9,232.5,172.5,265,670,452.62
M,22,84.28,242.5,152.5,242.5,637.5,426.72
M,21.5,92.15,285,167.5,300,752.5,480.91
M,20.5,99.42,290,177.5,270,737.5,455.09
M,21,87.96,240,175,255,670,438.33
M,20.5,58.77,195,120,240,555,476.56
M,20,92.73,285,225.5,285,795.5,506.85
M,19.5,94.53,282.5,172.5,300,755,476.66
M,19.5,100.59,282.5,182.5,280,745,457.4
M,18.5,82.09,267.5,172.5,285,725,492.5
M,19,104.29,272.5,165,320,757.5,458.1
M,17.5,73.77,200,132.5,255,587.5,426.01
M,67.5,66,60,70,80,210,164.54
M,61.5,85,90,100,150,340,226.53
M,61.5,87.65,180,115,180,475,311.33
M,57.5,86.2,160,130,175,465,307.47
M,56.5,90.35,162.5,97.5,192.5,452.5,292.02
M,56.5,57.45,90,60,115,265,231.98
M,56,102.2,210,160,220,590,359.8
M,53.5,116.6,145,132.5,210,487.5,282.72
M,52.5,119.45,220,142.5,240,602.5,346.55
M,52.5,82.4,142.5,92.5,180,415,281.31
M,52.5,103,140,105,200,445,270.5
M,50.5,82.5,165,140,220,525,355.63
M,51,105.9,120,70,210,400,240.42
M,50.5,103.75,180,115,200,495,299.99
M,50.5,56.75,100,70,102.5,272.5,241.08
M,49.5,81.6,140,117.5,170,427.5,291.4
M,49.5,90.8,142.5,100,142.5,385,247.84
M,49,103.75,195,152.5,210,557.5,337.87
M,46.5,118.9,260,185,267.5,712.5,410.46
M,46.5,64.4,130,110,145,385,307.27
M,45.5,103.45,255,155,270,680,412.6
M,45.5,150,240,140,220,600,322.66
M,45.5,82.3,165,102.5,212.5,480,325.6
M,44,112,220,192.5,255,667.5,392.7
M,42.5,71.95,160,100,210,470,346.49
M,42.5,91.85,212.5,157.5,255,625,400.06
M,42.5,102.5,210,177.5,230,617.5,376.11
M,41.5,105.7,230,170,255,655,393.98
M,42,127.3,270,220,280,770,433.92
M,40.5,124.9,160,157.5,185,502.5,284.87
M,40.5,91.5,222.5,147.5,250,620,397.61
M,40.5,82,160,120,192.5,472.5,321.18
M,39,91.75,220,157.5,240,617.5,395.47
M,36.5,92,200,135,225,560,358.17
M,36.5,99.9,220,155,260,635,391.02
M,36,102.85,250,165,290,705,428.8
M,36.5,91.35,290,155,285,730,468.53
M,35.5,118.1,365,220,320,905,522.55
M,36,150,370,275,305,950,510.87
M,36,58.5,180,127.5,200,507.5,437.47
M,35.5,91.8,232.5,162.5,252.5,647.5,414.58
M,35.5,72.9,237.5,157.5,242.5,637.5,465.88
M,33,57.95,170,97.5,190,457.5,397.53
M,32,80,200,115,225,540,372.36
M,31,116.2,270,210,277.5,757.5,439.83
M,29.5,103.5,252.5,165,277.5,695,421.62
M,29.5,72.85,245,142.5,280,667.5,488.02
M,28.5,121.2,190,132.5,230,552.5,316.26
M,27,81.85,220,127.5,240,587.5,399.76
M,26,80.4,262.5,137.5,270,670,460.64
M,24.5,64.5,160,110,212.5,482.5,384.63
M,24.5,105.3,265,180,275,720,433.73
M,24.5,65.2,150,97.5,212.5,460,363.72
M,24.5,73.2,225,145,250,620,451.86
M,23.5,74,212.5,152.5,257.5,622.5,450.47
M,23.5,93.9,220,142.5,290,652.5,413.25
M,22.5,81.1,190,127.5,255,572.5,391.63
M,22.5,58.45,167.5,120,187.5,475,409.75
M,23,119,330,202,355,887,510.84
M,21.5,94,195,142.5,225,562.5,356.07
M,21.5,110,210,120,220,550,325.75
M,21.5,89.7,245,140,252.5,637.5,412.9
M,21.5,65.05,165,90,232.5,487.5,386.13
M,21.5,92,237.5,137.5,245,620,396.55
M,21.5,103.2,270,157.5,275,702.5,426.68
M,21,82.5,260,150,270,680,460.63
M,20.5,57.75,145,97.5,185,427.5,372.56
M,20.5,64.85,182.5,117.5,215,515,408.86
M,20,58.3,172.5,107.5,202.5,482.5,417.12
M,20.5,52.9,130,100,160,390,367.56
M,19.5,103.55,240,170,311,721,437.3
M,19.5,80.85,212.5,135,252.5,600,411.18
M,19.5,120.1,250,160,305,715,410.52
M,19,136.65,242.5,145,255,642.5,354.53
M,18.5,73.35,202.5,150,235,587.5,427.6
M,19,72.5,215,105,240,560,410.74
M,18.5,115.6,250,160,265,675,392.63
M,18.5,81.5,207.5,142.5,230,580,395.63
M,18.5,72.35,207.5,125,242.5,575,422.32
M,18,150,300,137.5,240,677.5,364.33
M,18.5,92.65,230,125,230,585,372.88
M,17.5,80.1,135,100,190,425,292.84
M,17.5,98.8,215,130,245,590,365.07
M,17.5,117.3,240,130,275,645,373.29
M,17.5,90.95,207.5,140,240,587.5,377.89
M,17.5,105.5,237.5,132.5,230,600,361.17
M,17.5,72,157.5,117.5,220,495,364.75
M,17.5,49.05,105,75,140,320,324.46
M,17.5,55.95,162.5,90,180,432.5,387.42
M,16.5,75.5,147.5,100,200,447.5,319.69
M,16.5,57.65,155,95,185,435,379.66
M,16.5,62.55,165,90,172.5,427.5,348.97
M,16.5,49.75,115,80,150,345,344.9
M,16.5,78.5,202.5,127.5,225,555,387.04
M,16.5,101.95,200,97.5,247.5,545,332.7
M,16.5,63.85,180,97.5,195,472.5,379.59
M,16.5,81.65,170,100,210,480,327.07
M,16.5,107,180,105,200,485,290.32
F,46.5,108.55,105,75,135,315,260.83
F,44.5,83.75,146,70,191,407,375.03
F,38,67.7,145,75,170,390,401.95
F,36.5,63.25,115,52.5,127.5,295,316.51
F,33.5,86.85,190,92.5,187.5,470,425.79
F,33.5,45.5,67.5,50,75,192.5,258.46
F,32,123.1,110,55,110,275,219.12
F,29.5,98.55,150,75,150,375,321.84
F,29.5,72.65,115,47.5,145,307.5,304.65
F,26.5,60.8,130,60,160,350,384.78
F,26.5,51.1,115,72.5,140,327.5,404.09
F,25.5,65.15,135,95,157.5,387.5,408.44
F,25.5,54.6,135,65,152.5,352.5,415.56
F,25.5,55.35,80,50,120,250,292.04
F,25.5,93.35,165,95,175,435,381.73
F,24,61.05,135,65,150,350,383.79
F,23.5,56.75,105,50,137.5,292.5,336.08
F,23.5,58.7,85,42.5,117.5,245,275.4
F,23.5,49.5,130,67.5,167.5,365,460.64
F,21.5,54.35,150,95,180,425,502.58
F,21.5,68.75,160,80,190,430,439.29
F,19.5,41.8,52.5,30,90,172.5,247.27
F,19.5,60.95,152.5,67.5,142.5,362.5,397.91
F,18.5,61,85,35,110,230,252.34
F,17.5,49.6,85,40,120,245,308.75
F,16.5,54.8,90,52.5,115,257.5,302.82
F,16.5,68.1,100,60,117.5,277.5,285.03
F,16.5,44.35,65,40,80,185,253.27
F,22,46.74,107.5,55,142.5,305,401.37
F,22.5,46.66,95,52.5,135,282.5,372.23
F,20.5,46.32,120,55,140,315,417.32
F,20.5,45.77,57.5,57.5,112.5,227.5,304.1
F,20,46.05,126,62.5,155.5,344,457.73
F,22.5,51.65,67.5,45,80,192.5,235.74
F,22.5,51.79,117.5,65,132.5,315,385.04
F,21.5,49.33,125,67.5,153.5,346,437.74
F,20.5,51.07,122.5,65,159,346.5,427.71
F,20.5,51.05,90,62.5,130,282.5,348.81
F,25,56.89,130,65,183.5,378.5,434.19
F,23.5,57,135,77.5,140,352.5,403.86
F,24,56.65,122.5,57.5,150,330,379.61
F,24,56.06,160,85,175,420,486.49
F,24,56.89,130,75,185.5,390.5,447.96
F,23.5,56.73,165.5,90,184,439.5,505.1
F,23.5,56.2,140,80,145,365,422.08
F,22.5,56.38,140,75,147.5,362.5,418.31
F,22,55.99,120,55,150,325,376.76
F,21.5,55.17,87.5,52.5,115,255,298.53
F,21,56.95,127.5,70,170,367.5,421.28
F,18.5,54.57,112.5,55,125,292.5,344.95
F,25,62.4,142.5,100,198,440.5,476.54
F,24.5,61.78,135,70,155,360,391.86
F,25,60.76,122.5,75,175,372.5,409.68
F,23.5,62.32,142.5,75,155,372.5,403.3
F,23.5,62.72,132.5,77.5,142.5,352.5,380.15
F,23,62.36,152.5,80,175,407.5,441.02
F,21.5,62.2,155,87.5,162.5,405,439
F,20.5,61.98,145,87.5,172.5,405,439.96
F,20.5,59.62,112.5,50,130,292.5,325.56
F,20.5,61.13,127.5,80,155,362.5,397.18
F,19.5,61.57,155,87.5,185,427.5,466.31
F,19.5,60.16,147.5,70,140,357.5,395.64
F,24.5,68.81,157.5,87.5,203,448,457.45
F,24.5,67.38,122.5,72.5,130,325,335.87
F,23.5,68.99,135,55,150,340,346.66
F,23.5,65.7,160,90,175,425,445.74
F,23.5,68.23,195,110,192.5,497.5,510.45
F,22.5,68.21,137.5,62.5,167.5,367.5,377.13
F,22.5,68.22,160,75,180,415,425.84
F,22,66.87,142.5,90,170,402.5,417.8
F,20.5,68.59,132.5,92.5,190,415,424.53
F,20.5,67.78,110,60,147.5,317.5,327
F,19.5,67.68,155,110,187.5,452.5,466.44
F,19.5,68.04,165,85,185,435,447.04
F,19.5,65.81,177.5,80,175,432.5,453.16
F,18.5,63.87,152.5,55,125,332.5,354.65
F,18.5,68.62,132.5,75,127.5,335,342.6
F,24.5,75.26,175,110.5,182.5,468,454.99
F,25,75.58,167.5,82.5,155,405,392.86
F,25,75.26,172.5,100,192.5,465,452.07
F,24.5,74.79,120,70,150,340,331.64
F,23,75.21,167.5,95,150,412.5,401.17
F,22.5,70.17,135,87.5,165,387.5,391.33
F,23,74.31,177.5,92.5,177.5,447.5,438
F,22,75.17,160,77.5,185,422.5,411.01
F,22,74.06,152.5,87.5,182.5,422.5,414.27
F,21.5,74.42,172.5,87.5,182.5,442.5,432.76
F,22,75.73,177.5,80,210,467.5,453.02
F,21.5,74.59,165,108.5,177.5,451,440.54
F,21.5,75.32,152.5,90,187.5,430,417.87
F,21.5,72.84,125,65,125,315,311.64
F,24,125.67,195,100,190,485,384.42
F,21.5,85.22,130,70,145,345,315.3
F,20.5,92.43,130,62.5,142.5,335,295.22
F,20.5,107.14,195,82.5,165,442.5,368.08
F,19,94.53,130,70,150,350,305.52
F,17.5,84.01,122.5,70,162.5,355,326.64
F,25,82.99,150,75,147.5,372.5,344.74
F,24.5,82.12,152.5,62.5,185,400,372.08
F,23.5,83.99,173,95,192.5,460.5,423.75
F,22.5,78.9,152.5,70,175,397.5,377.15
F,22.5,81.62,165,70,172.5,407.5,380.19
F,21,77.29,107.5,45,125,277.5,266.07
F,20,79.61,132.5,72.5,132.5,337.5,318.79
F,19,81.52,160,75,160,395,368.75
F,17.5,80.01,162.5,72.5,160,395,372.17
F,17.5,83.7,145,98,182.5,425.5,392.19
M,24.5,102.84,235,155,260,650,395.36
M,24.5,104.7,242.5,152.5,265,660,398.5
M,25,104.6,305,205.5,345,855.5,516.75
M,23.5,104.29,285,160,285,730,441.47
M,24,97.95,255,152.5,270,677.5,420.83
M,23.5,104.97,292.5,187.5,312.5,792.5,478.01
M,24,103.96,282.5,208,265,755.5,457.48
M,23.5,104.42,255,165,290,710,429.16
M,22.5,104.09,312.5,212.5,330,855,517.47
M,21.5,104.12,292.5,160,280,732.5,443.28
M,21.5,104.37,250,175,250,675,408.08
M,21.5,104.87,240,157.5,320,717.5,432.94
M,21.5,103.77,295,190,282.5,767.5,465.1
M,21.5,102.95,235,155,75,465,282.71
M,21.5,101,255,190,287.5,732.5,448.94
M,21.5,100.32,172.5,112.5,225,510,313.48
M,21.5,99.45,250,155,300,705,434.98
M,20.5,103.54,265,165,305,735,445.81
M,20.5,103.62,255,180,282.5,717.5,435.06
M,19.5,103.42,280,195,287.5,762.5,462.71
M,24,150.5,332.5,243.5,367,943,506.66
M,23.5,146.96,310,207.5,325,842.5,455.57
M,23,156.57,310,190,345,845,449.26
M,24,128.48,265,162.5,260,687.5,386.34
M,23,149.25,350,190,250,790,425.4
M,22.5,129.53,75,192.5,75,342.5,191.99
M,22,122.85,285,185,320,790,450.22
M,22,156.16,300,167.5,327.5,795,422.97
M,22,152.65,260,180,300,740,396.08
M,20.5,167.25,308,180,290,778,406.58
M,19.5,143.08,255,175,285,715,389.47
M,24.5,118.66,292.5,165,287.5,745,429.47
M,25,119.21,285,187.5,300,772.5,444.63
M,24.5,119.59,292.5,165,341,798.5,459.11
M,24.5,117.49,260,165,255,680,393.33
M,24.5,119.6,317.5,185,330.5,833,478.93
M,24,107.22,280,192.5,290,762.5,456.06
M,23.5,114.6,310,180,307.5,797.5,465.31
M,23.5,119.13,310,195,335,840,483.59
M,22.5,117.7,328,160,322.5,810.5,468.52
M,23,119.68,230,105,240,575,330.52
M,23,115.73,210,130,250,590,343.06
M,21,119.99,272.5,150,277.5,700,402.03
M,21.5,114.64,185,140,230,555,323.78
M,21.5,112.38,202.5,120,235,557.5,327.58
M,21.5,113.66,227.5,135,272.5,635,371.59
M,21.5,117.81,272.5,135,282.5,690,398.74
M,19.5,118.9,292.5,155,220,667.5,384.53
M,19.5,118.19,285,200,307.5,792.5,457.47
M,18.5,114.05,285,150,337.5,772.5,451.5
M,24.5,58.57,150,102.5,180,432.5,372.44
M,24,57.81,185,112.5,190,487.5,424.47
M,23.5,58.45,167.5,97.5,200,465,401.12
M,21.5,58.15,167.5,110,230.5,508,440.12
M,20.5,57.42,95,62.5,140,297.5,260.54
M,20.5,55.94,122.5,80,165,367.5,329.24
M,19.5,58.7,157.5,97.5,210,465,399.68
M,24.5,65.03,202.5,120,225,547.5,433.75
M,25,65.81,195,140,240,575,451.49
M,25,65.78,205,142.5,215,562.5,441.83
M,23.5,65.99,192.5,122.5,230,545,427.07
M,23,65.93,220,127.5,270.5,618,484.6
M,22.5,65.2,217.5,125,240,582.5,460.58
M,22.5,65.61,220,152.5,245,617.5,485.96
M,23,65.84,195,127.5,220,542.5,425.83
M,21.5,65.6,175,127.5,222.5,525,413.22
M,21.5,64.66,180,115,225,520,413.75
M,21,65.77,182.5,112.5,237.5,532.5,418.31
M,20,64.44,197.5,150.5,235,583,465.07
M,20,65.5,217.5,151,207.5,576,453.87
M,19,65.42,233,117.5,250,600.5,473.61
M,18.5,65.73,180,120,205,505,396.89
M,24,71.91,227.5,130,267.5,625,460.92
M,23.5,73.24,225,175.5,245,645.5,470.28
M,23.5,73.81,217.5,165,235,617.5,447.6
M,24,73.5,227.5,147.5,232.5,607.5,441.57
M,22.5,73.63,227.5,150,237.5,615,446.5
M,23,73.45,212.5,117.5,240,570,414.49
M,22.5,70.84,232.5,147.5,267.5,647.5,482.39
M,22,74,197.5,173.5,230,601,434.91
M,20.5,70.95,185,122.5,225,532.5,396.3
M,21,73.58,237.5,130,275,642.5,466.67
M,20.5,73.01,170,102.5,200,472.5,344.95
M,20.5,73.98,217.5,140,275,632.5,457.79
M,20,73.55,217.5,130,260,607.5,441.37
M,19.5,73.58,212.5,122.5,250,585,424.91
M,18.5,71.83,205,125,242.5,572.5,422.52
M,22,82.86,225,190.5,250,665.5,449.7
M,24.5,80.83,225,132.5,260,617.5,423.23
M,24.5,82.17,237.5,145,245,627.5,426.03
M,23.5,81.72,235,160,280,675,459.72
M,23.5,82.44,262.5,172.5,290,725,491.31
M,23.5,80.57,227.5,157.5,290,675,463.51
M,24,81.84,230,150,252.5,632.5,430.41
M,23.5,82.66,247.5,172.5,297.5,717.5,485.5
M,22.5,81.35,227.5,160,265,652.5,445.56
M,22,82.48,260,140,317.5,717.5,486.1
M,22.5,82.7,237.5,157.5,240,635,429.56
M,22.5,75.86,215,135,260,610,434.47
M,21.5,79.8,240,122.5,237.5,600,414.34
M,22,82.24,240,150,300,690,468.24
M,21,82.43,252.5,167.5,265,685,464.24
M,20.5,82.24,227.5,140,262.5,630,427.52
M,20,82.08,240,132.5,305,677.5,460.27
M,19.5,81.23,207.5,102.5,240,550,375.89
M,18.5,79.14,202.5,157.5,275,635,440.68
M,25,91.54,222.5,130,265,617.5,395.92
M,23.5,92.54,280,175,342.5,797.5,508.63
M,23.5,92.12,210,140,237.5,587.5,375.52
M,23.5,92.16,303,145,302.5,750.5,479.61
M,24,92.64,257.5,182.5,300,740,471.71
M,22.5,91.09,225,160,295,680,437.05
M,22.5,92.48,240,145,275,660,421.06
M,22.5,92.51,252.5,152.5,267.5,672.5,428.97
M,22,92.4,195,120,250,565,360.61
M,21.5,91.76,242.5,175,322.5,740,473.9
M,22,92.61,255,155,270,680,433.53
M,21.5,92.93,240,170,275,685,435.99
M,22,91.82,237.5,152.5,260,650,416.13
M,21,91.51,195,152.5,225,572.5,367.13
M,20.5,91.45,245,155,240,640,410.54
M,20,92,260,165,290,715,457.31
M,20,91.12,250,170,290,710,456.26
M,21.5,58.57,175,120,205,500,430.57
M,27.5,58.5,150,112.5,157.5,420,362.04
M,19.5,58.66,137.5,97.5,160,395,339.71
M,18.5,58.31,135,87.5,150,372.5,321.98
M,22.5,58.73,115,75,150,340,292.12
M,25.5,57.38,120,80,137.5,337.5,295.75
M,19.5,65.9,215,137.5,260,612.5,480.45
M,20.5,65.84,215,125,227.5,567.5,445.45
M,19.5,64.56,187.5,132.5,225,545,434.15
M,23.5,65.82,177.5,122.5,210,510,400.41
M,21.5,65.61,150,145,200,495,389.56
M,19.5,65.77,165,112.5,202.5,480,377.07
M,21.5,64.37,162.5,107.5,202.5,472.5,377.24
M,22.5,65.45,142.5,110,187.5,440,346.91
M,22.5,65.39,155,100,180,435,343.2
M,19.5,64.71,142.5,102.5,187.5,432.5,343.92
M,21.5,65.45,130,85,217.5,432.5,340.99
M,18.5,65.19,145,87.5,190,422.5,334.1
M,21,73.43,212.5,145,260,617.5,449.12
M,21.5,73.93,212.5,150,255,617.5,447.13
M,23.5,73.52,217.5,135,210,562.5,408.78
M,24.5,73.98,195,120,212.5,527.5,381.79
M,21.5,73.89,200,125,200,525,380.28
M,19.5,72.8,197.5,107.5,205,510,373.04
M,21.5,73.77,185,117.5,200,502.5,364.37
M,22.5,70.36,170,112.5,215,497.5,372.38
M,20.5,72.55,170,112.5,207.5,490,359.23
M,20.5,73.75,172.5,130,187.5,490,355.37
M,20.5,72.66,170,117.5,200,487.5,357.04
M,20.5,73.74,175,120,185,480,348.15
M,19.5,73.13,167.5,100,210,477.5,348.23
M,23.5,82.55,252.5,160,292.5,705,477.4
M,20,82.92,225,162.5,285,672.5,454.24
M,20.5,80.61,240,162.5,255,657.5,451.36
M,22.5,82.31,227.5,142.5,280,650,440.88
M,20.5,80.42,200,165,275,640,439.95
M,19.5,82.92,240,135,260,635,428.91
M,26.5,81.36,225,157.5,247.5,630,430.17
M,23.5,82.73,230,150,240,620,419.32
M,24.5,81.93,217.5,170,227.5,615,418.24
M,23.5,82.46,192.5,142.5,265,600,406.55
M,19.5,82.85,185,162.5,227.5,575,388.57
M,20.5,82.31,215,122.5,235,572.5,388.31
M,22.5,80.86,197.5,125,240,562.5,385.45
M,19.5,79.69,190,145,215,550,380.12
M,23.5,78.91,185,122.5,235,542.5,377.14
M,22.5,82.51,192.5,125,225,542.5,367.46
M,19.5,82.96,180,97.5,205,482.5,325.82
M,23.5,81.86,152.5,112.5,205,470,319.79
M,21.5,82.67,160,115,75,350,236.81
M,21.5,82.44,75,135,75,285,193.14
M,21.5,91.93,262.5,180,290,732.5,468.68
M,20.5,89.38,245,170,287.5,702.5,455.83
M,22.5,91.8,250,172.5,270,692.5,443.39
M,22.5,92.92,222.5,175,252.5,650,413.73
M,21.5,90.71,207.5,142.5,267.5,617.5,397.71
M,20.5,92.29,227.5,137.5,252.5,617.5,394.34
M,21.5,87.74,195,137.5,262.5,595,389.77
M,21.5,85.65,215,155,212.5,582.5,386.49
M,26.5,92.68,172.5,140,252.5,565,360.08
M,22.5,88.53,195,147.5,215,557.5,363.52
M,20.5,92.72,200,115,222.5,537.5,342.48
M,18.5,87.99,182.5,107.5,230,520,340.14
M,22.5,86.01,180,122.5,205,507.5,335.97
M,20.5,84.6,182.5,100,202.5,485,323.97
M,22.5,103.54,267.5,200,285,752.5,456.42
M,21.5,104.44,242.5,172.5,265,680,410.99
M,20.5,104.48,247.5,147.5,275,670,404.89
M,21.5,104.76,232.5,182.5,255,670,404.45
M,21.5,103.71,250,132.5,270,652.5,395.5
M,20.5,104.56,252.5,137.5,257.5,647.5,391.17
M,20.5,102.58,240,150,242.5,632.5,385.12
M,23.5,97.36,195,145,230,570,355.01
M,19.5,95.89,190,105,222.5,517.5,324.55
M,22.5,119.46,320,210,310,840,483.14
M,23.5,116.16,292.5,195,312.5,800,464.56
M,24.5,117.38,260,165,315,740,428.17
M,21.5,116.59,290,157.5,290,737.5,427.72
M,27,115,260,197.5,277.5,735,428.32
M,21,111.18,270,145,280,695,409.99
M,20.5,107.67,220,157.5,265,642.5,383.66
M,23.5,112.87,220,155,220,595,349.06
M,18.5,138.9,307.5,180,322.5,810,444.88
M,25.5,150.04,300,215,295,810,435.55
M,20.5,123.28,232.5,142.5,285,660,375.71
F,25.5,45.67,110,52.5,137.5,300,401.67
F,18.5,46.78,97.5,60,122.5,280,368.23
F,20.5,46.34,110,55,110,275,364.21
F,21.5,46.83,100,47.5,122.5,270,354.8
F,19.5,46.98,77.5,47.5,115,240,314.63
F,22.5,51.74,112.5,55,147.5,315,385.3
F,18.5,51.1,115,67.5,130,312.5,385.58
F,22.5,51.74,102.5,80,130,312.5,382.24
F,22.5,51.45,107.5,52.5,132.5,292.5,359.18
F,21.5,51.64,97.5,50,135,282.5,346.01
F,21.5,51.68,105,57.5,115,277.5,339.7
F,26.5,51.86,92.5,70,112.5,275,335.83
F,18.5,51.96,110,47.5,110,267.5,326.23
F,23.5,54.66,132.5,87.5,137.5,357.5,421.14
F,19.5,54.12,120,67.5,150,337.5,400.25
F,21.5,55.74,122.5,60,150,332.5,386.6
F,21.5,55.75,102.5,65,147.5,315,366.21
F,22.5,55.88,107.5,70,132.5,310,359.84
F,21.5,56.7,110,62.5,127.5,300,344.9
F,22,56.81,92.5,75,125,292.5,335.85
F,25,61.79,145,75,152.5,372.5,405.42
F,23,63,130,77.5,155,362.5,389.87
F,28.5,62.58,135,70,155,360,388.77
F,18,63,122.5,77.5,135,335,360.3
F,22.5,61.25,125,82.5,125,332.5,363.86
F,23.5,62.59,120,67.5,130,317.5,342.84
F,22.5,61.53,102.5,52.5,155,310,338.28
F,24.5,62.13,100,62.5,147.5,310,336.26
F,20.5,61.38,100,55,135,290,316.94
F,19.5,63,80,90,65,235,252.75
F,23.5,68.89,160,80,185,425,433.68
F,21.5,70.32,147.5,75,180,402.5,405.99
F,23.5,71.72,150,72.5,155,377.5,376.64
F,21,69.37,122.5,70,155,347.5,353.2
F,20.5,66.27,137.5,60,140,337.5,352.18
F,20.5,67.33,105,67.5,165,337.5,348.94
F,20.5,71.78,107.5,57.5,140,305,304.17
F,21,71.75,107.5,60,127.5,295,294.26
F,20.5,65.11,105,60,115,280,295.24
F,21.5,69.55,75,85,100,260,263.88
F,20,65.59,87.5,42.5,115,245,257.21
F,20.5,69.59,75,55,102.5,232.5,235.89
F,24.5,82.24,167.5,90,200,457.5,425.27
F,18.5,83.84,140,87.5,145,372.5,343.07
F,21.5,74.19,132.5,90,147.5,370,362.46
F,20.5,82.82,132.5,77.5,120,330,305.71
F,20.5,74.2,125,57.5,125,307.5,301.21
F,21.5,74.76,100,52.5,130,282.5,275.62
F,20.5,76.69,100,47.5,95,242.5,233.45
F,21.5,99.9,175,67.5,195,437.5,373.48
F,20.5,85.11,132.5,72.5,140,345,315.49
M,26.5,51,270,175,137.5,582.5,568.38
M,25,109.32,287.5,150,310,747.5,443.76
M,24.5,107.69,255,150,318,723,431.7
M,24.5,111.2,275,172.5,295,742.5,437.98
M,24.5,92.66,225,120,270,615,391.99
M,25,130.07,290,185,285,760,425.49
M,25,82.62,195,137.5,255,587.5,397.64
M,24.5,82.93,252.5,167.5,292.5,712.5,481.23
M,24.5,73.63,215,165,250,630,457.39
M,23.5,104.63,285,145,305,735,443.91
M,23.5,118.26,295,170,287.5,752.5,434.29
M,24,99.59,215,115,237.5,567.5,349.93
M,24,73.32,210,155,235,600,436.82
M,23.5,73.52,200,162.5,227.5,590,428.77
M,24,65.89,185,137.5,237.5,560,439.32
M,23.5,82.68,290,175,315.5,780.5,528.05
M,24,91.63,270,137.5,300,707.5,453.41
M,24,106.94,272.5,167.5,307.5,747.5,447.55
M,23.5,82.94,267.5,160,297.5,725,489.64
M,24,90.6,285.5,157.5,292.5,735.5,473.99
M,23.5,64.74,165,97.5,205,467.5,371.62
M,23.5,73.15,240,135,260,635,463
M,23.5,90.5,257.5,172.5,307.5,737.5,475.54
M,24,122.53,282.5,187.5,287.5,757.5,432.07
M,23.5,92.7,282.5,175,287.5,745,474.75
M,24,104.01,303,195,348,846,512.18
M,23.5,65.92,205,127.5,242.5,575,450.93
M,24,58.66,192.5,117.5,217.5,527.5,453.66
M,24,65.65,212.5,137.5,192.5,542.5,426.75
M,23,55.66,200,102.5,230,532.5,479.19
M,23,102.48,250,165,292.5,707.5,430.96
M,23,104.08,270,187.5,290,747.5,452.43
M,22.5,65.61,215,140,245,600,472.19
M,22.5,103.34,272.5,172.5,317.5,762.5,462.86
M,22.5,65.92,192.5,120,227.5,540,423.49
M,22.5,103.83,275,150,280,705,427.12
M,23,92.47,242.5,152.5,257.5,652.5,416.3
M,22.5,104.12,280,162.5,307.5,750,453.87
M,22.5,110.29,295,180,290,765,452.64
M,23,102.59,227.5,125,260,612.5,372.93
M,22.5,91.71,225,120,245,590,377.94
M,23,82.75,235,130,287.5,652.5,441.24
M,23,120.44,230,162.5,235,627.5,359.94
M,23,73.83,240,147.5,308,695.5,504.05
M,22.5,81.76,220,120,260,600,408.53
M,22.5,73.38,230,170.5,252.5,653,475.15
M,22.5,58.36,160,95,192.5,447.5,386.53
M,22.5,113.58,260,177.5,282.5,720,421.44
M,23,58.71,175,125,230,530,455.49
M,22.5,104.79,260,160,290,710,428.54
M,21.5,82.09,235,165,287.5,687.5,467.03
M,22,72.65,222.5,132.5,235,590,432.15
M,22,81.9,257.5,177.5,277.5,712.5,484.65
M,21.5,82.75,232.5,175,260,667.5,451.39
M,21.5,98.31,270,150,280,700,434.09
M,21.5,92.93,247.5,147.5,252.5,647.5,412.12
M,21.5,106.5,280,160,295,735,440.78
M,21.5,113.63,247.5,142.5,270,660,386.26
M,21.5,88.93,225,135,242.5,602.5,391.95
M,21.5,82.04,200,122.5,240,562.5,382.25
M,22,65.44,187.5,146,222.5,556,438.41
M,22,82.27,255,162.5,240,657.5,446.09
M,22,82.44,232.5,142.5,255,630,426.93
M,22,73.67,220,142.5,262.5,625,453.6
M,21.5,81.8,215,150,245,610,415.22
M,22,104.64,227.5,132.5,242.5,602.5,363.87
M,22,91.76,282.5,165,330,777.5,497.92
M,21.5,147.52,275,162.5,300,737.5,398.38
M,21,73.52,195,142.5,245,582.5,423.32
M,21,65.59,195,110,210,515,405.39
M,20.5,73.89,222.5,142.5,277.5,642.5,465.4
M,21,82.49,280.5,167.5,310,758,513.5
M,20.5,92.5,282.5,180,265,727.5,464.08
M,21,105.34,270,152.5,275,697.5,420.11
M,20.5,82.95,205,155,232.5,592.5,400.12
M,21,73.34,227.5,147.5,227.5,602.5,438.56
M,20.5,64.84,170,107.5,235,512.5,406.92
M,20.5,97.71,240,185,275,700,435.28
M,21,100.72,255,157.5,275,687.5,421.86
M,20,104.3,300.5,182.5,345,828,500.72
M,21,88.3,220,165,255,640,417.87
M,20,79.39,200,115,235,550,380.97
M,19.5,91.55,212.5,180,240,632.5,405.52
M,20,102.11,262.5,150,282.5,695,423.99
M,19.5,73.54,215,122.5,270,607.5,441.41
M,19,81.99,217.5,127.5,232.5,577.5,392.58
M,18.5,92.43,195,130,260,585,373.31
M,19,82.25,227.5,150,282.5,660,447.85
M,18.5,58.32,165,115,205,485,419.16
M,18.5,63.9,115,80,162.5,357.5,287.03
M,18.5,115.4,250,202.5,315,767.5,446.71
M,17.5,82.62,195,120,220,535,362.11
M,17.5,103.2,212.5,105,250,567.5,344.68
F,25,74.29,122.5,57.5,160,340,332.83
F,25,54.67,127.5,65,152.5,345,406.36
F,25,46.62,92.5,50,112.5,255,336.21
F,24.5,62.5,135,67.5,167.5,370,399.88
F,24.5,67.02,155,75,165,395,409.48
F,24,68.63,152.5,85,175,412.5,421.83
F,23.5,75.35,160,108,175,443,430.41
F,24,68.02,150,100,197.5,447.5,459.96
F,24,68.11,150,82.5,195,427.5,439.07
F,24,73.67,162.5,82.5,155,400,393.32
F,23.5,50.59,87.5,50,117.5,255,316.87
F,23.5,107.41,162.5,95,170,427.5,355.29
F,23.5,56.86,157.5,91,170,418.5,480.25
F,24,56.98,112.5,70,157.5,340,389.63
F,24,56.63,142.5,75,170,387.5,445.86
F,24,62.4,152.5,82.5,160,395,427.32
F,24,56.75,112.5,75,170,357.5,410.77
F,23.5,67.61,162.5,77.5,192.5,432.5,446.09
F,23,83.51,150,82.5,185,417.5,385.24
F,23,62.49,102.5,72.5,105,280,302.64
F,22.5,56.88,122.5,70,157.5,350,401.55
F,23,125.69,200,97.5,190,487.5,386.39
F,22.5,62.08,117.5,80,147.5,345,374.41
F,22.5,62.75,130,75,145,350,377.34
F,23,67.09,170,92.5,167.5,430,445.5
F,23,72.21,145,75,180,400,397.61
F,23,51.27,115,70,140,325,400.07
F,23,74.56,157.5,92.5,150,400,390.81
F,22.5,55.35,115,65,145,325,379.65
F,22.5,51.85,112.5,60,125,297.5,363.35
F,23,59.27,176,87.5,182.5,446,498.26
F,22.5,50.27,120,67.5,142.5,330,411.91
F,23,56.6,132.5,72.5,132.5,337.5,388.46
F,23,74.8,150,82.5,152.5,385,375.51
F,22.5,56.5,120,62.5,140,322.5,371.63
F,23,62.45,142.5,65,157.5,365,394.67
F,22.5,56.78,163,82.5,180,425.5,488.73
F,22.5,74.04,155,90,170,415,406.98
F,22.5,68.39,200,100,190,490,502.08
F,21.5,71.66,135,60,152.5,347.5,346.87
F,21.5,74.6,165,80,200,445,434.65
F,21.5,130.3,185,95,175,455,357.62
F,22,68.73,142.5,75,160,377.5,385.72
F,21.5,68.19,157.5,113,167.5,438,449.55
F,21.5,56.4,125,57.5,160,342.5,395.14
F,22,61.39,107.5,82.5,142.5,332.5,363.35
F,21.5,54.85,105,57.5,147.5,310,364.33
F,21.5,60.44,130,70,135,335,369.66
F,21.5,66.76,132.5,75,170,377.5,392.23
F,21.5,60.94,107.5,70,127.5,305,334.82
F,21.5,72.96,181,87.5,202.5,471,465.56
F,21,56.2,107.5,57.5,157.5,322.5,372.94
F,21,61.87,147.5,77.5,185,410,445.88
F,21,82.95,140,80,157.5,377.5,349.45
F,20.5,56.12,130,72.5,165,367.5,425.37
F,21,74.45,172.5,80,211.5,464,453.69
F,21,63.67,150,80,160,390,416.77
F,21,68.69,147.5,75,155,377.5,385.84
F,20.5,66.77,142.5,77.5,175,395,410.37
F,20.5,56.32,130,62.5,135,327.5,378.18
F,20,62.42,152.5,65,155,372.5,402.9
F,20,104.23,190,82.5,182.5,455,382.24
F,19.5,61.88,160,95,180,435,473.02
F,19.5,62.9,120,55,140,315,339.12
F,19.5,56.93,130,62.5,157.5,350,401.32
F,19.5,62.66,130,70,147.5,347.5,374.98
F,20,62.71,145,87.5,175,407.5,439.51
F,20,56.46,130,82.5,157.5,370,426.56
F,19,83.38,152.5,62.5,165,380,350.89
F,19,78.22,137.5,85,155,377.5,359.75
F,19,46.44,117.5,57.5,148,323,427.09
F,19,73,127.5,80,177.5,385,380.44
F,19,44.4,107.5,70,125,302.5,413.77
F,19,50.52,100,67.5,140,307.5,382.48
F,19,42.58,92.5,45,117.5,255,360.26
M,25.5,51.1,270,172.5,137.5,580,564.87
M,34.5,58.55,215,147.5,207.5,570,490.99
M,47,58.75,192.5,100,230,522.5,448.78
M,45.5,58.5,165,130,200,495,426.69
M,29.5,65.15,205,172.5,255,632.5,500.4
M,36,65.6,232.5,145,242.5,620,487.99
M,34.5,65.8,192.5,155,252.5,600,471.18
M,24.5,65.15,225,130,242.5,597.5,472.71
M,27,65.45,195,155,232.5,582.5,459.26
M,35.5,65.25,185,127.5,237.5,550,434.63
M,37.5,64.7,180,120,230,530,421.5
M,36.5,73.65,235,160,291,686,497.96
M,31.5,73.55,220,170,280,670,486.78
M,45.5,74,230,172.5,267.5,670,484.85
M,37.5,73.65,225,150,277.5,652.5,473.64
M,30,72.5,237.5,145,262.5,645,473.08
M,25.5,73.6,237.5,160,245,642.5,466.59
M,25.5,73.25,245,165,230,640,466.23
M,23.5,73.25,220,155,260,635,462.59
M,35.5,73.65,202.5,132.5,240,575,417.39
M,30.5,73.25,200,130,240,570,415.24
M,30.5,73.05,215,132.5,210,557.5,406.86
M,29.5,73.25,185,145,200,530,386.1
M,30.5,81.85,265,182.5,312.5,760,517.14
M,38.5,81.2,255,165,287.5,707.5,483.63
M,25,82.2,255,162.5,275,692.5,470.07
M,27.5,82.2,242.5,145,285,672.5,456.49
M,24,78.9,245,135,282.5,662.5,460.6
M,25.5,82.35,230,167.5,242.5,640,433.98
M,46.5,82.55,195,172.5,250,617.5,418.15
M,37.5,79.3,232.5,142.5,235,610,422.82
M,33.5,82.3,235,135,230,600,407
M,23.5,82.7,205,142.5,250,597.5,404.19
M,23,92.95,265,190,355,810,515.5
M,24.5,92.95,280,187.5,305,772.5,491.63
M,29.5,92.5,267.5,175,307.5,750,478.43
M,34.5,91.65,252.5,205,290,747.5,478.99
M,25.5,92.6,255,170,297.5,722.5,460.65
M,25.5,92.45,235,180,295,710,453.03
M,24.5,91.4,260,155,285,700,449.15
M,30.5,91.15,220,170,275,665,427.27
M,32.5,92.6,220,130,250,600,382.55
M,44.5,84.5,180,125,275,580,387.68
M,35,84.95,160,180,180,520,346.56
M,20.5,103.35,320,210,310,840,509.88
M,33.5,103.35,310,212.5,315,837.5,508.37
M,29.5,104.45,300,200,305,805,486.53
M,27.5,103.1,285,210,285,780,473.94
M,28.5,104.5,282.5,192.5,305,780,471.32
M,31,101.95,267.5,205,290,762.5,465.48
M,31.5,103.55,280,177.5,305,762.5,462.47
M,24.5,104.45,265,207.5,282.5,755,456.31
M,26,103.3,270,197.5,285,752.5,456.86
M,33.5,103.05,270,160,312.5,742.5,451.24
M,39,104.95,245,190,287.5,722.5,435.82
M,24.5,103.7,245,170,300,715,433.4
M,26.5,103.2,252.5,197.5,250,700,425.16
M,26.5,104.75,232.5,162.5,290,685,413.52
M,28.5,102.55,225,185,260,670,408.01
M,41.5,101.75,227.5,162.5,255,645,394.07
M,30.5,96.35,220,207.5,180,607.5,380.16
M,33.5,118.85,337.5,225,342.5,905,521.43
M,28,117.95,345,202.5,345,892.5,515.55
M,24.5,119.75,327.5,222.5,337.5,887.5,510.05
M,28.5,119.2,310,220,340,870,500.77
M,36,118.45,356,190,320,866,499.53
M,25,118.85,322.5,190,340,852.5,491.18
M,26.5,118.2,335,210,290,835,481.99
M,28,116.6,260,185,352.5,797.5,462.5
M,33.5,116.4,272.5,237.5,270,780,452.62
M,45,115.8,285,177.5,305,767.5,446.17
M,23.5,117.2,300,210,250,760,439.97
M,35.5,119.6,265,220,272.5,757.5,435.52
M,27.5,119.9,262.5,200,285,747.5,429.41
M,29.5,117.85,242.5,175,300,717.5,414.58
M,39.5,114.2,250,195,250,695,406.01
M,33.5,119.65,235,180,272.5,687.5,395.22
M,47,147.05,315,230,375,920,497.4
M,24.5,142.95,345,215,332.5,892.5,486.28
M,32.5,160.3,350,232.5,310,892.5,471.59
M,27.5,163.95,345,207.5,332.5,885,464.89
M,35.5,147.1,285,215,335,835,451.4
M,25.5,162.2,322.5,205,305,832.5,438.54
M,24.5,142.75,305,195,265,765,416.97
M,30.5,131.5,270,222.5,265,757.5,422.7
M,17.5,52.3,117.5,72.5,150,340,323.88
M,17.5,58.7,142.5,90,177.5,410,352.41
M,16.5,58.45,130,95,180,405,349.36
M,16.5,58.7,130,92.5,162.5,385,330.92
M,16.5,58.7,120,107.5,155,382.5,328.77
M,18,64.35,207.5,165,212.5,585,467.17
M,17.5,65.6,182.5,117.5,195,495,389.6
M,16.5,64.95,172.5,107.5,172.5,452.5,358.82
M,17.5,64.8,145,97.5,195,437.5,347.53
M,17.5,72.9,192.5,112.5,222.5,527.5,385.49
M,17.5,72.7,185,137.5,202.5,525,384.36
M,17.5,73.2,182.5,140,177.5,500,364.41
M,16.5,72.25,147.5,105,170,422.5,310.6
M,17.5,82.8,215,145,240,600,405.6
M,17.5,82.55,190,132.5,257.5,580,392.75
M,17.5,82,192.5,125,240,557.5,378.95
M,17.5,92.7,237.5,132.5,240,610,388.72
M,17.5,91.8,217.5,130,220,567.5,363.36
M,17.5,90.75,190,110,230,530,341.28
M,17.5,91.8,202.5,127.5,200,530,339.34
M,17.5,104.2,240,140,277.5,657.5,397.77
M,17.5,104.3,240,147.5,247.5,635,384
M,17.5,100.5,232.5,137.5,247.5,617.5,379.26
M,16.5,102.5,220,157.5,235,612.5,373.07
M,17.5,101.75,210,127.5,255,592.5,362
M,17.5,97.65,190,110,220,520,323.44
M,16.5,156.6,260,207.5,300,767.5,408.03
M,16.5,140.9,217.5,130,235,582.5,318.65
M,17.5,137.8,222.5,120,200,542.5,298.63
M,19.5,52.35,155,92.5,187.5,435,414.01
M,18.5,53,142.5,100,170,412.5,388.08
M,19.5,52.5,102.5,82.5,167.5,352.5,334.59
M,18.5,58.5,157.5,112.5,187.5,457.5,394.37
M,20.5,58.6,150,120,185,455,391.65
M,18.5,58.35,150,102.5,185,437.5,377.94
M,21.5,58.45,155,85,180,420,362.3
M,20.5,58.2,135,80,170,385,333.32
M,20.5,65.85,190,130,205,525,412.05
M,20,65.6,185,100,220,505,397.47
M,22.5,65.9,177.5,110,217.5,505,396.13
M,20.5,65.75,190,102.5,210,502.5,394.83
M,21.5,62.55,162.5,120,180,462.5,377.54
M,22,65.1,162.5,110,190,462.5,366.12
M,19.5,73.2,230,155,270,655,477.37
M,22,73,247,140,257.5,644.5,470.57
M,21.5,73.55,205,135,250,590,428.66
M,20.5,73.6,200,137.5,250,587.5,426.65
M,20.5,72.95,197.5,135,245,577.5,421.84
M,20.5,68.85,207.5,122.5,215,545,414.15
M,22.5,73.95,187.5,117.5,235,540,390.94
M,21.5,82,230,182.5,252.5,665,452.03
M,22.5,81.6,235,183,245,663,451.93
M,18.5,82.85,255,160,240,655,442.63
M,20.5,79.7,237.5,132.5,265,635,438.84
M,21,82.85,255,135,245,635,429.12
M,21.5,81.25,225,147.5,230,602.5,411.71
M,22.5,81.4,212.5,140,245,597.5,407.86
M,19.5,81.9,232.5,120,230,582.5,396.22
M,19.5,82.25,190,117.5,230,537.5,364.73
M,22.5,82.3,190,120,215,525,356.12
M,20.5,82.4,175,125,225,525,355.88
M,20.5,92.05,270,150,315.5,735.5,470.3
M,20.5,92.3,242.5,167.5,312.5,722.5,461.37
M,21.5,91.4,272.5,172.5,275,720,461.99
M,21.5,90,227.5,180,272.5,680,439.69
M,21.5,93,225,185,260,670,426.29
M,22.5,91.6,225,152.5,287.5,665,426.24
M,23,88.3,210,145,250,605,395.02
M,22.5,96,280,195,342.5,817.5,512.43
M,22.5,103.85,275,192.5,285,752.5,455.86
M,22.5,94.85,247.5,150,317.5,715,450.69
M,20.5,103.8,240,170,270,680,412.03
M,22.5,94.25,245,157.5,265,667.5,422.01
M,20.5,104.15,220,155,280,655,396.33
M,22.5,103.35,225,150,275,650,394.55
M,22.5,101.05,232.5,150,262.5,645,395.23
M,22.5,99.65,240,167.5,230,637.5,392.99
M,22.5,115.25,290,220,270,780,454.19
M,19.5,115.65,275,165,327.5,767.5,446.37
M,22,119.9,265,172.5,277.5,715,410.74
M,22.5,118.45,270,172.5,250,692.5,399.45
M,22,154.95,295,205,285,785,418.51
M,20.5,155.95,285,182.5,307.5,775,412.47
M,21.5,122,255,180,295,730,416.97
M,19.5,133.3,260,160,265,685,380.71
F,42.5,46.65,120,85,145,350,461.24
F,33,46.6,102.5,67.5,135,305,402.26
F,38.5,46.85,95,75,132.5,302.5,397.38
F,30.5,46.6,105,70,125,300,395.67
F,51.5,46.7,110,55,132.5,297.5,391.75
F,25.5,46.15,97.5,57.5,130,285,378.61
F,34.5,45.95,92.5,70,112.5,275,366.52
F,45.5,42.95,90,45,132.5,267.5,375.38
F,58.5,45.4,72.5,50,117.5,240,322.78
F,41.5,46.7,70,52.5,110,232.5,306.15
F,33.5,51.3,140,85,160,385,473.74
F,26.5,51.3,115,90,152.5,357.5,439.9
F,44,51.65,140,75,140,355,434.75
F,42,51.2,117.5,92.5,135,345,425.1
F,24.5,51.5,105,75,135,315,386.55
F,40.5,51.75,92.5,72.5,142.5,307.5,376.07
F,41.5,51.75,100,72.5,130,302.5,369.96
F,38,51,102.5,65,127.5,295,364.49
F,32.5,51.25,85,52.5,140,277.5,341.69
F,26.5,56.65,150,95,175,420,483.14
F,26.5,56.5,130,92.5,175,397.5,458.05
F,39.5,56.55,112.5,85,157.5,355,408.84
F,26.5,56.6,130,82.5,142.5,355,408.6
F,32.5,56.75,100,77.5,150,327.5,376.3
F,29.5,57,110,77.5,140,327.5,375.22
F,44.5,56.4,107.5,67.5,130,305,351.87
F,34.5,62.25,157.5,97.5,221,476,515.71
F,37,59.8,177.5,92.5,180,450,499.9
F,24.5,62.95,155,90,170,415,446.55
F,24.5,62.1,135,85,160,380,412.31
F,47.5,61.95,125,87.5,165,377.5,410.21
F,31.5,58.15,137.5,90,145,372.5,421.27
F,26.5,62.5,132.5,72.5,165,370,399.88
F,25.5,62.7,110,67.5,160,337.5,364.04
F,34,60.6,110,67.5,157.5,335,369.05
F,31.5,62.35,120,80,130,330,357.18
F,42,71.1,157.5,92.5,207.5,457.5,458.65
F,27.5,70.45,160,115,180,455,458.48
F,28.5,71.5,162.5,110,175,447.5,447.24
F,25.5,64.2,145,112.5,185,442.5,470.52
F,27.5,70.6,142.5,105,155,402.5,405.09
F,30,68.15,142.5,72.5,157.5,372.5,382.45
F,29,67.3,135,90,145,370,382.64
F,28.5,71.9,100,65,150,315,313.85
F,39.5,83.45,200,135.5,195,530.5,489.67
F,29.5,82.65,202.5,110,215,527.5,489.16
F,23,74.55,147.5,95,185,427.5,417.7
F,24.5,83.6,157.5,85,172.5,415,382.73
F,24.5,75.8,150,105,140,395,382.58
F,28.5,80.35,147.5,80,167.5,395,371.38
F,31.5,83.5,115,72.5,162.5,350,322.97
F,30,82.5,127.5,67.5,147.5,342.5,317.88
F,51.5,128.3,177.5,120,236,533.5,420.77
F,29.5,102.65,185,122.5,215,522.5,441.44
F,20.5,107.55,230,102.5,175,507.5,421.58
F,38.5,95.4,182.5,115,190,487.5,423.93
F,23.5,93.5,170,107.5,185,462.5,405.59
F,39.5,103.75,190,95,177.5,462.5,389.2
F,45.5,86.65,155,117.5,170,442.5,401.3
F,49.5,114.35,107.5,72.5,142.5,322.5,262.51
F,16.5,42.85,65,47.5,95,207.5,291.71
F,17.5,46.95,82.5,52.5,97.5,232.5,304.95
F,16.5,51.8,102.5,60,120,282.5,345.26
F,17.5,55,97.5,50,143,290.5,340.79
F,16.5,55.1,97.5,57.5,122.5,277.5,325.14
F,16.5,55.3,85,50,112.5,247.5,289.29
F,17.5,61.45,102.5,60,135,297.5,324.9
F,17.5,62,117.5,57.5,122.5,297.5,323.12
F,17.5,61.7,102.5,57.5,110,270,294.13
F,16.5,70,127.5,72.5,140,340,343.83
F,17.5,70.55,95,60,95,250,251.71
F,16.5,77.05,115,52.5,132.5,300,288.11
F,19.5,42.35,90,45,107.5,242.5,344.06
F,21.5,46.2,92.5,57.5,135,285,378.31
F,21.5,46.35,72.5,57.5,90,220,291.32
F,18.5,50.7,132.5,105,132.5,370,459.06
F,19.5,51.1,95,62.5,135,292.5,360.91
F,21.5,51.85,102.5,60,122.5,285,348.09
F,22.5,51.8,100,57.5,120,277.5,339.15
F,21.5,51.8,92.5,55,122.5,270,329.99
F,19.5,54.35,112.5,87.5,142.5,342.5,405.02
F,22,56,120,57.5,142.5,320,370.92
F,22.5,56.65,112.5,72.5,135,320,368.11
F,21.5,55.4,102.5,62.5,105,270,315.21
F,19.5,61.65,130,65,150,345,376.02
F,22.5,61.35,107.5,80,135,322.5,352.56
F,19.5,60.6,100,65,120,285,313.96
F,23,71,157.5,87.5,195.5,440.5,441.95
F,20.5,68.2,125,92.5,160,377.5,387.42
F,22.5,73.1,112.5,75,132.5,320,315.98
F,20.5,116,185,70,200,455,368.72
F,21.5,85.95,135,75,175,385,350.46
F,22.5,68.41,210,158,260,628,643.38
F,28,135.02,313,155,260,728,568.14
F,36,62.73,202.5,137.5,215,555,598.48
F,27,83.63,240,135,269,644,593.82
F,28,51.77,172.5,102.5,202.5,477.5,583.82
F,31,62.44,214,117.5,217.5,549,593.69
F,23,46.28,160,101.5,165,426.5,565.4
F,33.5,131.04,287.5,155,273.5,716,562.08
F,23.5,62.68,190,132.5,220,542.5,585.28
F,30,56.4,182.5,112.5,195,490,565.3
F,23,56.39,170,107.5,180,457.5,527.87
M,27.5,92.87,317.5,235,365,917.5,584.15
M,29.5,92.93,335,220,360,915,582.38
M,30,82.84,338,202.5,330,870.5,588.3
M,25,73.9,323,200,320,843,610.57
M,36,82.97,312.5,187.5,352.5,852.5,575.63
M,26,82.51,305,187.5,357.5,850,575.74
M,29,65.06,260,155,300,715,566.26
M,26,178.84,455,272.5,385,1112.5,571.5
M,30,65.8,250,165,282.5,697.5,547.74
M,27,58.93,217.5,145,275.5,638,546.59
M,27.5,104.56,375,180,340,895,540.69
M,42,55,217.5,127.5,245,590,536.61
M,41,55,195,127.5,230,552.5,502.5
M,44,55.6,232.5,125,230,587.5,529.19
M,36,65.75,260,170,290,720,565.73
M,27.5,65.88,247.5,180,290,717.5,562.94
M,29.5,65.37,235,147.5,318,700.5,552.8
M,36.5,65.76,250,182.5,255,687.5,540.13
M,32.5,65.87,225,175,280,680,533.58
M,23.5,59.87,220,152.5,270,642.5,543.26
M,29.5,58.82,232.5,140,252.5,625,536.29
M,30,59.94,220,137.5,260,617.5,521.62
M,36.5,82.84,317.5,195,360,872.5,589.65
M,25.5,82.69,285,155,377.5,817.5,553.05
M,36.5,74.9,260,197.5,317.5,775,556.48
M,31.5,75.08,270,170,305,745,534.12
M,26.5,80.69,272.5,182.5,300,755,517.99
M,28.5,98.3,362.5,230,345,937.5,581.4
M,29.5,92.77,325,225,340,890,566.94
M,28.5,104.94,340,220,362.5,922.5,556.48
M,33,98.77,322.5,210,360,892.5,552.33
M,24.5,101.97,325,210,335,870,531.06
M,36.5,104.64,300,212.5,352.5,865,522.4
M,23.5,130.81,370,225,395,990,553.31
M,25,120.92,330,235,385,950,544.21
M,25.5,115.76,332.5,220,377.5,930,540.7
M,24,116.56,347.5,230,355,932.5,540.86
M,25.5,118.65,365,195,367.5,927.5,534.69
M,25.5,118.3,332.5,220,350,902.5,520.8
M,29.5,119.3,325,210,125,660,379.78
F,24,47.11,165,107.5,177.5,450,588.74
F,29,51.58,180,105,197.5,482.5,591.45
F,29,51.89,165,105,207.5,477.5,582.88
F,30.5,51.92,179.5,95,185,459.5,560.69
F,29.5,46.42,145,87.5,175,407.5,539
F,32.5,51.53,147.5,70,217,434.5,532.98
F,34.5,50.96,152.5,87.5,190,430,531.59
F,25.5,46.68,135,80,172.5,387.5,510.42
F,23.5,62.83,200,135,230,565,608.67
F,27,57.52,202.5,107.5,220,530,603.63
F,32.5,60.38,185,102.5,240,527.5,582.44
F,24,55.44,180,95,220,495,577.61
F,30,57.61,190,115,197.5,502.5,571.73
F,33.5,56.29,182.5,100,202.5,485,560.26
F,32.5,75.51,230,130,260,620,601.71
F,30.5,64.56,220,137.5,210,567.5,601.41
F,35.5,69.66,200,132.5,225,557.5,565.32
F,23,74.25,192.5,127.5,235,555,543.45
F,27.5,69.32,202.5,122.5,210,535,544
F,28.5,70.71,195,120,217.5,532.5,535.47
F,33.5,130.45,287.5,160,277.5,725,569.69
F,28,135.52,305,157.5,265,727.5,567.37
F,29.5,145.57,267.5,137.5,287.5,692.5,534.82
F,27,122.18,275,147.5,255,677.5,540.92
F,28,88.69,225,122.5,270,617.5,554.12
F,18.5,122.24,290,112.5,210,612.5,488.96
F,33.5,88.41,205,122.5,217.5,545,489.76
F,32,86.6,202.5,127.5,205,535,485.32
M,28.5,51.5,270,170,140,580,560.65
M,34,58.43,227.5,167.5,265,660,569.5
M,33.5,59,220,145,227.5,592.5,507.1
M,38.5,58.91,217.5,150,205,572.5,490.61
M,31,58.49,200,115,245,560,482.79
M,34,59,222.5,105,230,557.5,477.15
M,22.5,58.37,212.5,120,220,552.5,477.15
M,27.5,58.45,190,115,240,545,470.13
M,36.5,58.38,190,130,200,520,449.02
M,27.5,57.59,197.5,127.5,190,515,449.88
M,24.5,58.85,170,127.5,210,507.5,435.28
M,27.5,65.71,250,160,270,680,534.54
M,25.5,64.79,242.5,145,255,642.5,510.44
M,29.5,65.41,232.5,147.5,260,640,504.82
M,38.5,65.43,215,155,260,630,496.82
M,27.5,65.44,210,150,240,600,473.11
M,26,65.86,220,132.5,240,592.5,464.97
M,26,65.44,202.5,132.5,242.5,577.5,455.37
M,23.5,65.76,195,135,240,570,447.82
M,23.5,65.18,177.5,100,247.5,525,415.21
M,24.5,65.75,170,115,222.5,507.5,398.76
M,27.5,65.32,160,135,205,500,394.8
M,28.5,73.63,247.5,187.5,322,757,549.6
M,28.5,73.83,265.5,185,282.5,733,531.23
M,31,73.56,257.5,172.5,285,715,519.43
M,25.5,73.61,270,150,275,695,504.67
M,37.5,73.41,240,160,292.5,692.5,503.75
M,24.5,73.64,232.5,190,262.5,685,497.28
M,29.5,73.76,252.5,150,275,677.5,491.31
M,26.5,73.92,235,175,265,675,488.81
M,41.5,73.63,230,150,290,670,486.43
M,38.5,73.93,215,160,285,660,477.9
M,26.5,73.14,242.5,142.5,267.5,652.5,475.81
M,26.5,72.64,240,140,270,650,476.14
M,28.5,73.7,235,145,270,650,471.62
M,24.5,73.19,245,122.5,277.5,645,470.13
M,26.5,72.14,225,160,255,640,470.98
M,23.5,73.66,232.5,152.5,242.5,627.5,455.46
M,27,71.58,225,137.5,257.5,620,458.66
M,38,72.81,195,172.5,250,617.5,451.63
M,24.5,73.62,230,135,250,615,446.54
M,28,73.41,207.5,132.5,260,600,436.47
M,32.5,73.64,210,160,230,600,435.57
M,24,72.16,220,125,247.5,592.5,435.94
M,32.5,73.93,205,150,230,585,423.6
M,23.5,73.6,205,127.5,242.5,575,417.57
M,24,82.4,277.5,192.5,325,795,538.9
M,26,82.89,290,208.5,295,793.5,536.08
M,34.5,82.58,277.5,187.5,322.5,787.5,533.15
M,38.5,82.79,265,177.5,312.5,755,510.42
M,26,82.16,277.5,165,310,752.5,510.93
M,31,82.88,270,152.5,315,737.5,498.28
M,32.5,82.13,260,175,300,735,499.16
M,23.5,81.44,272.5,167.5,290,730,498.16
M,34,81.55,257.5,175,290,722.5,492.66
M,23.5,82.19,260,167.5,290,717.5,487.07
M,29.5,82.61,270,175,250,695,470.43
M,35.5,82.88,245,190,260,695,469.57
M,29.5,82.76,240,160,290,690,466.57
M,25.5,81,252.5,135,292.5,680,465.5
M,30.5,82.25,235,170,270,675,458.03
M,29.5,82.34,237.5,155,282.5,675,457.74
M,23.5,82.7,252.5,125,290,667.5,451.54
M,29,82.1,240,167.5,255,662.5,450.01
M,29,82.4,247.5,127.5,287.5,662.5,449.08
M,28.5,81.83,240,160,252.5,652.5,444.06
M,37.5,82.1,235,142.5,272.5,650,441.52
M,27.5,82.28,230,157.5,262.5,650,440.97
M,23,82.7,250,130,270,650,439.7
M,29,81.74,230,127.5,290,647.5,440.93
M,27,82.71,227.5,145,255,627.5,424.45
M,33,82.74,200,167.5,245,612.5,414.22
M,38.5,92.78,285,227.5,315,827.5,527.1
M,22.5,92.54,310,197.5,315,822.5,524.57
M,28.5,91.59,310,225,285,820,525.61
M,20.5,92.29,305,195,320,820,523.66
M,29.5,92.49,290,205,320,815,519.92
M,57,92.37,292.5,205,305,802.5,512.27
M,25.5,91.91,295,190,315,800,511.92
M,28.5,92,260,180,307.5,747.5,478.1
M,25.5,92.04,255,175,317.5,747.5,477.99
M,37.5,92.83,270,185,290,745,474.42
M,24.5,91.51,255,177.5,302.5,735,471.33
M,24.5,92.43,252.5,185,290,727.5,464.25
M,32.5,92.13,265,155,302.5,722.5,461.79
M,27.5,92.24,245,180,280,705,450.34
M,29.5,92.54,247.5,165,275,687.5,438.47
M,35.5,92.63,200,210,200,610,388.86
M,27,99.35,307.5,197.5,380,885,546.28
M,30,103.87,312.5,215,342.5,870,527.01
M,29,103.43,322.5,217.5,322.5,862.5,523.37
M,28.5,104.44,317.5,212.5,322.5,852.5,515.25
M,33.5,104.76,300,200,347.5,847.5,511.6
M,27.5,103.23,307.5,190,330,827.5,502.54
M,22.5,104.03,307.5,210,300,817.5,494.89
M,32.5,101.97,290,185,317.5,792.5,483.75
M,29.5,103.26,292.5,190,300,782.5,475.15
M,31.5,103.71,272.5,205,305,782.5,474.3
M,32,104.64,310,195,270,775,468.05
M,29,102.01,280,155,330,765,466.89
M,28,103.52,270,170,320,760,461.01
M,33.5,96.69,252.5,202.5,265,720,449.84
M,25,103.62,245,167.5,287.5,700,424.45
M,24.5,98.18,245,130,235,610,378.5
M,37.5,100.14,125,210,125,460,282.97
M,36.5,119.5,386,247.5,335,968.5,556.99
M,32.5,119.18,325,227.5,347.5,900,518.06
M,23.5,119.9,335,215,320,870,499.79
M,29,118.47,312.5,202.5,337.5,852.5,491.71
M,25.5,118.23,312.5,220,312.5,845,487.72
M,39.5,119.2,292.5,217.5,285,795,457.6
M,30.5,118.09,280,130,315,725,418.63
M,30,181.22,470,242.5,377.5,1090,558.09
M,37,184.81,460,270,305,1035,527.35
M,30.5,164,420,265,305,990,520
M,28.5,162.38,380,227.5,340,947.5,498.97
M,30,156.33,355,277.5,307.5,940,499.97
M,28.5,185.93,345,240,355,940,478.24
M,28.5,162.5,340,205,355,900,473.86
M,34.5,146.87,370,215,312.5,897.5,485.39
M,23.5,149.12,325,232.5,332.5,890,479.36
M,27,150.59,337.5,225,327.5,890,478.1
M,27.5,154.36,355,212.5,320,887.5,473.63
M,31.5,136.84,330,200,352.5,882.5,486.77
M,23,142.1,342.5,222.5,312.5,877.5,478.89
M,27.5,144.55,305,225,310,840,456.27
M,28.5,124.23,297.5,197.5,277.5,772.5,438.68
M,17.5,52.14,162.5,102.5,175,440,420.36
M,17.5,52.71,150,85,175,410,387.71
M,17.5,52.68,140,85,160,385,364.26
M,16.5,52.77,112.5,55,140,307.5,290.47
M,17.5,58.5,193,115,215.5,523.5,451.26
M,17.5,58.55,180,90,225,495,426.38
M,18,57.71,157.5,128,190,475.5,414.64
M,17.5,58.87,147.5,107.5,190,445,381.57
M,17.5,58.5,152.5,110,175,437.5,377.13
M,17.5,57.86,137.5,87.5,172.5,397.5,345.85
M,16.5,58.7,132.5,75,172.5,380,326.62
M,17.5,58.63,115,65,195,375,322.65
M,16.5,57.96,107.5,85,140,332.5,288.87
M,17.5,63.23,207.5,145,230,582.5,471.49
M,17.5,65.42,208,130,212.5,550.5,434.18
M,16.5,65.31,190,132.5,220,542.5,428.41
M,17.5,64.3,185,105,235,525,419.5
M,16.5,63.39,180,115,220,515,416.04
M,17.5,65.04,192.5,110,200,502.5,398.06
M,16.5,65.51,170,112.5,217.5,500,393.94
M,16.5,63.59,180,90,200,470,378.77
M,17.5,65.31,172.5,107.5,190,470,371.15
M,16.5,65.62,175,105,180,460,361.97
M,17.5,62.91,140,90,165,395,320.99
M,17.5,64.19,127.5,85,155,367.5,294.03
M,17.5,72.96,217.5,130,258,605.5,442.25
M,17,72.1,210,142.5,252.5,605,445.39
M,16.5,72.99,202.5,125,237.5,565,412.56
M,17.5,73.61,200,120,217.5,537.5,390.3
M,17.5,73.13,177.5,145,200,522.5,381.04
M,16.5,73.55,205,107.5,202.5,515,374.17
M,17.5,71.14,160,105,185,450,334.29
M,16.5,71.27,160,107.5,175,442.5,328.31
M,17.5,72.52,160,97.5,170,427.5,313.5
M,16.5,71.45,152.5,90,160,402.5,298.12
M,17.5,80.16,250.5,156,267.5,674,464.21
M,17.5,82.35,227.5,165.5,257.5,650.5,441.1
M,18,79.86,215,147.5,267.5,630,434.86
M,17.5,81.15,235,140,220,595,406.87
M,17.5,81.06,190,120,230,540,369.5
M,17.5,81.88,185,122.5,222.5,530,360.56
M,17.5,92.58,264,162.5,272.5,699,445.71
M,17.5,85.23,263.5,178,255,696.5,463.36
M,17.5,89.83,250,155,280,685,443.34
M,17.5,91.55,240,150,260,650,416.73
M,17,91.2,242.5,137.5,265,645,414.31
M,16.5,92.27,240,157.5,245,642.5,410.35
M,17.5,92.01,212.5,147.5,247.5,607.5,388.53
M,17.5,88.44,225,145,230,600,391.43
M,16.5,92.27,220,130,235,585,373.63
M,16.5,87.04,185,102.5,215,502.5,330.56
M,17.5,90.74,145,92.5,180,417.5,268.85
M,17.5,100.95,230,184,272.5,686.5,420.84
M,17.5,104.04,237.5,165,275,677.5,410.12
M,17.5,103.18,240,183.5,250,673.5,409.09
M,17.5,102.92,245,147.5,260,652.5,396.75
M,17.5,101.4,220,145,275,640,391.59
M,17.5,104.63,190,132.5,220,542.5,327.65
M,17.5,99.82,200,117.5,215,532.5,328.02
M,17.5,118.79,265,182.5,275,722.5,416.35
M,17.5,108.88,230,160,220,610,362.69
M,18,125.88,285,155,280,720,407.17
M,16.5,123.71,255,147.5,200,602.5,342.6
M,17.5,149.16,217.5,112.5,232.5,562.5,302.95
M,16.5,120.56,180,135,217.5,532.5,305.35
M,17.5,120.28,180,132.5,215,527.5,302.71
M,19,52.97,200,125,145,470,442.41
M,18.5,52.46,142.5,105,170,417.5,396.57
M,20.5,52.62,110,65,150,325,307.82
M,18.5,52.07,100,82.5,132.5,315,301.32
M,18.5,57.54,190,140,200,530,463.33
M,21.5,58.79,192.5,115,222.5,530,454.97
M,22.5,58.48,172.5,135,220,527.5,454.84
M,18.5,58.98,210,115,197.5,522.5,447.32
M,19.5,58.5,210,105,205,520,448.24
M,22.5,58.15,172.5,135,182.5,490,424.53
M,21.5,64.73,217.5,135,285,637.5,506.82
M,22,65.27,222.5,182.5,232.5,637.5,503.66
M,22,65.14,249,122.5,247.5,619,489.77
M,22.5,64.6,222.5,142.5,230,595,473.75
M,21.5,64.81,207.5,150,222.5,580,460.68
M,22.5,65.72,210,135,220,565,444.09
M,18.5,65.5,207.5,100,255,562.5,443.24
M,22.5,65.68,180,132.5,245,557.5,438.4
M,21.5,65.67,190,127.5,230,547.5,430.58
M,22.5,65.16,197.5,115,232.5,545,431.12
M,18.5,72.97,247.5,140,280.5,668,487.86
M,21.5,73.11,235,140,280,655,477.76
M,21.5,72.77,210,190,252.5,652.5,477.4
M,21.5,73.47,245,192.5,215,652.5,474.4
M,19,73.81,225,157.5,257.5,640,463.91
M,20.5,73.07,207.5,142.5,265,615,448.74
M,22.5,73.25,207.5,145,225,577.5,420.7
M,22,72.55,205,132.5,235,572.5,419.71
M,20.5,73.1,220,110,220,550,401.21
M,22.5,71.75,187.5,160,190,537.5,396.99
M,18.5,69.47,170,100,200,470,354.92
M,23,80.35,272.5,190,290,752.5,517.55
M,21,82.02,272.5,182.5,295,750,509.73
M,21,82.02,242.5,177.5,292.5,712.5,484.25
M,21,81.38,260,180,257.5,697.5,476.19
M,21.5,82.78,265,172.5,250,687.5,464.82
M,21.5,81.59,252.5,155,275,682.5,465.26
M,22.5,81.05,252.5,140,287.5,680,465.33
M,22.5,82.32,250,137.5,287.5,675,457.81
M,21.5,81.65,240,175,252.5,667.5,454.84
M,22.5,82.09,260,157.5,250,667.5,453.44
M,21.5,82.12,255,157.5,255,667.5,453.35
M,20.5,82.12,250,150,265,665,451.65
M,22.5,80.85,242.5,162.5,240,645,442.01
M,19.5,80.57,225,140,260,625,429.17
M,22.5,82.51,225,162.5,225,612.5,414.87
M,21.5,90.51,287.5,195,315,797.5,514.2
M,21.5,92.32,295,177.5,302.5,775,494.85
M,20.5,92.27,272.5,190,302.5,765,488.59
M,21.5,92.1,295,177.5,275,747.5,477.84
M,22.5,91.83,270,195,270,735,470.53
M,22.5,92.41,250,167.5,290,707.5,451.53
M,22,92.56,260,182.5,260,702.5,447.99
M,20.5,92.47,275,145,280,700,446.61
M,23,91.71,242.5,175,270,687.5,440.4
M,21.5,89.97,240,160,280,680,439.76
M,22.5,91.89,235,175,260,670,428.78
M,23,91.31,250,145,265,660,423.69
M,19.5,84.73,235,135,282.5,652.5,435.49
M,21.5,90.15,202.5,155,267.5,625,403.79
M,22.5,91.66,212.5,150,257.5,620,397.27
M,21.5,91.92,227.5,145,242.5,615,393.52
M,18.5,87.43,205,142.5,257.5,605,397.06
M,22.5,87.72,202.5,137.5,222.5,562.5,368.53
M,20.5,102.95,315,190,327.5,832.5,506.14
M,20.5,103,310,180,327.5,817.5,496.92
M,22,104.48,292.5,197.5,310,800,483.45
M,19.5,103.03,270,187.5,325,782.5,475.59
M,20.5,103.63,280,190,305,775,469.9
M,22.5,104.41,307.5,172.5,285,765,462.42
M,22.5,102.21,250,167.5,325,742.5,452.78
M,21.5,104.64,262.5,200,275,737.5,445.4
M,22.5,103.1,275,172.5,270,717.5,435.96
M,20.5,102.8,230,197.5,280,707.5,430.4
M,22.5,100.97,250,175,277.5,702.5,430.61
M,22.5,102.07,240,150,260,650,396.6
M,20.5,102.53,240,170,235,645,392.81
M,22,119.48,327.5,192.5,327.5,847.5,487.43
M,21.5,118.31,327.5,192.5,320,840,484.72
M,20.5,118.54,315,205,307.5,827.5,477.2
M,21,118.56,305,230,292.5,827.5,477.17
M,21.5,114.22,282.5,200,295,777.5,454.18
M,22.5,119.3,280,210,287.5,777.5,447.4
M,19.5,157.62,320,205,355.5,880.5,467.31
M,19,129.82,337.5,190,337.5,865,484.55
M,20.5,120.19,325,180,320,825,473.55
M,20.5,133.71,297.5,187.5,322.5,807.5,448.39
M,22.5,130.54,257.5,187.5,285,730,408.25
M,20.5,126.41,290,170,262.5,722.5,408.04
M,21.5,128.03,250,182.5,255,687.5,386.75
M,40.5,58.16,177.5,140,200,517.5,448.29
M,47.5,58.7,170,90,212.5,472.5,406.13
M,43.5,58.23,140,105,180,425,367.78
M,42.5,58.31,140,90,140,370,319.82
M,46.5,65.43,195,130,265,590,465.28
M,46.5,65.64,175,130,210,515,405.16
M,45,64.48,155,122.5,225,502.5,400.67
M,46.5,65.07,160,147.5,195,502.5,397.92
M,41.5,65.35,167.5,107.5,222.5,497.5,392.69
M,42.5,64.6,155,85,215,455,362.28
M,39.5,72.56,220,132.5,260,612.5,449
M,39.5,73.84,215,135,245,595,431.18
M,46.5,72.91,207.5,130,252.5,590,431.13
M,46.5,73.2,195,115,260,570,415.42
M,42.5,72.99,200,130,235,565,412.56
M,40.5,73.44,210,137.5,217.5,565,410.89
M,42.5,72.5,195,130,235,560,410.74
M,42.5,73.25,182.5,115,255,552.5,402.49
M,42.5,71.92,200,130,200,530,390.83
M,44.5,73.14,160,160,200,520,379.19
M,39.5,72.84,180,112.5,222.5,515,376.56
M,39.5,82.19,225,145,325,695,471.8
M,41,82.59,237.5,150,270,657.5,445.11
M,42.5,78.91,207.5,152.5,212.5,572.5,398
M,45.5,82.58,210,135,220,565,382.52
M,39,80.93,190,140,230,560,383.54
M,46.5,82.72,170,112.5,205,487.5,329.73
M,39.5,91.08,270,185,272.5,727.5,467.61
M,44,91.15,262.5,175,260,697.5,448.16
M,44.5,91.6,240,170,285,695,445.47
M,39.5,91.44,232.5,192.5,260,685,439.43
M,42,90.96,225,162.5,252.5,640,411.64
M,41.5,90.86,250,145,237.5,632.5,407.03
M,40.5,91,210,150,270,630,405.12
M,41.5,88.09,220,145,255,620,405.31
M,41.5,90.87,225,120,250,595,382.88
M,45.5,91.42,215,150,215,580,372.12
M,44.5,92.37,200,160,220,580,370.24
M,46.5,92.54,205,60,262.5,527.5,336.43
M,44.5,103.38,320,185,305,810,491.61
M,40.5,102.44,315.5,167.5,312.5,795.5,484.65
M,40,104.18,260,190,310,760,459.81
M,44,104.11,280,170,290,740,447.83
M,41.5,103.88,250,185,275,710,430.07
M,43.5,104.78,255,177.5,250,682.5,411.96
M,39.5,119.54,292.5,210,290,792.5,455.72
M,44.5,117.95,295,167.5,310,772.5,446.23
M,44.5,118.69,270,207.5,292.5,770,443.85
M,41.5,118.84,260,200,300,760,437.9
M,44.5,119.64,285,162.5,280,727.5,418.23
M,46.5,118.5,260,190,255,705,406.6
M,39,119,270,162.5,265,697.5,401.7
M,44.5,119.32,235,200,230,665,382.64
M,46.5,112.3,230,170,230,630,370.28
M,39.5,138.62,272.5,255,340,867.5,476.74
M,46,133.92,310,202.5,322.5,835,463.45
M,40,130.1,290,197.5,330,817.5,457.65
M,44,132.1,262.5,205,277.5,745,415.16
M,40.5,141.46,280,152.5,300,732.5,400.26
M,39,128.21,260,175,240,675,379.56
M,41.5,189.88,260,137.5,260,657.5,332.82
M,42,141.3,190,130,220,540,295.17
M,55.5,57.96,130,80,190,400,347.52
M,52.5,58.76,130,105,150,385,330.64
M,49.5,58.58,90,120,110,320,275.52
M,53,63.6,172.5,127.5,242.5,542.5,437.14
M,51.5,64.53,182.5,112.5,227.5,522.5,416.37
M,52.5,63.9,180,115,215,510,409.47
M,49,65.51,175,130,185,490,386.06
M,50.5,64.69,140,100,185,425,338.04
M,55.5,64.72,140,100,175,415,329.97
M,50.5,65.88,85,150.5,85,320.5,251.46
M,52,72.85,200,127.5,240,567.5,414.91
M,51,73.81,192.5,147.5,225,565,409.55
M,52.5,73.91,212.5,120,200,532.5,385.65
M,56.5,72.76,175,135,200,510,373.18
M,51.5,73.72,192.5,105,197.5,495,359.09
M,56.5,73.4,175,95,185,455,331.02
M,50.5,73.16,150,110,180,440,320.79
M,57,73.71,172.5,87.5,177.5,437.5,317.41
M,53.5,82.18,230,145,265,640,434.49
M,53,80.04,215,110,262.5,587.5,404.99
M,49.5,81.81,222.5,125,240,587.5,399.88
M,52,81.53,205,130,230,565,385.32
M,50,83,207.5,155,200,562.5,379.74
M,54.5,81.9,190,135,180,505,343.51
M,50.5,81.04,137.5,117.5,180,435,297.7
M,53,90.52,242.5,160,300.5,703,453.25
M,53,90.9,250,140,267.5,657.5,423.03
M,49.5,89.34,235,145,272.5,652.5,423.48
M,53.5,92.62,220,165,245,630,401.63
M,55.5,92.59,220,165,220,605,385.75
M,56.5,91.86,240,152.5,210,602.5,385.64
M,55.5,92.49,207.5,137.5,235,580,370.01
M,49.5,103.79,252.5,152.5,270,675,409.01
M,56.5,104.5,260,135,272.5,667.5,403.34
M,52.5,100.45,235,157.5,272.5,665,408.53
M,50.5,96.84,220,177.5,242.5,640,399.58
M,52,102.21,210,165,232.5,607.5,370.46
M,53.5,104.13,205,140,260,605,366.11
M,54.5,103.75,175,100,220,495,299.99
M,49,116.26,280,170,300,750,435.39
M,51.5,105.15,235,165,277.5,677.5,408.36
M,51.5,118.58,220,167.5,270,657.5,379.12
M,55,107.3,205,165,247.5,617.5,369.23
M,53.5,106.16,220,150,245,615,369.28
M,53,117.48,205,157.5,237.5,600,347.06
M,58.5,117.99,200,150,245,595,343.66
M,51.5,123,275,172.5,275,722.5,411.59
M,51,144.87,267.5,167.5,245,680,369.14
M,51.5,131.67,220,170,260,650,362.57
M,56,129.84,200,165,220,585,327.69
M,53.5,124.87,185,155,215,555,314.65
M,61.5,58.9,140,70,160,370,317.12
M,62.5,58.55,125,80,145,350,301.48
M,67,57.5,90,92.5,142.5,325,284.29
M,62.5,57.9,105,85,130,320,278.26
M,67,65.12,150,120,180,450,356.14
M,64,64.75,140,90,190,420,333.83
M,60.5,64.47,155,65,180,400,318.98
M,68,65.14,112.5,100,155,367.5,290.78
M,59.5,64.87,115,87.5,140,342.5,271.85
M,60.5,72.63,206,133,210,549,402.19
M,59.5,73.96,175,132.5,190,497.5,360.14
M,60.5,73.77,160,112.5,190,462.5,335.37
M,65.5,72.54,152.5,85,212.5,450,329.94
M,60,72.46,162.5,95,172.5,430,315.5
M,60.5,82.24,196.5,125,237.5,559,379.34
M,66,82.34,190,105,220,515,349.24
M,60.5,82.43,160,112.5,210,482.5,327
M,64.5,81.42,135,112.5,185,432.5,295.19
M,65.5,79.34,196,60,170,426,295.19
M,64.5,82.85,125,80,185,390,263.55
M,62.5,91.22,220.5,130,227.5,578,371.23
M,66,90.63,205,115,230,550,354.39
M,65.5,84.09,175,142.5,172.5,490,328.4
M,62.5,88.43,137.5,77.5,182.5,397.5,259.34
M,59.5,101,192.5,155,262.5,610,373.86
M,59.5,104.61,220,137.5,230,587.5,354.85
M,59.5,103.76,155,160,205,520,315.13
M,67.5,97.59,187.5,107.5,205,500,311.08
M,66.5,109.27,175,140,220,535,317.66
M,59,116.43,200,122.5,212.5,535,310.42
M,59.5,113.2,155,130,200,485,284.23
M,63.5,113.64,120,147.5,180,447.5,261.89
M,59.5,120.15,205,145,285,635,364.53
M,62.5,126.8,220.5,165,220,605.5,341.64
M,61.5,130.24,212.5,167.5,217.5,597.5,334.38
M,62,120.74,227.5,125,240,592.5,339.58
M,62.5,123.07,200,140,242.5,582.5,331.78
M,70,62.58,107.5,45,130,282.5,230.52
M,69.5,96.97,212.5,115,227.5,555,346.3
F,26,45.97,137.5,65,170,372.5,496.3
F,27.5,46.04,130,77.5,165,372.5,495.74
F,28.5,46.3,135,80,150,365,483.72
F,34.5,46.87,120,95.5,135,350.5,460.29
F,36,46.67,122.5,67.5,150,340,447.92
F,37,46.43,115,75,142.5,332.5,439.73
F,26.5,46.72,107.5,60,145,312.5,411.37
F,27.5,46.23,107.5,50,150,307.5,407.97
F,39.5,46.55,107.5,70,127.5,305,402.58
F,33.5,46.99,102.5,62.5,122.5,287.5,376.85
F,26.5,46.8,90,62.5,120,272.5,358.26
F,38.5,46.41,90,60,120,270,357.18
F,38.5,45.18,67.5,42.5,100,210,283.47
F,40,50.9,142.5,95,182.5,420,519.66
F,42,51.69,156,85,172.5,413.5,506.12
F,24.5,51.06,147.5,82.5,182.5,412.5,509.25
F,46.5,51.54,147.5,100,165,412.5,505.92
F,48,51.55,156.5,77.5,160,394,483.17
F,32.5,50.91,135,77.5,155,367.5,454.64
F,28.5,51.08,120,97.5,147.5,365,450.48
F,30,51.54,117.5,70,162.5,350,429.27
F,23.5,50.84,125,75,145,345,427.21
F,35.5,51.46,122.5,67.5,147.5,337.5,414.38
F,43,51.52,117.5,82.5,135,335,410.98
F,26.5,51.84,112.5,52.5,135,300,366.46
F,35.5,50.44,107.5,62.5,122.5,292.5,364.23
F,34,56.14,174.5,100,187.5,462,534.63
F,28.5,55.76,172.5,100,180,452.5,526
F,25.5,55.43,160,95,177.5,432.5,504.74
F,30.5,56.79,140,107.5,175,422.5,485.23
F,23.5,54.8,140,82.5,172.5,395,464.51
F,31.5,56.65,150,77.5,167.5,395,454.38
F,37.5,56.9,142.5,85,167.5,395,453.07
F,38.5,55.76,150,77.5,160,387.5,450.44
F,36.5,54.3,125,100,147.5,372.5,440.77
F,35.5,56.25,122.5,77.5,152.5,352.5,407.39
F,32,56.42,117.5,57.5,135,310,357.56
F,37,56.16,102.5,65,132.5,300,347.08
F,26.5,62.63,165,92.5,200,457.5,493.82
F,28.5,62.19,160,112.5,170,442.5,479.7
F,26.5,61.85,157.5,82.5,192.5,432.5,470.44
F,34,62.83,162.5,90,180,432.5,465.93
F,34,62.41,152.5,85,182.5,420,454.32
F,24.5,62.31,160,80,175,415,449.35
F,38,62.18,140,87.5,177.5,405,439.09
F,23.5,62.9,142.5,107.5,145,395,425.24
F,28,62.45,137.5,87.5,165,390,421.7
F,42.5,62.2,150,62.5,160,372.5,403.77
F,34.5,62.54,127.5,107.5,137.5,372.5,402.43
F,22,61.38,132.5,85,147.5,365,398.9
F,28.5,62.53,137.5,72.5,150,360,388.96
F,33.5,62.63,127.5,60,147.5,335,361.59
F,38.5,71.13,185,110,237.5,532.5,533.71
F,31.5,69.62,196,130,205,531,538.62
F,27.5,71.59,193,97.5,210,500.5,499.86
F,25.5,71.7,180,122.5,197.5,500,498.94
F,28.5,71.71,180,117.5,197.5,495,493.91
F,25,70.96,180,95,202.5,477.5,479.22
F,24.5,71.14,162.5,75,212.5,450,450.99
F,32.5,71.07,167.5,107.5,170,445,446.22
F,30.5,70.37,150,85,200,435,438.6
F,27,71.54,165,95,175,435,434.61
F,30,70.28,165,92.5,175,432.5,436.39
F,31.5,70.11,137.5,87.5,185,410,414.25
F,26.5,71.32,137.5,92.5,180,410,410.33
F,44.5,70.91,150,105,152.5,407.5,409.13
F,33.5,70.97,150,77.5,172.5,400,401.41
F,24.5,70.99,152.5,80,165,397.5,398.84
F,34.5,71.58,142.5,85,167.5,395,394.53
F,27.5,71.63,135,80,175,390,389.38
F,31.5,71.82,120,82.5,145,347.5,346.45
F,43.5,83.24,202.5,135,197.5,535,494.42
F,21.5,83.36,195,110,215,520,480.23
F,25.5,80.35,200,100,215,515,484.21
F,21,83.9,195,105,207.5,507.5,467.24
F,33,82.73,162.5,125,185,472.5,437.95
F,24,81.22,175,95,187.5,457.5,427.87
F,24.5,77.86,152.5,82.5,202.5,437.5,417.91
F,32.5,82.56,145,90,182.5,417.5,387.36
F,25.5,81.77,162.5,80,165,407.5,379.85
F,28,130.7,250,145,220,615,483.06
F,36.5,116.58,222.5,130,210,562.5,455.15
F,24.5,129.58,232.5,115,205,552.5,434.78
F,28.5,115.65,207.5,125,202.5,535,433.96
F,24.5,120.1,237.5,112.5,185,535,429.17
F,28.5,118.85,222.5,112.5,190,525,422.4
F,32.5,111.11,165,90,160,415,340.94
F,17.5,42.28,92.5,60,110,262.5,372.92
F,17,42.65,82.5,45,115,242.5,342.17
F,16.5,46.99,100,52.5,120,272.5,357.18
F,18,47,102.5,55,110,267.5,350.58
F,16.5,46.6,97.5,42.5,120,260,342.91
F,16.5,47,90,62.5,97.5,250,327.64
F,17.5,46.44,77.5,47.5,107.5,232.5,307.43
F,17.5,51.26,127.5,110.5,135,373,459.22
F,16.5,50.46,117.5,55,135,307.5,382.8
F,17.5,51.18,117.5,57.5,132.5,307.5,379
F,17.5,50.39,95,45,110,250,311.53
F,17.5,54.63,122.5,102.5,137.5,362.5,427.19
F,17.5,54.53,142.5,60,145,347.5,410.02
F,16.5,57,120,72.5,137.5,330,378.08
F,17.5,56.59,120,65,132.5,317.5,365.48
F,16.5,55.61,120,72.5,115,307.5,358.09
F,17.5,54.63,105,50,120,275,324.07
F,17.5,54.36,90,57.5,112.5,260,307.42
F,16.5,56.44,70,25,90,185,213.33
F,16.5,62.24,135,75,155,365,395.49
F,16,61.55,140,77.5,145,362.5,395.49
F,16.5,61.86,125,75,152.5,352.5,383.39
F,17.5,61.13,117.5,96,137.5,351,384.58
F,16.5,61.56,122.5,65,145,332.5,362.72
F,17.5,62.67,127.5,65,120,312.5,337.18
F,16.5,62.07,120,62.5,120,302.5,328.32
F,17.5,62.25,105,60,130,295,319.61
F,16.5,61.54,110,55,125,290,316.42
F,16,59.76,90,50,147.5,287.5,319.52
F,17,71.19,168.5,107.5,200.5,476.5,477.36
F,18,68.37,135,87.5,162.5,385,394.56
F,17.5,69.31,130,87.5,147.5,365,371.17
F,17.5,70.66,105,62.5,112.5,280,281.67
F,17.5,82.48,180,110,190,480,445.55
F,17.5,83.29,167.5,85,185,437.5,404.2
F,17.5,74.2,152.5,87.5,165,405,396.71
F,17.5,77.92,117.5,60,130,307.5,293.62
F,16.5,116.79,195,112.5,175,482.5,390.21
F,18,92.14,160,97.5,152.5,410,361.8
F,17.5,103.47,115,60,130,305,256.92
F,19.5,41.86,92.5,57.5,117.5,267.5,383.02
F,19.5,42.6,87.5,50,115,252.5,356.6
F,20,42.6,87.5,52.5,102.5,242.5,342.48
F,19.5,42.16,80,37.5,105,222.5,316.8
F,22,46.14,120,82,130,332,441.12
F,22.5,46.74,117.5,75,130,322.5,424.4
F,22.5,46.85,102.5,62.5,147.5,312.5,410.52
F,18.5,46.62,115,60,127.5,302.5,398.84
F,21.5,46.42,102.5,70,122.5,295,390.19
F,20.5,45.68,102.5,62.5,120,285,381.53
F,22.5,46.08,92.5,62.5,122.5,277.5,369.07
F,18.5,46.1,95,67.5,115,277.5,368.95
F,22.5,51.45,120,77.5,160,357.5,439
F,22.5,51.7,132.5,70,155,357.5,437.52
F,22.5,51.77,125,70,145,340,415.71
F,22,51.74,132.5,75,120,327.5,400.59
F,22.5,50.78,107.5,80,125,312.5,387.29
F,18.5,51.48,102.5,55,120,277.5,340.62
F,19.5,51.71,82.5,52.5,120,255,312.03
F,21.5,55.9,153.5,72.5,167.5,393.5,456.65
F,22.5,56.6,130,82.5,176.5,389,447.74
F,22,55.68,137.5,75,170,382.5,445.05
F,22.5,56.74,137.5,77.5,150,365,419.43
F,21.5,55.82,130,87.5,140,357.5,415.27
F,21.5,56.63,122.5,77.5,157.5,357.5,411.34
F,22,55.84,125,62.5,167.5,355,412.27
F,22.5,56.14,132.5,77.5,145,355,410.81
F,22.5,56.07,125,67.5,150,342.5,396.67
F,20.5,56.4,117.5,65,135,317.5,366.29
F,21.5,56.56,132.5,87.5,75,295,339.7
F,22.5,62.29,145,90,177.5,412.5,446.74
F,22.5,60.62,157.5,80,170,407.5,448.82
F,22.5,62.46,150,95,162.5,407.5,440.58
F,20,61.36,142.5,82.5,175,400,437.24
F,22.5,61.2,152.5,75,167.5,395,432.48
F,21.5,60.75,135,87.5,157.5,380,417.97
F,21.5,62.41,147.5,77.5,152.5,377.5,408.35
F,22,61.87,135,77.5,155,367.5,399.66
F,21.5,61.48,130,87.5,142.5,360,393.04
F,21.5,62.68,127.5,70,155,352.5,380.3
F,22.5,61.86,122.5,77.5,150,350,380.67
F,21.5,57.01,125,67.5,150,342.5,392.36
F,21.5,62.05,120,60,162.5,342.5,371.81
F,21.5,59.79,100,55,150,305,338.86
F,21,67.9,157.5,82.5,177.5,417.5,429.56
F,20.5,69.45,147.5,100,167.5,415,421.54
F,22.5,70.64,160,75,177.5,412.5,415.03
F,22.5,70.45,157.5,85,167.5,410,413.13
F,22.5,71.48,147.5,70,185,402.5,402.33
F,21.5,71.18,147.5,90,150,387.5,388.23
F,22.5,70.79,142.5,82.5,142.5,367.5,369.32
F,21.5,70.81,135,65,155,355,356.7
F,21.5,69.48,122.5,75,155,352.5,357.96
F,22,70.23,125,72.5,152.5,350,353.29
F,21.5,67.37,130,55,160,345,356.57
F,22.5,68.49,117.5,60,155,332.5,340.41
F,18,83.03,206.5,117.5,207.5,531.5,491.78
F,21.5,82.88,172.5,100,205,477.5,442.2
F,21.5,82.42,150,77.5,190,417.5,387.68
F,22.5,80.56,155,85,175,415,389.68
F,20.5,83.77,150,95,157.5,402.5,370.84
F,22.5,78.62,125,87.5,147.5,360,342.19
F,22.5,106.1,202.5,135.5,190,528,440.72
F,23,104.89,192.5,112.5,212.5,517.5,433.75
F,20.5,136.08,195,90,182.5,467.5,364.33
F,21,103.17,180,97.5,182.5,460,387.9
F,20.5,90.72,165,82.5,170,417.5,370.91
F,40.5,46.7,102.5,60,127.5,290,381.87
F,43.5,46.37,85,40,122.5,247.5,327.63
F,47.5,46.29,77.5,40,92.5,210,278.35
F,43,50.93,120,82.5,140,342.5,423.59
F,40,50.7,135,67.5,137.5,340,421.84
F,39.5,51.44,107.5,75,150,332.5,408.36
F,40.5,51.38,107.5,70,122.5,300,368.74
F,40.5,51.37,112.5,55,120,287.5,353.43
F,44.5,51,95,65,125,285,352.14
F,45.5,51.31,105,60,115,280,344.49
F,41.5,55.43,120,87.5,167.5,375,437.63
F,42,55.89,127.5,65,177.5,370,429.43
F,40.5,55.59,127.5,82.5,152.5,362.5,422.24
F,39.5,55.44,120,70,170,360,420.08
F,45.5,56.55,120,75,147.5,342.5,394.45
F,41.5,52.86,120,70,145,335,403.73
F,40,55.55,100,55,152.5,307.5,358.34
F,42.5,62.03,145,75,190,410,445.17
F,44.5,61.06,147.5,72.5,150,370,405.68
F,40.5,62.49,140,77.5,142.5,360,389.11
F,40.5,62.77,130,65,157.5,352.5,379.97
F,45,62.96,117.5,85,147.5,350,376.58
F,41.5,62.27,125,67.5,155,347.5,376.41
F,45.5,61.25,117.5,70,155,342.5,374.8
F,44.5,62.14,115,65,160,340,368.76
F,40.5,62.58,127.5,60,150,337.5,364.47
F,43,60.57,120,67.5,145,332.5,366.41
F,48.5,61,112.5,57.5,155,325,356.56
F,39.5,60.85,115,50,140,305,335.13
F,47.5,62.31,90,75,117.5,282.5,305.89
F,39.5,70.38,165,82.5,177.5,425,428.48
F,42.5,71.23,140,75,182.5,397.5,398.1
F,42,69.5,152.5,80,162.5,395,401.06
F,48.5,70.56,137.5,82.5,175,395,397.67
F,39,70.32,140,72.5,180,392.5,395.91
F,46.5,71.09,125,70,142.5,337.5,338.37
F,40,69.56,130,57.5,130,317.5,322.21
F,46,83.68,195,112.5,192.5,500,460.91
F,42.5,82.16,147.5,82.5,170,400,372
F,39.5,80.15,135,90,172.5,397.5,374.2
F,43.5,81.62,145,80,165,390,363.86
F,43.5,83.29,135,92.5,157.5,385,355.7
F,43,81.42,135,70,177.5,382.5,357.29
F,44.5,82.47,145,72.5,155,372.5,345.79
F,44.5,80.99,127.5,75,145,347.5,325.44
F,42.5,83.76,117.5,57.5,150,325,299.46
F,39,97.74,190,105,205,500,430.54
F,43.5,107.04,180,102.5,170,452.5,376.52
F,41.5,89.75,170,87.5,187.5,445,397.22
F,42.5,135.44,167.5,97.5,180,445,347.09
F,40.5,117.94,167.5,97.5,145,410,330.61
F,49,95.84,110,70,120,300,260.39
F,52.5,46.08,100,57.5,120,277.5,369.07
F,49.5,42.39,90,37.5,140,267.5,379.25
F,50.5,46.43,102.5,45,110,257.5,340.54
F,51.5,46.07,67.5,35,100,202.5,269.36
F,53.5,51.27,105,60,135,300,369.3
F,50.5,50.98,107.5,57.5,120,285,352.23
F,50,49.1,100,62.5,120,282.5,358.61
F,55.5,50.33,95,50,132.5,277.5,346.09
F,58.5,51.67,77.5,67.5,132.5,277.5,339.75
F,51.5,47.91,90,65,112.5,267.5,345.67
F,50.5,50.68,92.5,52.5,25,170,210.98
F,55.5,55.89,110,57.5,150,317.5,368.5
F,49.5,56.64,102.5,70,142.5,315,362.4
F,55.5,56.4,92.5,60,150,302.5,348.99
F,51,55.89,92.5,57.5,137.5,287.5,333.68
F,55.5,56.21,95,60,132.5,287.5,332.42
F,50.5,54.62,75,40,117.5,232.5,274.02
F,53,62.07,125,90,142.5,357.5,388.01
F,49.5,62.65,135,85,130,350,377.71
F,50.5,61.64,107.5,72.5,147.5,327.5,356.98
F,50.5,61.42,105,57.5,157.5,320,349.58
F,51,62.26,112.5,60,147.5,320,346.66
F,55.5,62.29,122.5,60,130,312.5,338.44
F,53.5,62.55,112.5,70,120,302.5,326.77
F,57,65.65,145,72.5,195,412.5,432.83
F,50,70.31,145,85,160,390,393.42
F,49.5,70.37,127.5,72.5,172.5,372.5,375.58
F,53,71.48,117.5,75,145,337.5,337.35
F,49.5,69.83,125,60,135,320,324.04
F,52.5,70.73,105,65,130,300,301.63
F,49.5,63.93,102.5,57.5,115,275,293.15
F,53,83.16,130,85,162.5,377.5,349.03
F,51,80.59,135,65,147.5,347.5,326.24
F,49.5,72.94,120,60,152.5,332.5,328.71
F,56.5,82.01,117.5,67.5,137.5,322.5,300.19
F,55.5,82.75,95,55,142.5,292.5,271.08
F,52.5,97.3,160,115.5,177.5,453,390.78
F,49.5,107.66,167.5,110,175,452.5,375.76
F,55,107.59,145,65,197.5,407.5,338.47
F,51.5,114.45,157.5,85,165,407.5,331.61
F,53.5,162.4,155,92.5,160,407.5,314.08
F,56.5,97,117.5,62.5,135,315,272.07
F,62.5,44.53,77.5,45,115,237.5,324.14
F,65.5,46.86,50,27.5,85,162.5,213.44
F,62.5,51.37,115,57.5,150,322.5,396.45
F,60,49.38,105,42.5,130,277.5,350.83
F,60.5,56.06,100,57.5,155.5,313,362.55
F,64.5,55.2,90,45,120,255,298.42
F,60,54.76,75,47.5,125,247.5,291.2
F,61.5,55.77,85,45,112.5,242.5,281.85
F,62.5,56.13,77.5,60,97.5,235,271.98
F,61.5,53.74,57.5,52.5,120,230,274.07
F,63.5,55.62,75,35,100,210,244.52
F,61,59.8,100,47.5,115,262.5,291.61
F,65.5,60.92,85,45,120,250,274.5
F,66.5,61.38,85,42.5,115,242.5,265.02
F,63.5,62.06,70,45,125,240,260.51
F,68.5,59.45,80,40,100,220,245.31
F,69,61.22,70,40,107.5,217.5,238.09
F,62.5,69.14,107.5,52.5,143,303,308.55
F,61,67.32,97.5,67.5,110,275,284.35
F,63.5,66.65,90,50,117.5,257.5,267.8
F,62.5,68.19,82.5,45,105,232.5,238.63
F,61.5,66.21,72.5,40,112.5,225,234.91
F,61.5,81.99,107.5,67.5,130,305,283.93
F,62.5,89.64,117.5,62.5,150,330,294.72
F,59.5,101.71,112.5,57.5,157.5,327.5,277.66
F,69,45.84,77.5,35,110.5,223,297.75
F,69.5,51.65,47.5,37.5,82.5,167.5,205.13
F,20.5,42.84,121,77.5,151,349.5,491.43
F,21,42.99,117.5,67.5,154,339,475.37
F,18.5,42.38,102.5,55,122.5,280,397.05
F,21.5,40.12,105,47.5,117.5,270,399.93
F,21.5,46.78,147.5,95,160,402.5,529.34
F,22.5,46.12,132.5,100.5,147.5,380.5,505.73
F,21,45.93,127.5,87.5,150,365,486.63
F,22.5,46.42,127.5,72.5,155,355,469.56
F,22,46.5,112.5,57.5,135,305,402.9
F,19.5,46.69,115,50,130,295,388.52
F,21,51.5,155,95,170,420,515.4
F,21.5,51.74,135,72.5,175,382.5,467.86
F,21.5,51.8,135,97.5,150,382.5,467.48
F,23,51.62,137.5,70,160,367.5,450.24
F,21.5,50.92,130,80,155,365,451.48
F,23,51.36,122.5,82.5,150,355,436.47
F,22.5,51.55,125,80,150,355,435.34
F,19.5,51.88,145,65,140,350,427.3
F,23,50.61,107.5,75,155,337.5,419.27
F,22,51.82,120,70,110,300,366.55
F,22.5,56.87,170,92.5,190,452.5,519.2
F,21.5,56.82,165,112.5,172.5,450,516.63
F,21,56.77,167.5,82.5,195,445,511.19
F,22.5,55.98,157.5,80,195,432.5,501.44
F,22.5,56.76,152.5,102.5,175,430,494.01
F,20.5,56.61,167.5,85,170,422.5,486.24
F,22,56.83,150,105,162.5,417.5,479.26
F,19.5,56.38,155,80,172.5,407.5,470.24
F,20.5,56.6,137.5,100,170,407.5,469.03
F,23,56.69,155,92.5,160,407.5,468.54
F,21.5,56.26,147.5,70,187.5,405,468.01
F,20.5,56.9,142.5,77.5,185,405,464.54
F,22.5,55.55,160,77.5,162.5,400,466.14
F,22,56.53,145,82.5,165,392.5,452.13
F,22,55.6,132.5,90,162.5,385,448.39
F,22.5,56.82,145,90,150,385,442.01
F,22.5,55.57,135,75,152.5,362.5,422.34
F,20,52.67,107.5,60,127.5,295,356.4
F,22.5,62.68,177.5,105,236,518.5,559.39
F,22.5,62.09,200.5,107.5,210,518,562.1
F,22.5,61.84,172.5,120,175,467.5,508.57
F,21.5,61.94,150,107.5,200,457.5,497.19
F,22.5,62.63,165,102.5,185,452.5,488.42
F,19.5,62.79,167.5,87.5,192.5,447.5,482.27
F,21.5,61.73,155,100,185,440,479.18
F,21.5,62.24,152.5,97.5,190,440,476.75
F,22.5,62.43,155,82.5,190,427.5,462.34
F,18.5,62.79,165,102.5,160,427.5,460.72
F,21.5,62.72,157.5,92.5,175,425,458.34
F,22.5,62.39,160,90,165,415,449
F,22,62.73,150,72.5,182.5,405,436.73
F,18.5,61.72,155,80,165,400,435.66
F,18.5,61.19,152.5,82.5,155,390,427.05
F,20.5,61.79,160,57.5,170,387.5,421.75
F,22,61.4,135,82.5,167.5,385,420.67
F,22,62.15,142.5,70,162.5,375,406.68
F,22.5,62.06,120,65,140,325,352.77
F,20.5,58.44,105,50,105,260,293.1
F,22,68.16,195,120,235,550,564.65
F,22,68.52,195,117.5,225,537.5,550.16
F,20.5,68.6,195,125,215,535,547.23
F,19.5,68.92,190,112.5,225,527.5,538.14
F,22.5,68.12,197.5,110,215,522.5,536.6
F,20.5,68.74,175,95,200,470,480.19
F,22.5,68.94,160,120,190,470,479.4
F,20.5,68.62,185,97.5,170,452.5,462.77
F,21.5,67.97,175,87.5,170,432.5,444.73
F,22.5,68.01,160,82.5,190,432.5,444.58
F,21.5,68.88,167.5,77.5,175,420,428.61
F,20,68.69,160,102.5,150,412.5,421.62
F,21.5,68.64,165,77.5,157.5,400,409.01
F,19,63.52,135,90,170,395,422.71
F,22.5,68.19,140,75,145,360,369.5
F,20.5,68.4,115,65,142.5,322.5,330.42
F,18.5,74.85,205,120,250.5,575.5,561.12
F,23,75.15,192.5,125,242.5,560,544.85
F,20.5,75.68,197.5,97.5,225,520,504.07
F,19,75.35,200,117.5,195,512.5,497.94
F,20,75.35,182.5,107.5,217.5,507.5,493.08
F,22.5,73.15,182.5,122.5,190,495,488.59
F,22.5,75.12,167.5,120,195,482.5,469.55
F,19.5,76,190,85,200,475,459.43
F,22,74.18,167.5,110,190,467.5,458
F,22.5,74.41,170,90,202.5,462.5,452.35
F,20.5,73.43,170,107.5,172.5,450,443.26
F,18,72.2,167.5,85,190,442.5,439.88
F,21.5,75.41,170,95,177.5,442.5,429.75
F,19.5,75.14,167.5,92.5,180,440,428.13
F,19.5,75.26,152.5,100,172.5,425,413.19
F,21.5,71.99,150,100,167.5,417.5,415.69
F,19.5,74.42,115,90,135,340,332.52
F,19.5,75.85,110,55,142.5,307.5,297.73
F,22.5,83.36,205,135,215,555,512.55
F,22.5,82.65,215,112.5,217.5,545,505.39
F,21,82.24,215,120,197.5,532.5,494.99
F,18.5,82.06,202.5,115,205,522.5,486.21
F,20.5,82.85,187.5,122.5,207.5,517.5,479.33
F,21.5,83.8,195,117.5,200,512.5,472.11
F,19,82.64,220,110,180,510,472.96
F,20.5,83.51,192.5,105,195,492.5,454.44
F,19.5,83.06,180,92.5,200,472.5,437.11
F,23,82.99,177.5,110,180,467.5,432.66
F,21.5,82.55,165,105,192.5,462.5,429.13
F,21.5,82.14,180,87.5,177.5,445,413.89
F,19.5,83.88,160,100,180,440,405.14
F,23,83.8,157.5,95,177.5,430,396.11
F,22.5,108.66,240,120,215,575,475.96
F,19.5,131.01,215,142.5,190,547.5,429.82
F,22.5,110.29,205,112.5,192.5,510,420.03
F,22.5,92.46,190,105,202.5,497.5,438.36
F,21.5,108.18,182.5,110,197.5,490,406.22
F,21.5,87.27,157.5,87.5,175,420,379.65
F,17.5,42.11,102.5,66,130,298.5,425.41
F,17.5,42.26,95,50,107.5,252.5,358.85
F,18,42.88,72.5,45,122.5,240,337.22
F,18,46.85,112.5,55,137.5,305,400.67
F,16.5,46.46,105,55,137.5,297.5,393.25
F,16.5,46.05,117.5,47.5,130,295,392.53
F,16,45.59,90,40,117.5,247.5,331.82
F,17.5,51.6,137.5,92.5,163,393,481.61
F,17.5,51.12,127.5,87.5,152.5,367.5,453.32
F,16,51.13,120,85,152.5,357.5,440.93
F,17.5,51.95,117.5,87.5,140,345,420.8
F,16.5,50.69,135,57.5,150,342.5,425
F,17.5,50.19,85,60,157.5,302.5,378.01
F,17.5,51.51,67.5,37.5,87.5,192.5,236.19
F,18,56.6,152.5,87.5,160,400,460.4
F,16,56.39,150,85,160,395,455.76
F,17.5,55.39,120,80,175,375,437.84
F,17.5,55.91,140,65,170,375,435.13
F,17.5,55.83,130,62.5,147.5,340,394.9
F,17.5,56.46,130,67.5,142.5,340,391.98
F,17.5,54.68,130,70,137.5,337.5,397.48
F,17.5,55.75,130,70,132.5,332.5,386.55
F,17.5,55.52,117.5,62.5,145,325,378.87
F,17.5,52.82,110,62.5,122.5,295,355.71
F,18,61.72,157.5,113,187.5,458,498.83
F,17,62.74,175.5,80,190.5,446,480.89
F,16.5,62.1,157.5,95,165,417.5,453
F,17.5,61.54,157.5,80,172.5,410,447.36
F,17,61.38,155,82.5,170,407.5,445.35
F,16.5,58.3,152.5,70,182.5,405,457.26
F,17.5,62.05,145,90,165,400,434.23
F,17.5,61.03,152.5,87.5,157.5,397.5,435.97
F,17.5,62.08,152.5,67.5,167.5,387.5,420.53
F,16.5,60.97,152.5,72.5,155,380,417.03
F,17.5,62.61,125,57.5,155,337.5,364.36
F,17.5,61.4,112.5,62.5,120,295,322.33
F,16.5,58.04,102.5,47.5,112.5,262.5,297.23
F,17.5,68.15,172.5,110,195,477.5,490.26
F,18,68.61,175,114,187.5,476.5,487.36
F,17.5,67.58,175,82.5,180,437.5,451.36
F,17.5,67.19,165,97.5,172.5,435,450.29
F,17,66.68,162.5,95,172.5,430,447.09
F,17,68.43,177.5,82.5,170,430,440.46
F,17.5,68.41,155,92.5,175,422.5,432.85
F,17.5,67.21,152.5,85,182.5,420,434.69
F,18,68.13,140,80,172.5,392.5,403.06
F,16,68.28,135,85,160,380,389.73
F,17.5,63.5,137.5,65,170,372.5,398.71
F,17.5,66.62,130,85,150,365,379.7
F,17.5,68.38,122.5,75,140,337.5,345.85
F,17.5,72.08,175,102.5,209.5,487,484.56
F,17.5,73.83,186.5,95,192.5,474,465.54
F,17.5,74.95,132.5,87.5,182.5,402.5,392.16
F,17,69.32,142.5,82.5,160,385,391.48
F,17.5,69.19,135,85,162.5,382.5,389.35
F,17,72.97,140,75,162.5,377.5,373.11
F,16.5,75.93,100,70,110,280,270.95
F,17.5,80.22,180,85,195,460,432.84
F,17.5,76.44,160,95,190,445,429.12
F,16,83.71,180,87.5,167.5,435,400.93
F,17.5,78.65,155,85,190,430,408.64
F,17.5,80.68,170,75,180,425,398.78
F,17.5,81.71,155,80,190,425,396.3
F,17.5,79.02,170,77.5,167.5,415,393.46
F,17.5,76.35,150,90,165,405,390.79
F,17.5,81.2,162.5,65,175,402.5,376.47
F,16.5,79.03,142.5,82.5,170,395,374.47
F,17.5,83.96,152.5,77.5,165,395,363.54
F,16.5,153.73,252.5,129.5,202.5,584.5,450.51
F,18,121.19,232.5,124,222.5,579,463.3
F,16.5,119.18,205,102.5,185,492.5,395.94
F,17.5,102.14,182.5,82.5,182.5,447.5,378.79
F,18,107.14,175,97.5,175,447.5,372.24
F,16,140.87,170,87.5,177.5,435,337.2
M,18.5,52.01,230.5,144,160,534.5,511.84
M,22,52.16,190,141.5,185,516.5,493.26
M,20.5,52.82,172.5,110,230,512.5,483.69
M,20,52.43,177.5,110,205,492.5,468.06
M,20.5,50.4,147.5,105,172.5,425,419.49
M,22.5,52.08,145,80,187.5,412.5,394.51
M,19.5,52.33,145,80,182.5,407.5,387.97
M,22,58.8,207.5,122.5,293,623,534.72
M,19.5,58.24,210,142.5,270,622.5,538.62
M,23,58.21,215,132.5,255,602.5,521.54
M,22,58.46,205,125,260,590,508.87
M,20.5,58.96,210,117.5,262.5,590,505.25
M,19.5,58.94,207.5,130,240,577.5,494.69
M,22.5,58.87,207.5,110,250,567.5,486.6
M,20.5,58.93,190,132.5,227.5,550,471.2
M,18.5,58.19,192.5,127.5,227.5,547.5,474.07
M,22.5,58.91,197.5,125,220,542.5,464.9
M,23,58.88,185,120,225,530,454.38
M,19.5,58.51,190,100,237.5,527.5,454.64
M,22.5,58.85,182.5,115,222.5,520,446
M,22.5,58.28,175,132.5,210,517.5,447.51
M,18.5,58.21,180,105,230,515,445.8
M,21,58.06,165,112.5,182.5,460,399.06
M,20.5,58.65,145,87.5,160,392.5,337.61
M,21,65.7,258,147.5,297.5,703,552.69
M,20.5,65.01,255,160,265,680,538.85
M,22.5,65.76,237.5,160,255,652.5,512.64
M,21.5,65.91,235,137.5,270,642.5,503.93
M,20.5,65.27,220,130,290,640,505.63
M,18.5,65.82,250,135,247.5,632.5,496.59
M,22.5,65.74,247.5,122.5,260,630,495.07
M,22,65.53,225,140,262.5,627.5,494.28
M,21,65.8,220,160,240,620,486.88
M,22.5,65.9,215,135,260,610,478.49
M,20.5,65.59,200,142.5,265,607.5,478.2
M,22,65.73,227.5,135,245,607.5,477.44
M,23,65.97,222.5,130,255,607.5,476.15
M,19.5,65.09,205,160,240,605,478.97
M,20.5,65.27,217.5,120,265,602.5,476.01
M,22.5,65.1,212.5,135,247.5,595,471
M,20.5,65.2,185,125,225,535,423.02
M,22.5,65.62,190,120,215,525,413.12
M,19,73.49,315,187.5,312.5,815,592.44
M,22.5,72.82,285,187.5,292.5,765,559.46
M,22.5,73.58,272.5,165,310,747.5,542.94
M,23,73.73,262.5,180,280,722.5,524.08
M,21.5,72.71,257.5,170,285,712.5,521.59
M,22.5,72.85,250,147.5,295,692.5,506.3
M,22.5,70.75,250,175,265,690,514.51
M,20.5,73.16,240,170,275,685,499.42
M,22.5,73.91,265,157.5,262.5,685,496.09
M,21.5,73.05,245,172.5,262.5,680,496.26
M,22.5,73.88,245,170,260,675,488.98
M,21.5,73.73,240,160,265,665,482.37
M,20.5,73.45,237.5,145,272.5,655,476.3
M,22.5,73.99,212.5,160,277.5,650,470.42
M,22,73.18,220,150,267.5,637.5,464.7
M,20.5,73.38,235,155,245,635,462.05
M,20.5,73.49,230,145,260,635,461.6
M,18.5,71.67,230,142.5,242.5,615,454.57
M,19.5,72.51,207.5,152.5,240,600,440.04
M,22.5,72.99,222.5,132.5,237.5,592.5,432.64
M,20.5,73.83,185,135,215,535,387.73
M,20,70.81,150,100,187.5,437.5,326.04
M,23,82.29,287.5,185,337.5,810,549.48
M,20,82.33,285,180,330,795,539.16
M,22.5,82.42,290,170,330,790,535.43
M,23,82.63,280,162.5,335,777.5,526.2
M,19.5,82.76,290,175,305,770,520.67
M,20.5,81.58,275,160,310,745,507.9
M,20,82.4,247.5,162.5,327.5,737.5,499.92
M,22.5,81.99,290,165,280,735,499.64
M,23,82.38,262.5,172.5,295,730,494.9
M,19.5,81.98,265,157.5,287.5,710,482.68
M,21.5,82.05,270,132.5,302.5,705,479.05
M,18.5,82.07,260,155,277.5,692.5,470.49
M,22,82.44,245,167.5,280,692.5,469.29
M,22.5,82.47,232.5,170,290,692.5,469.19
M,20.5,80.63,247.5,160,265,672.5,461.59
M,20,81.55,235,147.5,290,672.5,458.57
M,21.5,82.53,242.5,157.5,265,665,450.37
M,22,82.08,245,150,262.5,657.5,446.68
M,22,82.34,222.5,145,290,657.5,445.88
M,21.5,81.94,247.5,135,270,652.5,443.71
M,22.5,82.34,235,142.5,275,652.5,442.49
M,22,82.31,235,135,255,625,423.92
M,18.5,82.09,220,160,235,615,417.78
M,22.5,82.04,217.5,130,265,612.5,416.22
M,21.5,82.12,210,147.5,217.5,575,390.52
M,23,92.96,300,210,357.5,867.5,552.06
M,23,92.7,312.5,212.5,320,845,538.47
M,22,92.99,285,182.5,357.5,825,524.93
M,23,92.13,300,190,325,815,520.91
M,21.5,92.31,287.5,222.5,305,815,520.41
M,20.5,92.12,307.5,192.5,305,805,514.54
M,20.5,92.32,265,207.5,320,792.5,506.02
M,22.5,92.8,295,165,330,790,503.16
M,18.5,92.96,280,182.5,327.5,790,502.74
M,22.5,92.1,297.5,172.5,315,785,501.81
M,22.5,92.65,295,177.5,312.5,785,500.37
M,22,92.68,285,175,320,780,497.1
M,23,92.69,275,197.5,285,757.5,482.74
M,22.5,92.44,265,180,310,755,481.77
M,23,89.41,270,160,320,750,486.57
M,19,90.79,270,187.5,282.5,740,476.4
M,20,90.88,257.5,182.5,297.5,737.5,474.55
M,23,91.18,270,175,290,735,472.17
M,22.5,90.63,262.5,182.5,285,730,470.37
M,18.5,92.07,245,170,312.5,727.5,465.13
M,22.5,91.65,242.5,180,300,722.5,462.97
M,23,92.64,220,202.5,297.5,720,458.96
M,20.5,92.78,280,167.5,272.5,720,458.62
M,22.5,92.65,252.5,180,285,717.5,457.34
M,22,89.61,245,180,265,690,447.13
M,22.5,92.75,255,140,280,675,430.03
M,22.5,92.28,265,142.5,247.5,655,418.31
M,22.5,90.16,250,150,252.5,652.5,421.53
M,21.5,83.99,235,140,220,595,399.03
M,20.5,92.65,222.5,127.5,220,570,363.32
M,22.5,104.33,332.5,220,370,922.5,557.8
M,22.5,104.86,322.5,212.5,360,895,540.06
M,21.5,104.35,307.5,200,366.5,874,528.43
M,22,103.26,320,205,322.5,847.5,514.62
M,22.5,104.09,310,175,347.5,832.5,503.85
M,19.5,104.22,325,192.5,315,832.5,503.6
M,21.5,104.75,305,197.5,312.5,815,492
M,22.5,102.77,300,185,325,810,492.82
M,21,104.62,302.5,167.5,325,795,480.16
M,18.5,103.43,285,200,305,790,479.38
M,22,104.3,292.5,177.5,320,790,477.74
M,23,93.05,295,180,302.5,777.5,494.56
M,20,104.87,265,182.5,330,777.5,469.14
M,22.5,102.68,302.5,165,300,767.5,467.13
M,22.5,103.94,272.5,180,312.5,765,463.27
M,22.5,104.63,265,177.5,320,762.5,460.52
M,18.5,97.66,300,175,285,760,472.7
M,22.5,100.15,262.5,177.5,320,760,467.49
M,22.5,101.36,272.5,165,322.5,760,465.09
M,18.5,102.01,280,167.5,310,757.5,462.31
M,20.5,103.65,275,182.5,300,757.5,459.26
M,22.5,104.24,285,180,280,745,450.63
M,22.5,104.72,275,187.5,270,732.5,442.24
M,22.5,104.65,257.5,182.5,287.5,727.5,439.34
M,20.5,96.84,270,165,290,725,452.65
M,21.5,99.29,270,165,272.5,707.5,436.83
M,19.5,104.23,265,145,280,690,417.38
M,22.5,103.64,250,152.5,267.5,670,406.22
M,22.5,102.89,250,137.5,275,662.5,402.88
M,20,100.5,235,145,270,650,399.23
M,22,119.3,335,257.5,372.5,965,555.29
M,20,119.65,367.5,215,375,957.5,550.43
M,22.5,119.65,335,195,337.5,867.5,498.7
M,21.5,116.91,310,210,330,850,492.5
M,22,118.05,355,200,290,845,487.97
M,22,117.83,320,192.5,320,832.5,481.06
M,23,118.46,297.5,200,335,832.5,480.19
M,23,114.78,300,205,320,825,481.09
M,22.5,118.84,307.5,195,307.5,810,466.7
M,22,119.32,310,185,312.5,807.5,464.63
M,22.5,119.38,290,172.5,330,792.5,455.93
M,21.5,118.68,307.5,180,272.5,760,438.09
M,22.5,113.88,250,167.5,292.5,710,415.19
M,21.5,106.13,267.5,170,247.5,685,411.36
M,22.5,118.09,282.5,100,295,677.5,391.2
M,20.5,118.21,242.5,177.5,255,675,389.62
M,21,141.04,355,185,370,910,497.67
M,21.5,146.13,355,215,340,910,492.83
M,22.5,156.04,340,207.5,345,892.5,474.94
M,23,151.09,340,197.5,345,882.5,473.65
M,23,152.94,337.5,202.5,327.5,867.5,464.09
M,21,132.42,280,182.5,300,762.5,424.61
M,16.5,52.65,185,87.5,225,497.5,470.95
M,17.5,52.63,145,97.5,197.5,440,416.67
M,16.5,52.54,167.5,90,180,437.5,414.97
M,17,52.3,140,105,167.5,412.5,392.94
M,16.5,50.47,125,85,145,355,349.92
M,17.5,58.37,175,125,286,586,506.08
M,16.5,58.22,170,120,225,515,445.73
M,18,57.68,160,117.5,235,512.5,447.1
M,17,58.88,175,102.5,232.5,510,437.24
M,17.5,58.92,162.5,92.5,227.5,482.5,413.43
M,17.5,58.54,180,107.5,187.5,475,409.22
M,17.5,55.35,160,97.5,177.5,435,393.4
M,16.5,58.45,142.5,80,177.5,400,345.05
M,17.5,64.37,225,132.5,260,617.5,493
M,17.5,65.82,232.5,150,232.5,615,482.85
M,17.5,65.14,200,140,270.5,610.5,483.05
M,18,64.16,220,130,247.5,597.5,478.23
M,17.5,65.08,238.5,125,230,593.5,469.92
M,17.5,65.68,215,125,240,580,456.09
M,17.5,64.83,195,127.5,247.5,570,452.63
M,17.5,63.44,207.5,107.5,240,555,448.08
M,18,65.79,202.5,130,222.5,555,435.89
M,17.5,62.66,185,137.5,230,552.5,450.38
M,17.5,65.12,182.5,127.5,240,550,435.28
M,17,64.44,200,122.5,220,542.5,432.77
M,17.5,63.99,200,130,210,540,433.08
M,17.5,65.65,195,115,210,520,409.05
M,16,65.67,175,110,225,510,401.09
M,17.5,64.84,167.5,107.5,222.5,497.5,395.01
M,17.5,64.13,170,77.5,232.5,480,384.32
M,17.5,65.4,152.5,107.5,200,460,362.88
M,16.5,64.33,160,92.5,205,457.5,365.43
M,17.5,73.69,257.5,150,295,702.5,509.76
M,18,73.64,240,147.5,275,662.5,480.94
M,17,73.35,247.5,165,247.5,660,480.37
M,17.5,73.01,240,130,285,655,478.19
M,17.5,72.05,237.5,142.5,265,645,475.05
M,18,73.71,230,125,277.5,632.5,458.88
M,17.5,72.71,215,147.5,267.5,630,461.19
M,18,73.33,230,160,240,630,458.62
M,17.5,73.74,225,152.5,252.5,630,456.95
M,17.5,72.33,220,142.5,242.5,605,444.44
M,17,73.94,220,140,245,605,438.04
M,17.5,72.7,210,142.5,247.5,600,439.27
M,18,73.27,215,110,252.5,577.5,420.62
M,16.5,67.12,210,110,255,575,445
M,17,71.66,187.5,130,252.5,570,421.35
M,17.5,71.91,190,140,235,565,416.68
M,17.5,73.55,190,150,225,565,410.49
M,17.5,71.73,215,115,230,560,413.69
M,17.5,71.04,200,132.5,217.5,550,408.97
M,17.5,73.04,190,112.5,240,542.5,395.95
M,18,73.26,202.5,117.5,215,535,389.7
M,16.5,69.06,180,105,230,515,390.52
M,17.5,72.72,165,117.5,182.5,465,340.37
M,16.5,72.29,145,95,170,410,301.3
M,17.5,67.2,147.5,85,165,397.5,307.36
M,17.5,82.4,308,185,287.5,780.5,529.07
M,17.5,81.42,247.5,196,297.5,741,505.74
M,17.5,82.46,255,175,292.5,722.5,489.55
M,17.5,82.8,260,150,300,710,479.96
M,17.5,82.66,265,155,285,705,477.04
M,17.5,82.65,265,162.5,275,702.5,475.38
M,17.5,82.96,250,167.5,275,692.5,467.62
M,17.5,80.12,250,145,295,690,475.37
M,17,81.53,245,150,275,670,456.93
M,18,80.89,260,142.5,262.5,665,455.59
M,17,81.3,212.5,155,290,657.5,449.13
M,17.5,81.61,240,142.5,270,652.5,444.74
M,17.5,82.28,240,135,265,640,434.19
M,17.5,83,235,125,277.5,637.5,430.37
M,17,82.56,235,145,250,630,426.58
M,17.5,82.19,210,170,240,620,420.88
M,17.5,82.53,212.5,162.5,242.5,617.5,418.2
M,17.5,82.63,230,122.5,252.5,605,409.46
M,17.5,82.42,210,132.5,260,602.5,408.35
M,17.5,82,215,135,250,600,407.84
M,17.5,82,202.5,140,247.5,590,401.05
M,17,81.02,215,140,230,585,400.41
M,17.5,77.72,207.5,122.5,247.5,577.5,405.19
M,18,81.64,215,130,230,575,391.84
M,17.5,81.58,200,125,240,565,385.18
M,16.5,79.7,202.5,122.5,235,560,387
M,17.5,80.77,200,142.5,212.5,555,380.56
M,17.5,78.67,185,132.5,75,392.5,273.36
M,18,91.5,320.5,210.5,330,861,552.16
M,17,91.84,307.5,190,320,817.5,523.31
M,17,92.14,282.5,132.5,335.5,750.5,479.66
M,18,91.39,240,175,307.5,722.5,463.62
M,17.5,92.39,282.5,145,295,722.5,461.16
M,16.5,92.59,280,150,290,720,459.08
M,17.5,92.49,260,187.5,270,717.5,457.72
M,17.5,92.57,260,140,300,700,446.37
M,18,93,245,175,245,665,423.11
M,17.5,88.49,237.5,142.5,255,635,414.15
M,18,92.47,222.5,147.5,242.5,612.5,390.78
M,17.5,83.2,212.5,145,222.5,580,391.02
M,16.5,90.52,210,107.5,220,537.5,346.55
M,17,100.74,321,177.5,317.5,816,500.67
M,18,104.25,310,195,310,815,492.95
M,17.5,100.2,320.5,160,327.5,808,496.91
M,17.5,103.05,290,182.5,282.5,755,458.84
M,18,104.79,275,135,265,675,407.42
M,17.5,98.01,235,152.5,285,672.5,417.61
M,17.5,97.01,260,135,275,670,417.97
M,16.5,102,70,112.5,70,252.5,154.11
M,17.5,118.49,322.5,180,290,792.5,457.08
M,17.5,109.01,315,170,260,745,442.75
M,18,119.78,245,155,290,690,396.51
M,17.5,117.6,252.5,167.5,267.5,687.5,397.54
M,17.5,107.25,247.5,175,255,677.5,405.18
M,17.5,106.3,232.5,157.5,267.5,657.5,394.59
M,17.5,116.7,252.5,127.5,227.5,607.5,352.21
M,17.5,115.39,185,152.5,75,412.5,240.1
M,17,161.67,325,182.5,331.5,839,442.34
M,17.5,146.6,366.5,150,272.5,789,426.93
M,18,132.67,245,145,250,640,356.2
M,20.5,52,240,160,135,535,512.42
M,22.5,50.5,240,162.5,135,537.5,529.51
F,37,51.1,170,97.5,182.5,450,555.24
F,27.5,51.34,147.5,105,175,427.5,525.75
F,29,53.2,182.5,110,190,482.5,578.93
F,22.5,52.97,165,107.5,170,442.5,532.52
F,31.5,58.37,175,100,227.5,502.5,566.91
F,27,58.75,160,95,200,455,511.19
F,31.5,63.97,145,92.5,182.5,420,447.56
F,28.5,66.32,160,90,160,410,427.64
F,21.5,69.85,195,154.5,250,599.5,606.98
F,28.5,71.47,172.5,97.5,210,480,479.83
F,38.5,79.3,200,127.5,235,562.5,532.35
F,22.5,89.42,245,145,227.5,617.5,552.09
F,27.5,102.5,225,95,250,570,481.84
F,39.5,108,190,100,170,460,381.57
M,24,73.66,257.5,155,300,712.5,517.15
M,25,82.68,305,185,335,825,558.16
M,27,82.36,280,190,340,810,549.22
M,29.5,82.16,285,185,290,760,516.03
M,21,92.47,292.5,177.5,342.5,812.5,518.38
M,31.5,92.94,300,195,317.5,812.5,517.11
M,35,103.95,295,187.5,391,873.5,528.96
M,26,101.43,275,175,315,765,468.01
M,26,111.12,337.5,220,380,937.5,553.15
M,24.5,106.28,300,207.5,330,837.5,502.65
M,56,60,175,125,215,515,434.68
M,54.5,100.7,205,157.5,150,512.5,314.51
M,44,148.95,320,225,255,800,431.02
M,43,82.4,230,110,240,580,393.16
M,39.5,58.8,222.5,135,240,597.5,512.84
M,39.5,113.5,242.5,160,315,717.5,420.08
M,38.5,119.5,345,242.5,365,952.5,547.79
M,38.5,101.85,290,125,345,760,464.14
M,38.5,200,380,225,347.5,952.5,476.51
M,37.5,119.15,282.5,207.5,330,820,472.05
M,37.5,92.45,272.5,202.5,282.5,757.5,483.34
M,37.5,91.9,260,160,295,715,457.55
M,37,73.5,272.5,162.5,255,690,501.53
M,37.5,178.45,387.5,212.5,325,925,475.44
M,37,101.95,227.5,167.5,260,655,399.85
M,36.5,92.65,280,185,325,790,503.55
M,37,73.4,242.5,185,315,742.5,540.17
M,35.5,119.25,375,220,330,925,532.35
M,36,164.65,360,280,315,955,501.11
M,35,92.8,300,160,325,785,499.98
M,35.5,93,220,180,300,700,445.38
M,35.5,92.7,325,177.5,315,817.5,520.95
M,34.5,119.85,325,222.5,305,852.5,489.8
M,34.5,80,230,147.5,255,632.5,436.14
M,34.5,103.55,325,212.5,365,902.5,547.38
M,34,92.65,290,170,300,760,484.43
M,34.5,73.4,250,192.5,317.5,760,552.91
M,34.5,73.75,270,197.5,310,777.5,563.88
M,34,73.5,255,167.5,280,702.5,510.62
M,33.5,119.8,300,207.5,75,582.5,334.72
M,33.5,82.05,295,177.5,320,792.5,538.51
M,34,82.9,240,120,305,665,449.24
M,33.5,58,177.5,127.5,195,500,434.14
M,34,65.7,207.5,125,235,567.5,446.16
M,33.5,65.85,217.5,145,247.5,610,478.76
M,33.5,65.3,185,112.5,215,512.5,404.76
M,33,141.9,335,227.5,335,897.5,490
M,33,65.2,230,147.5,247.5,625,494.18
M,33.5,91.8,245,165,305,715,457.8
M,33,59,190,120,215,525,449.33
M,33,72.1,230,142.5,235,607.5,447.23
M,32.5,104.45,285,195,310,790,477.46
M,32.5,91.85,275,187.5,290,752.5,481.68
M,31.5,119.7,307.5,202.5,315,825,474.2
M,32,65.8,200,120,235,555,435.84
M,31.5,118.95,320,185,330,835,480.96
M,32,119.75,340,180,386,906,520.68
M,31.5,90.7,235,172.5,240,647.5,417.05
M,32,92.9,285,212.5,365,862.5,549.05
M,31.5,92.1,285,175,310,770,492.23
M,31,92.9,282.5,200,340,822.5,523.59
M,32,82.5,270,162.5,287.5,720,487.72
M,30.5,104.8,265,200,315,780,470.78
M,30.5,137.25,322.5,190,305,817.5,450.53
M,30.5,74,262.5,162.5,282.5,707.5,511.98
M,31,73.7,195,117.5,280,592.5,429.9
M,30.5,92.9,300,243,345,888,565.28
M,30.5,82.6,252.5,152.5,280,685,463.7
M,30,92.7,282.5,187.5,315,785,500.24
M,30.5,119.75,307.5,157.5,275,740,425.28
M,30,82.45,270,180,290,740,501.44
M,30,91.2,250,180,300,730,468.91
M,30,58.6,180,110,220,510,438.99
M,30.5,91.85,282.5,172.5,312.5,767.5,491.28
M,30.5,82.5,242.5,152.5,285,680,460.63
M,29.5,104.85,290,200,322.5,812.5,490.3
M,29.5,116.85,295,210,352.5,857.5,496.93
M,29.5,73.1,262.5,160,302.5,725,528.86
M,29.5,58.75,210,100,245,555,476.7
M,29.5,82.75,215,165,232.5,612.5,414.19
M,29,116.6,245,165,300,710,411.76
M,29,73.4,265,150,290,705,512.89
M,29.5,92.45,297.5,180,317.5,795,507.27
M,29,71.5,212.5,142.5,215,570,421.99
M,28.5,92.55,265,187.5,270,722.5,460.77
M,28.5,134.35,322.5,217.5,300,840,465.79
M,29,92.7,320,172.5,355,847.5,540.06
M,28.5,82.9,260,162.5,312.5,735,496.53
M,28.5,119.55,320,185,342.5,847.5,487.34
M,29,58.7,165,117.5,260,542.5,466.3
M,28,115.8,287.5,195,337.5,820,476.69
M,29,103.05,290,190,330,810,492.26
M,28,82.8,295,195,325,815,550.94
M,28,65.95,247.5,172.5,285,705,552.7
M,28,92.65,275,190,290,755,481.24
M,28.5,73.5,250,182.5,307.5,740,537.87
M,27.5,91.05,260,160,320,740,475.72
M,27.5,58.8,180,122.5,255,557.5,478.5
M,27.5,105,312.5,170,332.5,815,491.52
M,28,64.8,235,142.5,280,657.5,522.29
M,27.5,82.7,242.5,190,282.5,715,483.67
M,28,148.05,335,202.5,330,867.5,468.15
M,27.5,119.05,340,215,340,895,515.37
M,27.5,102.65,260,152.5,280,692.5,421.54
M,27.5,58.85,195,115,230,540,463.15
M,27.5,92.65,320,210,345,875,557.73
M,27.5,81.95,252.5,175,245,672.5,457.28
M,27.5,58.8,217.5,127.5,242.5,587.5,504.25
M,27,104.75,317.5,217.5,350,885,534.25
M,27.5,82.4,247.5,182.5,315,745,505
M,27.5,119.8,300,182.5,300,782.5,449.64
M,27.5,65.85,207.5,150,250,607.5,476.8
M,27.5,92.75,300,175,280,755,480.99
M,26.5,103.05,310,190,302.5,802.5,487.71
M,26.5,92.1,275,170,312.5,757.5,484.23
M,27,65.8,227.5,150,255,632.5,496.7
M,26.5,104.7,325,210,370,905,546.43
M,27,104.75,275,160,315,750,452.76
M,26.5,82.6,275,182.5,337.5,795,538.16
M,26.5,82.65,285,195,307.5,787.5,532.9
M,26.5,65.85,242.5,160,262.5,665,521.93
M,26.5,58.6,180,132.5,215,527.5,454.05
M,26.5,165.5,370,235,360,965,505.68
M,26.5,58.85,200,125,225,550,471.73
M,26,65.85,215,162.5,240,617.5,484.65
M,26,81.3,260,180,292.5,732.5,500.37
M,26.5,103.8,305,177.5,335,817.5,495.34
M,26,104.75,330,190,355,875,528.22
M,26.5,82.85,235,167.5,305,707.5,478.11
M,26,73.85,283.5,170,324.5,778,563.74
M,26.5,92.5,272.5,200,342.5,815,519.9
M,26.5,104,362.5,225,352.5,940,569.12
M,25.5,103.35,252.5,157.5,267.5,677.5,411.24
M,26,73.9,260,162.5,322.5,745,539.59
M,26,82.5,260,182.5,280,722.5,489.42
M,26,104.5,320,207.5,352.5,880,531.75
M,25.5,59,222.5,142.5,260,625,534.92
M,25.5,104.95,285,180,325,790,476.54
M,26,92.75,302.5,232.5,337.5,872.5,555.85
M,25.5,73.3,240,157.5,295,692.5,504.25
M,25.5,65.9,247.5,170,275,692.5,543.2
M,25,71.7,220,147.5,275,642.5,474.76
M,25.5,119.95,305,205,270,780,448.02
M,25.5,64.95,202.5,130,250,582.5,461.91
M,24.5,82.95,272.5,167.5,290,730,492.98
M,24.5,73.7,240,130,280,650,471.62
M,24.5,82.7,260,180,290,730,493.82
M,24.5,181.1,455,250,375,1080,553.06
M,24.5,92.85,265,175,280,720,458.46
M,24.5,102.8,282.5,162.5,340,785,477.55
M,24.5,65.25,245,137.5,255,637.5,503.77
M,24,104.85,282.5,182.5,295,760,458.62
M,23.5,92.8,285,180,285,750,477.68
M,23.5,82.6,280,155,370.5,805.5,545.27
M,24,82.55,227.5,132.5,252.5,612.5,414.76
M,23.5,82.1,237.5,137.5,275,650,441.52
M,24,118.05,322.5,225,310,857.5,495.19
M,23.5,65.25,242.5,152.5,300.5,695.5,549.61
M,23.5,82.6,285,205,290,780,528
M,23.5,116.7,310,200,325,835,484.1
M,23,147.7,310,230,360,900,486
M,23,82.55,265,165,367.5,797.5,540.04
M,23.5,73.25,252.5,205,300,757.5,551.83
M,23.5,119.75,305,162.5,345,812.5,466.95
M,23.5,112.35,327.5,215,352.5,895,525.94
M,23,92.55,257.5,150,285,692.5,441.64
M,23.5,58.9,180,135,250,565,484.25
M,23,104.9,327.5,207.5,350,885,533.95
M,22.5,82.55,270,165,287.5,722.5,489.25
M,22,73.65,267.5,182.5,328,778,564.74
M,22,104.1,300,210,330,840,508.37
M,21.5,148.95,380,220,382.5,982.5,529.35
M,22,119,310,227.5,320,857.5,493.85
M,21,82.3,220,140,265,625,423.95
M,21.5,59,210,130,262.5,602.5,515.66
M,21.5,92.7,245,180,287.5,712.5,454.04
M,18.5,69.55,112.5,55,140,307.5,232.02
M,57.5,110,222.5,165,265,652.5,386.45
M,37.5,148.35,340,187.5,367.5,895,482.73
M,35,119.7,332.5,190,320,842.5,484.26
M,34.5,92.55,285,167.5,315,767.5,489.47
M,34,82.6,290,175,325,790,534.77
M,33.5,104.75,315,197.5,297.5,810,488.98
M,32.5,92.2,290,190,275,755,482.38
M,31.5,92.8,290,205,330,825,525.45
M,30.5,104.45,290,200,342.5,832.5,503.15
M,31,102.9,290,187.5,335,812.5,494.08
M,30.5,73.2,225,177.5,270,672.5,490.13
M,30.5,103.7,275,190,295,760,460.68
M,30,86.7,250,145,240,635,418.59
M,29,73.5,277.5,137.5,292.5,707.5,514.25
M,27.5,81.2,262.5,162.5,322.5,747.5,510.97
M,27,65.7,212.5,160,225,597.5,469.74
M,26.5,103.05,295,172.5,332.5,800,486.19
M,26.5,143.2,370,240,370,980,533.69
M,25.5,92.55,280,192.5,305,777.5,495.84
M,24.5,104.4,305,202.5,320,827.5,500.22
M,25,143.15,370,205,345,920,501.07
M,24.5,150.85,290,160,310,760,408.08
M,25,92.45,310,220,330,860,548.75
M,24,92.15,270,160,320,750,479.31
M,23,82.65,250,150,282.5,682.5,461.85
M,23.5,82.75,297.5,172.5,315,785,530.84
M,22,160.95,387.5,235,335,957.5,505.4
F,56.5,61.25,110,65,160,335,366.6
F,48,56.5,145,82.5,180,407.5,469.58
F,46.5,68.45,180,95,205,480,491.59
F,44.5,74.8,180,115,240,535,521.81
F,41,56.15,137.5,72.5,192.5,402.5,465.72
F,41.5,62.85,152.5,92.5,200,445,479.3
F,41,112.1,212.5,135,230,577.5,473.07
F,39.5,46.65,122.5,55,147.5,325,428.3
F,39.5,90,140,87.5,167.5,395,352.15
F,38.5,83.55,210,125,230,565,521.22
F,38.5,68.5,170,120,222.5,512.5,524.66
F,38,62.6,180,87.5,195,462.5,499.36
F,38,74.7,200,97.5,240,537.5,524.62
F,37.5,82.6,200,115,240,555,514.81
F,37.5,82.1,135,62.5,180,377.5,351.2
F,37,51.75,102.5,70,152.5,325,397.47
F,36.5,51.5,115,72.5,147.5,335,411.09
F,36.5,82.65,190,97.5,210,497.5,461.34
F,36.5,68.2,157.5,87.5,177.5,422.5,433.61
F,36.5,63.2,97.5,60,130,287.5,308.62
F,36.5,46.95,127.5,57.5,150,335,439.38
F,35.5,152.75,250,125,217.5,592.5,456.67
F,35.5,50.4,112.5,62.5,127.5,302.5,376.9
F,35,82.6,155,85,175,415,384.95
F,35.5,61.95,180,102.5,190,472.5,513.44
F,35.5,60.95,162.5,90,175,427.5,469.25
F,35,56.1,135,67.5,180,382.5,442.84
F,35.5,75.15,177.5,120,200,497.5,484.04
F,35,62.25,147.5,65,160,372.5,403.57
F,35,50.6,142.5,82.5,185,410,509.4
F,34.5,81.05,190,110,225,525,491.5
F,34.5,56.95,177.5,92.5,182.5,452.5,518.72
F,34.5,68.35,177.5,112.5,180,470,481.75
F,35,51.55,120,85,165,370,453.73
F,35,62.75,195,127.5,210,532.5,574.1
F,33.5,68.55,192.5,120,220,532.5,544.9
F,34,62.9,150,75,190,415,446.77
F,34,82.05,175,82.5,175,432.5,402.48
F,33.5,122.5,170,77.5,220,467.5,372.99
F,33.5,51.45,142.5,60,142.5,345,423.65
F,34,46.8,117.5,65,137.5,320,420.71
F,33,46.55,122.5,65,145,332.5,438.88
F,33.5,74.9,155,90,200,445,433.73
F,32.5,46.75,105,62.5,140,307.5,404.59
F,32.5,52,162.5,87.5,200,450,548.51
F,32.5,51.9,152.5,97.5,175,425,518.73
F,32.5,62.9,167.5,107.5,182.5,457.5,492.52
F,32.5,46.85,142.5,90,167.5,400,525.47
F,32.5,56.5,142.5,87.5,187.5,417.5,481.1
F,32,75.7,190,117.5,210,517.5,501.58
F,32,62.2,142.5,72.5,175,390,422.74
F,32,51.2,117.5,67.5,150,335,412.78
F,32,45.35,107.5,62.5,140,310,417.27
F,32,56.15,157.5,75,180,412.5,477.29
F,31.5,68.9,187.5,127.5,215,530,540.78
F,32,46.45,132.5,75,200,407.5,538.74
F,31.5,56.85,172.5,82.5,180,435,499.24
F,31.5,68.7,160,92.5,200,452.5,462.46
F,31.5,72.2,125,67.5,142.5,335,333.02
F,32,106.75,222.5,155,215,592.5,493.49
F,31.5,56.05,172.5,72.5,200,445,515.5
F,31.5,127.6,281,155,257.5,693.5,547.66
F,30.5,46.7,125,67.5,135,327.5,431.25
F,30.5,65.75,145,80,200,425,445.54
F,31,83.3,195,127.5,210,532.5,491.94
F,31,50.55,117.5,62.5,160,340,422.73
F,30.5,69,165,90,205,460,468.97
F,30.5,56.85,145,82.5,180,407.5,467.68
F,30.5,56.75,140,87.5,162.5,390,448.11
F,30.5,147.9,250,160,232.5,642.5,495.59
F,30.5,51.5,127.5,70,203,400.5,491.47
F,31,75.25,180,100,225,505,491
F,30.5,75.65,225.5,122.5,245,593,574.95
F,30.5,51.85,135,85,175,395,482.43
F,30.5,62.5,177.5,102.5,225,505,545.78
F,30.5,67.45,195,110,195,500,516.42
F,30.5,74.7,167.5,95,207.5,470,458.74
F,29.5,80.6,167.5,107.5,180,455,427.14
F,29.5,56.45,130,100,177.5,407.5,469.85
F,30,75.5,177.5,95,207.5,480,465.88
F,29.5,56.45,155,95,177.5,427.5,492.91
F,29.5,82.6,182.5,95,185,462.5,429.01
F,29.5,56.8,160,90,170,420,482.3
F,29.5,75.4,180,100,200,480,466.2
F,29,83.2,185,115,222.5,522.5,482.98
F,29,51.55,142.5,77.5,152.5,372.5,456.8
F,29.5,56.45,152.5,82.5,172.5,407.5,469.85
F,29.5,56.2,167.5,82.5,160,410,474.12
F,29.5,91.85,192.5,95,195,482.5,426.36
F,29.5,75.8,172.5,100,200,472.5,457.64
F,30,75.6,157.5,92.5,207.5,457.5,443.73
F,29,65.25,211.5,115,222.5,549,578.14
F,28.5,83.5,190,102.5,200,492.5,454.47
F,29,121.35,205,112.5,210,527.5,421.94
F,28.5,62.9,207.5,142.5,207.5,557.5,600.18
F,28.5,51.85,167.5,90,162.5,420,512.97
F,28.5,46.5,110,82.5,122.5,315,416.11
F,28,56.7,182.5,107.5,182.5,472.5,543.22
F,28.5,56.9,140,82.5,170,392.5,450.2
F,28.5,83.45,160,85,190,435,401.52
F,28.5,62.25,177.5,105,200,482.5,522.75
F,28.5,50.95,127.5,57.5,145,330,408.02
F,27.5,68.75,195,102.5,207.5,505,515.91
F,28,75.35,220,107.5,240,567.5,551.38
F,28,77.55,187.5,107.5,222.5,517.5,495.34
F,27.5,56.7,157.5,82.5,192.5,432.5,497.23
F,27.5,51.65,132.5,67.5,172.5,372.5,456.18
F,27.5,45.65,125,77.5,150,352.5,472.12
F,27.5,51.75,145,67.5,150,362.5,443.34
F,28,56.6,167.5,97.5,187.5,452.5,520.83
F,27.5,137.9,250,122.5,268,640.5,498.05
F,27.5,75.3,185,102.5,202.5,490,476.25
F,27.5,51.85,135,95,160,390,476.33
F,27,51,157.5,85,172.5,415,512.76
F,27,56.3,160,92.5,177.5,430,496.66
F,27.5,55.4,157.5,75,177.5,410,478.65
F,26,67.85,165,85,165,415,427.17
F,26.5,62.8,135,67.5,160,362.5,390.63
F,27,55.25,157.5,75,172.5,405,473.67
F,27,74.7,177.5,120,245,542.5,529.5
F,26.5,63,160,85,210,455,489.36
F,27,51.9,162.5,100,197.5,460,561.45
F,27,51.85,167.5,90,180,437.5,534.34
F,26.5,71.35,180,105,197.5,482.5,482.78
F,26.5,46.5,142.5,65,142.5,350,462.35
F,26.5,83.85,200,112.5,210,522.5,481.19
F,26,66.9,167.5,92.5,195,455,472.18
F,26.5,68.65,190,105,207.5,502.5,513.78
F,26,123.05,285.5,142.5,260.5,688.5,548.66
F,25.5,75.3,172.5,107.5,180,460,447.09
F,25.5,68.4,150,100,192.5,442.5,453.37
F,25.5,83.9,207.5,102.5,247.5,557.5,513.28
F,25.5,68.4,185,95,197.5,477.5,489.23
F,26,83.65,249,130,257.5,636.5,586.84
F,25.5,46.9,127.5,72.5,160,360,472.55
F,25.5,108.6,172.5,92.5,177.5,442.5,366.35
F,25,75.2,195,110,227.5,532.5,517.91
F,24.5,75,175,95,192.5,462.5,450.46
F,24.5,73.5,180,107.5,182.5,470,462.73
F,24.5,62.7,117.5,67.5,162.5,347.5,374.83
F,25,66.25,192.5,105,207.5,505,527.06
F,24.5,81.15,175,87.5,190,452.5,423.37
F,25,51.9,152.5,92.5,155,400,488.21
F,24.5,68.9,172.5,85,197.5,455,464.25
F,25,75.1,182.5,100,190,472.5,459.88
F,24.5,75.45,187.5,112.5,200,500,485.46
F,24.5,56.3,137.5,82.5,140,360,415.81
F,24,120.05,277.5,127.5,242.5,647.5,519.47
F,24,82.05,210,95,220,525,488.56
F,24,62.4,185,115,220,520,562.55
F,24.5,55.8,180,107.5,225,512.5,595.46
F,24.5,62.85,142.5,85,157.5,385,414.68
F,23.5,51.05,135,77.5,155,367.5,453.76
F,23.5,54.5,115,72.5,142.5,330,389.51
F,24,68.7,170,107.5,195,472.5,482.9
F,23.5,46.75,137.5,85,185,407.5,536.17
F,24,73.95,210,115,200,525,515.19
F,23.5,56.65,177.5,90,205,472.5,543.53
F,24,68.5,137.5,87.5,177.5,402.5,412.05
F,23,56.25,145,100,167.5,412.5,476.73
F,22,56.65,182.5,97.5,222.5,502.5,578.04
F,21.5,46.9,157.5,99.5,167.5,424.5,557.21
F,21,46.5,142.5,95,175,412.5,544.91
F,21,68.85,182.5,120,227.5,530,541
F,20.5,75.6,197.5,153,240,590.5,572.73
F,26,51.8,160,97.5,202.5,460,562.2
F,32,51.9,171.5,87.5,195,454,554.12
F,21.5,56.5,180,92.5,231,503.5,580.2
F,25,83.4,246.5,130,268.5,645,595.53
F,34,141,280,147.5,252.5,680,527.05
F,30.5,56.8,170,100,230.5,500.5,574.74
F,21.5,46.7,161,95,172.5,428.5,564.25
F,29,66.3,211,115,222.5,548.5,572.2
F,28,75.4,220,107.5,252.5,580,563.33
F,20.5,76,195,146,215,556,537.78
M,24,178.2,470,272.5,410,1152.5,592.59
M,30,92.5,300,241.5,342.5,884,563.91
M,24.5,92.9,325,215,340,880,560.19
M,28,82.9,305,200,330,835,564.08
M,34,73.9,270,197.5,310,777.5,563.13
M,26.5,105,330,210,375,915,551.83
M,27,104.8,330,222.5,360,912.5,550.75
M,25.5,65.7,245,160,280,685,538.54
M,25,104.4,325,205,370,900,544.05
M,26,92.9,287.5,230,320,837.5,533.14
M,28,72.6,265,195,270,730,534.94
M,35.5,92.8,310,167.5,330,807.5,514.31
M,25,104.95,245,150,325.5,720.5,434.61
M,25,93,255,147.5,295,697.5,443.79
M,25,59,172.5,100,192.5,465,397.98
M,25,82.85,257.5,172.5,302.5,732.5,495.01
M,25,113.2,277.5,165,287.5,730,427.81
M,24,104.5,300,200,307.5,807.5,487.94
M,24,81.35,230,127.5,262.5,620,423.37
M,24,72.45,185,135,217.5,537.5,394.42
M,24,102.9,260,160,285,705,428.71
M,24,72.45,220,140,252.5,612.5,449.45
M,24,117.65,242.5,160,267.5,670,387.36
M,23,104.05,260,150,275,685,414.65
M,23,92.95,215,145,270,630,400.94
M,23,96.95,255,130,267.5,652.5,407.17
M,23,73.9,227.5,162.5,232.5,622.5,450.87
M,23,73.2,242.5,150,262.5,655,477.37
M,23,90.25,280,152.5,295,727.5,469.75
M,23,91.35,210,162.5,245,617.5,396.32
M,23,121.9,265,170,280,715,408.51
M,23,103.2,265,170,285,720,437.3
M,23,65.55,190,115,232.5,537.5,423.29
M,22,102.3,260,177.5,280,717.5,437.38
M,22,65.65,187.5,132.5,260,580,456.25
M,22,82.7,215,135,235,585,395.73
M,22,65.5,195,135,230,560,441.27
M,22,81.75,205,142.5,245,592.5,403.45
M,22,58.1,147.5,80,190,417.5,361.98
M,22,73.3,210,140,307.5,657.5,478.76
M,22,92.45,247.5,150,262.5,660,421.13
M,22,65.2,200,120,230,550,434.88
M,22,120.2,235,157.5,237.5,630,361.61
M,21,72.6,170,120,210,500,366.39
M,21,82.85,182.5,155,250,587.5,397.02
M,21,101.35,230,157.5,225,612.5,374.84
M,21,65.75,192.5,130,230,552.5,434.12
M,21,104.9,277.5,150,295,722.5,435.9
M,21,59,155,105,190,450,385.14
M,21,101.8,285,162.5,302.5,750,458.13
M,21,132.65,260,192.5,270,722.5,402.13
M,21,58.75,165,102.5,192.5,460,395.1
M,21,92,245,172.5,277.5,695,444.52
M,21,92.1,250,162.5,300,712.5,455.47
M,20,82.3,252.5,165,315,732.5,496.87
M,20,58.7,160,100,205,465,399.68
M,20,112,262.5,162.5,270,695,408.88
M,20,97.2,232.5,135,255,622.5,388
M,20,142.4,267.5,162.5,245,675,368.16
M,20,88.75,260,147.5,275,682.5,444.45
M,19,90.5,275,162.5,282.5,720,464.26
M,19,90.75,275,185,292.5,752.5,484.55
M,19,57.7,160,102.5,195,457.5,399
M,19,92.1,205,135,250,590,377.16
M,19,73.15,210,142.5,227.5,580,422.9
M,18,68.6,222.5,135,250,607.5,462.84
F,25,99.25,165,92.5,172.5,430,368.02
F,25,99.8,182.5,90,182.5,455,388.58
F,24,44.9,100,52.5,120,272.5,369.57
F,24,104.05,172.5,90,177.5,440,369.87
F,23,65.85,145,77.5,177.5,400,418.96
F,23,68.7,110,77.5,167.5,355,362.82
F,23,69.6,147.5,77.5,190,415,421.02
F,23,46.8,75,37.5,117.5,230,302.38
F,23,62.25,125,65,162.5,352.5,381.91
F,23,68.55,137.5,95,170,402.5,411.88
F,23,71.65,160,97.5,177.5,435,434.24
F,23,62.95,130,60,135,325,349.71
F,23,62.2,150,80,170,400,433.58
F,22,55.5,125,60,130,315,367.3
F,22,56.4,127.5,75,152.5,355,409.56
F,22,50.9,120,87.5,135,342.5,423.77
F,22,56.4,127.5,72.5,165,365,421.09
F,22,77.55,162.5,95,200.5,458,438.39
F,22,65.8,157.5,80,170,407.5,427
F,22,62.2,137.5,85,162.5,385,417.32
F,22,67.55,132.5,70,162.5,365,376.66
F,22,83.4,122.5,80,152.5,355,327.77
F,22,46.6,97.5,45,102.5,245,323.13
F,22,62.35,132.5,70,155,357.5,386.94
F,22,55.7,135,85,142.5,362.5,421.68
F,22,51.35,92.5,50,115,257.5,316.63
F,22,56.5,125,72.5,135,332.5,383.15
F,22,68,172.5,80,200,452.5,465.18
F,22,67.6,185,107.5,202.5,495,510.6
F,22,61.55,155,70,165,390,425.49
F,21,90.35,175,85,167.5,427.5,380.47
F,21,74.75,157.5,87.5,170,415,404.92
F,21,69.45,145,82.5,160,387.5,393.6
F,21,75.75,152.5,85,157.5,395,382.71
F,20,64.4,135,72.5,175,382.5,405.96
F,20,62.85,140,80,162.5,382.5,411.98
F,20,50.3,117.5,55,135,307.5,383.67
F,19,78.95,145,62.5,170,377.5,358.06
F,19,99.7,165,67.5,167.5,400,341.74
F,19,51.55,115,67.5,125,307.5,377.09
F,18,42,85,50,112.5,247.5,353.45
F,24.5,55.8,145,80,190.5,415.5,482.76
F,35.5,56.2,117.5,80,155,352.5,407.63
F,38.5,69.85,182.5,110,243,535.5,542.18
F,43,63.15,137.5,144,190,471.5,506.37
F,24.5,70.95,155,80,170,405,406.49
F,27.5,71.25,165,72.5,157.5,395,395.53
F,23.5,72.2,130,82.5,125,337.5,335.51
F,42.5,136.55,150,90,180,420,327.12
M,41.5,73.35,230,152.5,285,667.5,485.83
M,25.5,104.45,277.5,185,275,737.5,445.73
M,22.5,102.1,240,152.5,265,657.5,401.13
M,23.5,118.95,290,205,312.5,807.5,465.12
M,28.5,108.3,242.5,167.5,305,715,425.99
M,27.5,117.95,250,172.5,245,667.5,385.58
M,23.5,164,315,180,365,860,451.72
M,26.5,90,312.5,167.5,295,775,501.12
M,35,58.63,225,165,274,664,571.3
M,34.5,58.83,225,142.5,235,602.5,516.91
M,36.5,58.52,212.5,135,222.5,570,491.2
M,35,58.96,227.5,107.5,225,560,479.56
M,39.5,58.75,210,152.5,195,557.5,478.85
M,37.5,58.64,180,135,215,530,455.94
M,20.5,58.94,170,97.5,260,527.5,451.86
M,26.5,57.6,180,112.5,215,507.5,443.26
M,29.5,58.53,147.5,112.5,217.5,477.5,411.43
M,22.5,65.89,253,167.5,267.5,688,539.73
M,28.5,65.99,247.5,157.5,265,670,525.02
M,39.5,65.43,222.5,155,280,657.5,518.51
M,43,65.61,220,137.5,297.5,655,515.48
M,26.5,65.93,245,152.5,252.5,650,509.69
M,35.5,65.66,235,160,250,645,507.32
M,26.5,65.84,220,167.5,247.5,635,498.44
M,30.5,65.88,230,150,250,630,494.29
M,28.5,65.8,215,157.5,230,602.5,473.14
M,28,65.46,205,132.5,252.5,590,465.12
M,27,65,205,137.5,237.5,580,459.66
M,29.5,73.78,275.5,190,292.5,758,549.59
M,24.5,73.48,255,170,287.5,712.5,517.98
M,26.5,73.53,276,152.5,272.5,701,509.39
M,30,73.34,235,162.5,280,677.5,493.15
M,39.5,73.85,232.5,162.5,282.5,677.5,490.92
M,32.5,72.63,240,142.5,285,667.5,489
M,24.5,73.35,235,140,292.5,667.5,485.83
M,35.5,73.35,242.5,165,252.5,660,480.37
M,20.5,73.88,230,140,285,655,474.49
M,25.5,73.97,250,137.5,267.5,655,474.12
M,24.5,73.87,235,155,245,635,460.04
M,24.5,73.69,220,145,262.5,627.5,455.33
M,28.5,72.45,205,120,287.5,612.5,449.45
M,25,73.39,225,132.5,247.5,605,440.18
M,35,73.43,255,110,240,605,440.02
M,26.5,73.6,192.5,135,262.5,590,428.46
M,29,72.97,210,132.5,200,542.5,396.2
M,27,82.62,299,214,317.5,830.5,562.11
M,23.5,82.77,298.5,190,295,783.5,529.76
M,25.5,82.49,277.5,214.5,285,777,526.37
M,34.5,82.07,287.5,182.5,305,775,526.54
M,35.5,82.62,265,185,317.5,767.5,519.47
M,30,82.71,255,140,302.5,697.5,471.8
M,26.5,81.43,252.5,142.5,292.5,687.5,469.19
M,29,79.31,252.5,152.5,280,685,474.77
M,29.5,82.17,225,180,265,670,454.89
M,29.5,82.37,235,165,252.5,652.5,442.39
M,25,82.74,235,152.5,260,647.5,437.89
M,39.5,92.96,282.5,217.5,320,820,521.83
M,30.5,92.57,330,177.5,305,812.5,518.11
M,34.5,92.64,287.5,180,322.5,790,503.58
M,29.5,91.66,265,187.5,322.5,775,496.58
M,26.5,92.22,275,202.5,292.5,770,491.91
M,33.5,91.86,262.5,172.5,325,760,486.45
M,25.5,91.86,262.5,180,285,727.5,465.65
M,30,91.38,250,165,305,720,462.04
M,25.5,92.93,242.5,135,240,617.5,393.03
M,31,103.2,312.5,225.5,337.5,875.5,531.75
M,30,104.04,320,226,325,871,527.26
M,28,102,297.5,200,365,862.5,526.42
M,30,104.5,295,182.5,360,837.5,506.07
M,26,102.06,300,226.5,290,816.5,498.22
M,23.5,104.71,327.5,175,305,807.5,487.54
M,32.5,104.46,295,217.5,292.5,805,486.51
M,30,103.38,282.5,150,340,772.5,468.85
M,29,104.15,270,167.5,317.5,755,456.84
M,31.5,103.64,270,152.5,260,682.5,413.8
M,29,97.2,227.5,152.5,265,645,402.02
M,27.5,118.85,317.5,230,352.5,900,518.55
M,24.5,119.75,340,220,340,900,517.23
M,30.5,118.98,310,250,320,880,506.84
M,28.5,117.6,305,212.5,342.5,860,497.28
M,25,119.85,330,202.5,310,842.5,484.05
M,26,117.29,307.5,192.5,325,825,477.48
M,33.5,113.64,295,212.5,315,822.5,481.34
M,30,117.47,300,195,320,815,471.44
M,26.5,111.89,287.5,180,345,812.5,478.18
M,34,115.71,302.5,185,322.5,810,471
M,36,117.45,275,212.5,315,802.5,464.24
M,23,118.28,277.5,175,320,772.5,445.81
M,26.5,113.07,270,175,325,770,451.44
M,35,113.31,270,182.5,302.5,755,442.3
M,27.5,119.22,282.5,180,282.5,745,428.79
M,31.5,118.84,285,135,317.5,737.5,424.93
M,34.5,118.3,155,180,300,635,366.44
M,31,189.2,442.5,242.5,398.5,1083.5,548.93
M,31.5,172.5,410,265,310,985,510.67
M,29.5,183.05,335,235,347.5,917.5,468.59
M,31,154.52,342.5,281.5,280,904,482.3
M,28,155.7,347.5,230,320,897.5,477.87
M,35.5,141.8,350,225,320,895,488.73
M,24.5,162.56,325,205,365,895,471.19
M,24,140.61,330,220,320,870,476.2
M,17.5,52.96,145,72.5,157.5,375,353.05
M,17,56.73,160,110,185,455,402.66
M,18,58.99,160,115,172.5,447.5,383.06
M,16.5,58.63,152.5,92.5,187.5,432.5,372.12
M,17.5,58.03,142.5,110,172.5,425,368.86
M,17.5,58.91,170,77.5,175,422.5,362.07
M,17,58.75,115,80,190,385,330.68
M,17.5,65.98,200,107.5,232.5,540,423.2
M,17.5,65.25,187.5,142.5,187.5,517.5,408.95
M,16.5,65.61,182.5,107.5,215,505,397.43
M,17.5,65.08,167.5,107.5,195,470,372.14
M,17.5,65.09,157.5,100,165,422.5,334.49
M,17.5,63.99,157.5,90,160,407.5,326.82
M,17.5,73.33,212.5,137.5,255,605,440.42
M,17,73.31,205,140,237.5,582.5,424.11
M,17.5,73.68,205,150,227.5,582.5,422.72
M,17.5,73.21,195,130,200,525,382.59
M,18,70.53,165,125,202.5,492.5,368.02
M,17.5,66.72,180,112.5,197.5,490,380.87
M,17.5,73.07,170,100,217.5,487.5,355.71
M,17.5,81.51,267.5,166,242.5,676,461.08
M,17,81.84,250,137.5,260,647.5,440.62
M,16.5,81.5,217.5,137.5,271.5,626.5,427.35
M,18,80.48,212.5,125,272,609.5,418.8
M,17.5,81.97,222.5,145,230,597.5,406.23
M,17.5,82.05,220,117.5,230,567.5,385.62
M,16.5,82.7,200,142.5,222.5,565,382.2
M,17.5,81.83,210,130,220,560,381.11
M,17.5,81.14,192.5,130,210,532.5,364.16
M,16.5,78.99,185,127.5,185,497.5,345.65
M,18,92.82,260,152.5,270,682.5,434.65
M,16.5,86.7,232.5,162.5,235,630,415.3
M,18,89.84,212.5,145,265,622.5,402.87
M,16.5,84.47,235,137.5,247.5,620,414.49
M,17.5,91.84,212.5,157.5,250,620,396.88
M,16.5,85.95,230,130,252.5,612.5,405.64
M,17.5,87.9,220,142.5,237.5,600,392.68
M,17,88.73,212.5,152.5,217.5,582.5,379.38
M,17.5,83.49,190,130,210,530,356.62
M,18,104.94,285,175,323.5,783.5,472.63
M,17.5,102.43,245,172.5,242.5,660,402.11
M,17.5,103.3,160,125,205,490,297.49
M,16.5,110.03,232.5,150,252.5,635,376.05
M,16.5,112.3,232.5,145,210,587.5,345.3
M,16,115.22,215,117.5,212.5,545,317.38
M,17.5,124.5,242.5,160,272.5,675,383.05
M,17.5,133.45,207.5,120,240,567.5,315.3
M,22,52.92,170,117.5,271.5,559,526.65
M,21.5,51.99,145,110,202.5,457.5,438.27
M,19,52.75,160,95,185,440,415.78
M,18.5,58.59,212.5,117.5,227.5,557.5,479.94
M,22.5,58.79,195,120,241.5,556.5,477.71
M,21.5,58.55,190,127.5,195,512.5,441.46
M,20.5,58.05,190,105,200,495,429.49
M,23,58.92,145,112.5,207.5,465,398.43
M,23,65.8,227.5,205.5,240,673,528.5
M,22.5,65.9,232.5,162.5,270,665,521.63
M,22.5,65.12,215,137.5,285.5,638,504.92
M,23,65.92,210,135,265,610,478.38
M,20.5,65.44,217.5,130,252.5,600,473.11
M,22.5,65.63,192.5,135,237.5,565,444.55
M,21.5,65.44,175,110,212.5,497.5,392.29
M,22,73.9,255,175,305,735,532.35
M,22,73.93,263.5,177.5,257.5,698.5,505.78
M,21,73.7,257.5,140,290.5,688,499.19
M,22.5,73.86,217.5,142.5,272.5,632.5,458.27
M,22,73.08,227.5,127.5,275,630,459.65
M,19.5,73.84,237.5,132.5,260,630,456.54
M,21.5,73.55,240,125,240,605,439.55
M,22.5,72.85,225,125,250,600,438.67
M,21,71.62,205,142.5,240,587.5,434.45
M,20.5,73.73,220,140,215,575,417.09
M,20.5,71.08,210,125,207.5,542.5,403.24
M,22.5,73.01,170,127.5,237.5,535,390.58
M,22,82.47,285,172.5,300,757.5,513.23
M,23,82.62,255,177.5,287.5,720,487.32
M,20.5,81.33,230,162.5,315.5,708,483.53
M,21.5,82.44,255,165,280,700,474.37
M,20.5,82.15,235,137.5,292.5,665,451.56
M,22.5,80.89,232.5,177.5,245,655,448.74
M,22.5,82.51,200,140,300,640,433.5
M,19,82.47,215,145,240,600,406.52
M,18.5,82.96,202.5,102.5,230,535,361.27
M,20.5,82.07,180,100,222.5,502.5,341.4
M,22.5,91.08,300,200,330,830,533.49
M,22.5,91.82,245,180,300,725,464.15
M,21.5,91.31,280,150,290,720,462.21
M,20.5,89.74,247.5,152.5,310,710,459.76
M,19.5,91.52,250,182.5,270,702.5,450.47
M,22.5,92.42,250,165,275,690,440.34
M,20.5,92.24,225,175,265,665,424.79
M,20.5,92.52,255,147.5,260,662.5,422.57
M,22.5,91.38,220,142.5,282.5,645,413.91
M,22,88.5,230,150,250,630,410.86
M,21.5,92.5,200,147.5,235,582.5,371.58
M,22,104.7,330,213.5,340,883.5,533.45
M,22,104.86,310,202.5,325,837.5,505.37
M,21.5,104.5,312.5,197.5,305,815,492.47
M,19.5,104.02,317.5,177.5,305,800,484.32
M,21.5,103.28,262.5,207.5,302.5,772.5,469.04
M,22.5,104.42,275,160,290,725,438.23
M,20.5,104.26,262.5,165,290,717.5,433.96
M,22,96.33,235,202.5,255,692.5,433.4
M,20,103.47,252.5,147.5,280,680,412.57
M,21.5,95.21,220,122.5,260,602.5,379.11
M,22.5,119.76,352.5,197.5,340,890,511.47
M,21.5,119.45,322.5,207.5,322.5,852.5,490.35
M,21.5,119.53,320,192.5,340,852.5,490.24
M,22,119.43,317.5,235,297.5,850,488.94
M,21.5,115.57,297.5,205,310,812.5,472.66
M,19,119.11,305,185,280,770,443.32
M,22,118.2,282.5,170,310,762.5,440.14
M,21,113.05,275,190,295,760,445.6
M,22.5,119.78,280,167.5,310,757.5,435.3
M,22.5,118.82,260,190,290,740,426.4
M,21.5,114.98,265,165,250,680,396.29
M,20,139.52,380,210,370,960,526.61
M,19,173.15,425.5,207.5,287.5,920.5,476.77
M,21.5,142.91,340,227.5,320,887.5,483.59
M,21.5,139.77,327.5,192.5,330,850,466.03
M,41.5,58.57,185,140,200,525,452.1
M,43,58.35,152.5,100,177.5,430,371.46
M,41.5,65.67,195,135,270.5,600.5,472.26
M,47.5,65.53,195,135,255,585,460.81
M,43.5,65.7,205,130,235,570,448.12
M,46,65.1,165,127.5,232.5,525,415.59
M,47.5,65.7,177.5,132.5,215,525,412.75
M,47.5,65.02,167.5,145,210,522.5,413.99
M,42.5,65.18,180,115,225,520,411.25
M,43.5,65.84,162.5,87.5,237.5,487.5,382.66
M,45.5,73.77,220,152.5,245,617.5,447.76
M,40.5,73.36,220,135,250,605,440.3
M,43.5,73.06,205,127.5,250,582.5,425.07
M,39.5,73.66,212.5,130,237.5,580,420.98
M,47.5,73.32,192.5,115,262.5,570,414.98
M,43.5,73.32,195,125,235,555,404.06
M,47.5,73.9,190,122.5,232.5,545,394.74
M,39.5,82.75,227.5,165,290,682.5,461.53
M,41.5,82.32,250,160,255,665,451.02
M,42.5,82.65,225,147.5,282.5,655,443.24
M,43.5,80.7,232.5,142.5,257.5,632.5,433.92
M,39.5,81.96,220,147.5,250,617.5,419.86
M,40.5,80.65,205,150,257.5,612.5,420.35
M,42.5,81.14,230,160,215,605,413.74
M,47,79.2,190,142.5,245,577.5,400.59
M,49,77.2,135,107.5,172.5,415,292.38
M,42.5,91.09,270,172.5,287.5,730,469.19
M,40.5,92.2,267.5,192.5,270,730,466.41
M,47.5,92.47,257.5,165,272.5,695,443.42
M,41.5,92.26,220,160,242.5,622.5,397.6
M,44.5,92.46,220,135,230,585,373.25
M,39,103.25,280,187.5,295,762.5,463.03
M,45,104.24,285,170,285,740,447.61
M,40.5,104.74,265,192.5,265,722.5,436.17
M,41,99.13,230,102.5,285,617.5,381.53
M,44.5,101.12,220,182.5,212.5,615,376.74
M,41,118.39,285,205,360,850,490.38
M,42.5,119.3,287.5,210,307.5,805,463.22
M,40.5,118.45,290,217.5,295,802.5,462.9
M,45.5,117.09,285,190,305,780,451.7
M,45.5,120,290,185,287.5,762.5,437.91
M,47,117.04,240,167.5,250,657.5,380.81
M,43.5,105.01,220,157.5,260,637.5,384.46
M,44,117.15,230,160,242.5,632.5,366.22
M,40.5,143.46,330,281,312.5,923.5,502.67
M,43.5,178.11,310,247.5,322.5,880,452.53
M,40.5,143.15,310,235,292.5,837.5,456.13
M,45,133.25,275,210,270,755,419.66
M,43,142.15,190,130,200,520,283.76
M,57,58.34,145,80,190,415,358.56
M,53.5,58.43,140,112.5,150,402.5,347.31
M,57.5,58.78,127.5,105,160,392.5,336.98
M,53.5,57.21,110,72.5,162.5,345,303.1
M,52.5,56.43,100,75,120,295,262.28
M,52.5,64.78,165,112.5,227.5,505,401.25
M,49.5,64.22,165,107.5,192.5,465,371.91
M,55,64.95,145,100,192.5,437.5,346.93
M,53,73.57,210,127.5,245,582.5,423.13
M,51,73.95,200,152.5,227.5,580,419.9
M,51.5,73.12,215,120,235,570,415.72
M,54,73.72,202.5,130,227.5,560,406.25
M,51,71.15,197.5,127.5,212.5,537.5,399.25
M,51.5,73.15,190,117.5,220,527.5,384.62
M,50.5,72.17,175,112.5,227.5,515,378.88
M,57.5,73.78,155,90,195,440,319.02
M,53,82.2,215,176,260,651,441.9
M,54.5,82.5,230,145,262.5,637.5,431.84
M,50.5,81.25,220,125,235,580,396.33
M,51.5,82.76,210,140,217.5,567.5,383.74
M,57.5,82.16,187.5,132.5,215,535,363.26
M,55.5,81.63,190,130,195,515,350.97
M,51.5,81.21,160,150,190,500,341.76
M,49.5,92.72,215,177.5,230,622.5,396.64
M,49.5,92.3,205,152.5,225,582.5,371.97
M,49.5,104.61,270,167.5,287.5,725,437.9
M,52.5,104.82,230,160,295.5,685.5,413.71
M,50.5,104.77,240,160,260,660,398.4
M,54.5,101.24,105,160,75,340,208.17
M,50,117.86,260,182.5,300,742.5,429.02
M,50.5,113.2,242.5,207.5,265,715,419.02
M,55.5,114.29,270,170,265,705,411.74
M,49.5,118.34,252.5,165,265,682.5,393.8
M,52.5,115.11,227.5,172.5,262.5,662.5,385.94
M,54,119.53,220,162.5,270,652.5,375.23
M,54.5,107.02,215,155,230,600,359.13
M,58.5,114.83,180,137.5,187.5,505,294.44
M,52,167.89,305,215.5,320,840.5,438.8
M,50.5,132.65,280,185,300,765,425.78
M,49.5,125.67,215,180,292.5,687.5,388.99
M,54.5,123.97,255,170,260,685,389.25
M,54.5,123.26,200,150,220,570,324.5
M,60.5,58.53,140.5,92.5,182.5,415.5,358.01
M,61.5,57.84,135,72.5,177.5,385,335.08
M,65.5,57.52,120,80,160,360,314.81
M,59.5,65.19,185.5,97.5,182.5,465.5,368.11
M,61.5,65.96,160,60,180,400,313.55
M,61.5,63.38,125,85,155,365,294.9
M,66.5,64.92,115,62.5,172.5,350,277.64
M,62.5,72.41,206.5,85,235,526.5,386.49
M,59.5,71.5,162.5,80,220,462.5,342.4
M,59.5,73.25,180,95,180,455,331.46
M,65.5,72.76,150,105,190,445,325.61
M,59.5,72.54,142.5,105,160,407.5,298.78
M,66.5,82.53,177.5,120,247.5,545,369.1
M,59.5,81.58,187.5,122.5,207.5,517.5,352.8
M,67,82.06,192.5,107.5,217.5,517.5,351.62
M,60.5,80.38,145,102.5,192.5,440,302.56
M,60,81.22,125,80,140,345,235.8
M,67.5,77.64,110,65,120,295,207.11
M,60,92.15,230,130,260,620,396.23
M,63.5,92.56,220,132.5,227.5,580,369.87
M,60.5,83.16,130,77.5,142.5,350,236.03
M,59.5,93.09,237.5,140,260,637.5,405.42
M,60.5,100.79,200,160,265,625,383.4
M,63.5,102.98,215,130,242.5,587.5,357.14
M,60.5,104.61,215,137.5,225,577.5,348.81
M,61,99.15,212.5,132.5,205,550,339.79
M,62,104.49,187.5,125,235,547.5,330.85
M,66,99.49,182.5,150,205,537.5,331.58
M,63,101.98,205,115,200,520,317.4
M,68.5,99.63,190,110,190,490,302.09
M,59.5,118.53,233,152.5,280,665.5,383.79
M,66.5,110.79,232.5,135,272.5,640,378.04
M,60.5,118.47,215,135,212.5,562.5,324.44
M,63.5,118.59,175,150,220,545,314.24
M,63,124.93,228,127.5,240,595.5,337.56
M,62.5,131.75,200,167.5,200,567.5,316.5
M,60.5,121.22,202.5,25,150,377.5,216.08
M,69.5,91.43,172.5,105,205,482.5,309.55
M,69.5,88.18,140,140,160,440,287.49
M,69.5,97.38,160,150.5,205,515.5,321.04
F,28.5,46.85,127.5,75,160,362.5,476.2
F,35.5,46.99,120,92.5,147.5,360,471.88
F,25.5,46.54,125,70,152.5,347.5,458.75
F,23.5,46.67,125,72.5,150,347.5,457.8
F,37,46.87,122.5,67.5,157.5,347.5,456.36
F,27.5,46.16,122.5,67.5,150,340,451.6
F,38,46.55,115,70,150,335,442.18
F,26.5,46.73,107.5,72.5,140,320,421.17
F,31.5,46.61,102.5,70,135,307.5,405.49
F,27.5,46.85,90,60,125,275,361.26
F,25.5,51.87,150,85,195.5,430.5,525.65
F,41,51.85,142.5,97.5,180,420,512.97
F,47.5,51.86,145,100,165,410,500.69
F,37.5,51.86,142.5,82.5,170,395,482.37
F,29.5,51.38,122.5,102.5,162.5,387.5,476.29
F,41.5,51.39,127.5,95,162.5,385,473.16
F,30,51.18,142.5,67.5,165,375,462.19
F,33.5,51.64,135,77.5,160,372.5,456.24
F,23.5,50.65,137.5,77.5,152.5,367.5,456.28
F,38.5,51.74,135,80,150,365,446.45
F,31,51.75,115,67.5,177.5,360,440.28
F,30.5,51.21,117.5,87.5,150,355,437.36
F,36.5,51.69,110,65,137.5,312.5,382.5
F,35.5,50.57,102.5,60,137.5,300,372.89
F,35,56.07,170,95,185,450,521.17
F,26.5,55.92,157.5,95,187.5,440,510.5
F,42,56.45,170,80,167.5,417.5,481.38
F,31.5,56.59,155,80,175,410,471.96
F,24.5,56.68,157.5,87.5,162.5,407.5,468.6
F,32.5,56.4,147.5,77.5,165,390,449.94
F,29.5,56.84,137.5,97.5,155,390,447.64
F,38.5,56.96,150,82.5,157.5,390,447.03
F,39.5,56.05,152.5,60,172.5,385,446
F,25.5,56.22,130,70,177.5,377.5,436.43
F,29.5,57,127.5,80,170,377.5,432.5
F,25.5,55.71,137.5,82.5,142.5,362.5,421.63
F,36.5,56.59,127.5,80,150,357.5,411.53
F,29.5,56.67,130,82.5,142.5,355,408.27
F,27.5,57,105,57.5,130,292.5,335.12
F,44,61.98,147.5,142.5,202.5,492.5,535.01
F,27.5,62.7,162.5,105,221.5,489,527.46
F,29.5,61.14,183.5,107.5,190,481,526.96
F,27.5,62.37,170,92.5,202.5,465,503.2
F,41.5,62.74,175,90,192.5,457.5,493.29
F,27.5,61.55,160,85,190,435,474.59
F,25.5,61.82,157.5,85,180,422.5,459.7
F,34.5,62,155,97.5,170,422.5,458.88
F,29.5,62.3,147.5,85,170,402.5,435.86
F,31.5,62.93,155,85,162.5,402.5,433.19
F,43.5,62.16,150,70,175,395,428.33
F,29,59.89,135,80,170,385,427.28
F,36,62.16,135,85,145,365,395.8
F,40.5,62.39,132.5,70,142.5,345,373.27
F,38.5,61.77,130,65,132.5,327.5,356.52
F,32.5,70.16,195,130,200,525,530.23
F,29.5,71.62,182.5,125,200,507.5,506.74
F,29.5,71.81,190,120,187.5,497.5,496.03
F,24.5,70.46,185,102.5,200,487.5,491.19
F,26.5,70.94,172.5,117.5,192.5,482.5,484.32
F,25,67.06,172.5,90,195,457.5,474.11
F,31,71.55,167.5,105,172.5,445,444.57
F,25.5,70.97,165,70,202.5,437.5,439.04
F,58,71.12,157.5,97.5,180,435,436.03
F,49.5,69.61,135,95,197.5,427.5,433.67
F,25.5,70.85,145,80,180,405,406.81
F,25.5,71.31,152.5,80,160,392.5,392.85
F,29,68.69,160,80,145,385,393.51
F,23.5,71.23,135,60,175,370,370.56
F,19,83.29,213,127.5,230.5,571,527.54
F,26.5,79.93,205,105,222.5,532.5,501.97
F,44.5,83.42,195,135,202.5,532.5,491.6
F,22.5,81.36,192.5,110,222.5,525,490.58
F,34,81.96,165,125,190,480,446.92
F,26,81.89,172.5,100,205,477.5,444.78
F,34.5,81.92,172.5,87.5,215,475,442.37
F,25.5,80.85,160,85,202.5,447.5,419.45
F,27.5,78.79,162.5,87.5,195,445,422.52
F,24.5,82.26,162.5,87.5,182.5,432.5,401.98
F,30,74.16,160,82.5,182.5,425,416.42
F,29.5,81.97,167.5,87.5,165,420,391.03
F,36,82.37,145,92.5,170,407.5,378.5
F,29,132.7,273,151.5,247,671.5,525.78
F,28.5,130.78,230,127.5,240,597.5,469.25
F,25.5,131.51,235,122.5,225,582.5,456.94
F,29.5,110.76,210,105,230,545,448.21
F,25.5,121.66,230,122.5,190,542.5,433.63
F,29.5,125.48,232.5,115,180,527.5,418.26
F,33.5,110.36,165,87.5,155,407.5,335.54
F,40,116.18,160,70,170,400,324
F,16.5,41.65,100.5,61,110,271.5,390.3
F,18,43,90,50,117.5,257.5,361.02
F,17.5,42.63,75,50,130,255,359.93
F,17.5,46.51,102.5,47.5,127.5,277.5,366.52
F,16.5,51.89,125,70,135,330,402.83
F,17.5,51.44,125,75,125,325,399.15
F,17.5,51.1,117.5,62.5,140,320,394.84
F,16.5,51.32,102.5,60,132.5,295,362.89
F,16.5,51.77,95,57.5,125,277.5,339.29
F,17.5,50.93,97.5,52.5,120,270,333.93
F,16.5,50.21,95,45,122.5,262.5,327.94
F,17.5,55.84,137.5,95,157.5,390,452.91
F,17.5,56.42,127.5,72.5,132.5,332.5,383.51
F,17.5,55.06,110,75,135,320,375.12
F,17.5,56.87,112.5,55,120,287.5,329.88
F,16.5,56.96,92.5,55,120,267.5,306.61
F,16.5,55.11,80,47.5,100,227.5,266.53
F,17.5,62.21,130,77.5,170,377.5,409.15
F,18,60.25,142.5,82.5,142.5,367.5,406.32
F,17.5,60.22,130,87.5,130,347.5,384.33
F,17.5,62.97,125,65,130,320,344.26
F,16.5,62.22,107.5,60,145,312.5,338.67
F,17.5,67.15,157.5,87.5,185,430,445.27
F,17.5,66.21,160,85,177.5,422.5,441.11
F,17.5,71.02,145,82.5,170,397.5,398.75
F,17.5,70.23,137.5,72.5,162.5,372.5,376
F,17.5,69.59,145,70,147.5,362.5,367.79
F,16.5,70.19,97.5,62.5,127.5,287.5,290.3
F,17.5,64.53,92.5,52.5,132.5,277.5,294.17
F,17.5,82.24,150,82.5,196,428.5,398.31
F,16.5,81.34,147.5,77.5,185,410,383.17
F,17.5,80.65,155,75,172.5,402.5,377.74
F,17.5,80.89,120,77.5,172.5,370,346.73
F,17.5,78.99,140,70,155,365,346.12
F,18.5,42.32,92.5,55,115,262.5,372.64
F,21.5,46.28,112.5,83,142.5,338,448.08
F,19.5,46.59,117.5,62.5,132.5,312.5,412.22
F,22.5,46.14,105,75,130,310,411.89
F,22.5,46.64,117.5,65,115,297.5,392.12
F,22.5,46.11,100,65,122.5,287.5,382.18
F,22.5,46.84,85,60,122.5,267.5,351.46
F,19.5,46.96,90,52.5,107.5,250,327.85
F,22,51.8,140.5,85,160,385.5,471.15
F,22.5,51.14,132.5,77.5,162.5,372.5,459.36
F,18.5,51.8,140,60,145,345,421.65
F,21.5,51.94,125,77.5,140,342.5,417.81
F,20.5,51.49,125,60,140,325,398.87
F,22.5,51.12,117.5,67.5,127.5,312.5,385.48
F,22.5,51.47,112.5,70,130,312.5,383.64
F,21.5,51.48,112.5,55,135,302.5,371.31
F,19,51.53,107.5,57.5,125,290,355.73
F,22.5,55,147.5,75,172.5,395,463.38
F,22.5,56.99,140,90,162.5,392.5,449.74
F,22.5,56.56,135,80,160,375,431.83
F,23,54.76,125,62.5,177,364.5,428.86
F,20.5,55.37,135,75,152.5,362.5,423.35
F,22.5,56.77,127.5,80,147.5,355,407.8
F,22.5,56.9,132.5,85,130,347.5,398.59
F,20.5,54.32,115,57.5,160,332.5,393.34
F,20.5,56.49,105,80,137.5,322.5,371.67
F,21.5,56.56,110,65,135,310,356.98
F,18.5,56.6,110,60,130,300,345.3
F,21.5,61.61,157.5,77.5,190,425,463.4
F,21,61.78,142.5,90,182.5,415,451.72
F,22.5,62.84,160,77.5,177.5,415,447.03
F,22.5,62.1,140,72.5,182.5,395,428.59
F,23,62.25,137.5,85,172.5,395,427.95
F,20.5,62.39,140,77.5,177.5,395,427.36
F,21.5,62.9,140,92.5,160,392.5,422.55
F,20.5,62.93,140,90,157.5,387.5,417.04
F,22.5,62.42,122.5,87.5,170,380,411.01
F,22.5,62.07,125,65,160,350,379.87
F,23,62.53,135,72.5,140,347.5,375.45
F,22.5,62.35,115,57.5,142.5,315,340.94
F,23,71.68,181.5,95,227.5,504,503.01
F,19,71.1,177.5,107.5,187.5,472.5,473.69
F,18,71.11,155,115,185,455,456.11
F,18.5,69.52,142.5,87.5,175,405,411.15
F,19.5,71.58,147.5,77.5,180,405,404.51
F,21.5,69.88,135,75,190,400,404.89
F,19,68.18,145,90,162.5,397.5,408.02
F,20,71.84,160,85,152.5,397.5,396.23
F,20.5,68.19,137.5,70,170,377.5,387.46
F,18.5,70.57,140,95,142.5,377.5,380.02
F,22.5,82.57,177.5,107.5,210,495,459.24
F,22.5,76.85,165,100,185,450,432.74
F,22.5,83.65,157.5,100,185,442.5,407.98
F,21.5,83.63,160,85,190,435,401.11
F,22.5,83.78,167.5,97.5,167.5,432.5,398.46
F,22.5,73.59,152.5,75,172.5,400,393.55
F,18.5,150.15,227.5,95,227.5,550,423.92
F,22,110.07,187.5,95,180,462.5,381.16
F,20,97.23,147.5,77.5,162.5,387.5,334.37
F,21.5,89.03,150,57.5,177.5,385,344.89
F,20.5,89.58,147.5,70,145,362.5,323.85
F,39.5,46.8,95,67.5,142.5,305,400.99
F,42,46.73,110,62.5,130,302.5,398.14
F,45.5,50.31,125,65,157.5,347.5,433.51
F,41.5,51.3,135,70,142.5,347.5,427.59
F,47.5,50.76,102.5,65,160,327.5,406
F,41.5,51.68,110,77.5,130,317.5,388.67
F,40,51.04,92.5,67.5,150,310,382.81
F,45.5,51.24,100,62.5,140,302.5,372.53
F,43.5,49.98,60,37.5,112.5,210,263.21
F,43,55.33,120,75,187.5,382.5,446.92
F,39.5,56.96,135,87.5,140,362.5,415.51
F,41.5,56.27,130,87.5,142.5,360,415.96
F,46.5,56.75,122.5,75,145,342.5,393.53
F,43.5,62.21,147.5,75,195,417.5,452.51
F,39,61.51,135,90,185,410,447.49
F,47.5,61.37,142.5,82.5,162.5,387.5,423.53
F,42.5,62.39,130,90,152.5,372.5,403.02
F,46.5,62.29,125,65,157.5,347.5,376.34
F,42.5,62.57,120,72.5,155,347.5,375.31
F,41.5,62.64,130,72.5,140,342.5,369.65
F,43.5,61.93,122.5,62.5,150,335,364.1
F,39,61.75,100,70,120,290,315.76
F,43.5,58.46,85,80,115,280,315.58
F,39,61.1,85,50,127.5,262.5,287.7
F,43.5,70.33,165,90,185,440,443.78
F,42.5,71.29,155,82.5,180,417.5,417.93
F,43.5,69.37,147.5,87.5,170,405,411.65
F,39.5,69.55,157.5,95,150,402.5,408.51
F,40.5,71.47,137.5,82.5,150,370,369.87
F,41,69.91,130,57.5,132.5,320,323.84
F,41.5,69.21,85,47.5,150,282.5,287.51
F,47,83.83,200,112.5,197.5,510,469.73
F,41,81.38,182.5,92.5,175,450,420.45
F,40.5,83.54,157.5,95,187.5,440,405.93
F,44.5,83.21,147.5,85,165,397.5,367.41
F,44,82.33,140,72.5,180,392.5,364.66
F,44.5,83.12,137.5,95,160,392.5,362.98
F,39.5,80.95,142.5,60,145,347.5,325.52
F,41,81.34,130,70,142.5,342.5,320.08
F,39.5,80.25,125,75,140,340,319.87
F,43,78.15,100,57.5,130,287.5,274.11
F,40,93.55,195,107.5,195,497.5,436.18
F,41.5,114.37,172.5,92.5,212.5,477.5,388.65
F,48,123.36,187.5,92.5,190,470,374.29
F,39,97.47,190,82.5,185,457.5,394.38
F,51,46.95,97.5,65,120,282.5,370.53
F,51.5,46.49,102.5,45,117.5,265,350.12
F,53.5,46.38,95,57.5,110,262.5,347.43
F,55.5,46.04,85,55,110,250,332.71
F,49,51.12,152.5,80.5,158,391,482.31
F,54.5,51.34,107.5,62.5,130,300,368.94
F,51.5,51.93,82.5,45,125,252.5,308.06
F,51,51.06,102.5,50,95,247.5,305.55
F,55.5,53.11,112.5,72.5,160,345,414.43
F,53.5,56.39,125.5,72.5,137.5,335.5,387.11
F,49.5,55.39,115,65,140,320,373.63
F,52.5,55.65,90,55,115,260,302.63
F,54,62.73,130,95.5,150,375.5,404.92
F,51.5,61.57,110,72.5,170,352.5,384.5
F,50,62.11,97.5,72.5,160,330,358.02
F,52,62.55,112.5,62.5,145,320,345.67
F,58,62.25,100,75,135,310,335.86
F,55.5,60,102.5,52.5,127.5,282.5,313.16
F,56.5,61.75,95,47.5,122.5,265,288.54
F,49.5,70.37,140,90,177.5,407.5,410.87
F,51,70.18,150,90,155,395,398.87
F,51,68.4,122.5,72.5,170,365,373.97
F,51.5,69.58,110,80,170,360,365.28
F,50.5,68,120,60,142.5,322.5,331.54
F,49.5,70.62,97.5,55,130,282.5,284.28
F,52.5,81.75,147.5,80,175,402.5,375.23
F,53,78.51,145,80,170,395,375.72
F,50.5,77.82,130,77.5,177.5,385,367.86
F,52,81.67,132.5,72.5,155,360,335.77
F,53,78.45,132.5,70,147.5,350,333.05
F,56.5,83.18,115,60,130,305,281.96
F,50.5,94.05,177.5,105,182.5,465,406.77
F,50.5,107.7,165,107.5,175,447.5,371.56
F,52.5,113.34,165,92.5,177.5,435,355.08
F,50,117.31,147.5,77.5,190,415,335.18
F,50,89.85,142.5,77.5,155,375,334.57
F,50,98.11,110,70,130,310,266.53
F,63.5,43.81,72.5,40,112.5,225,310.94
F,61.5,46.22,70,37.5,100,207.5,275.34
F,63.5,51.99,115.5,57.5,135,308,375.47
F,63.5,50.68,100,60,115,275,341.29
F,64.5,48.51,87.5,60,105,252.5,323.34
F,61.5,56.22,105,55,152.5,312.5,361.29
F,59.5,54.03,87.5,68.5,130,286,339.56
F,67.5,55.35,85,47.5,115,247.5,289.12
F,62.5,55.75,70,55,120,245,284.83
F,59.5,61.8,102.5,73,135.5,311,338.45
F,59.5,61.72,110,65,125,300,326.74
F,66.5,60.53,95,45,132.5,272.5,300.41
F,62.5,60.77,95,47.5,130,272.5,299.67
F,63.5,69.65,110,52.5,142.5,305,309.3
F,60.5,71.79,97.5,60,107.5,265,264.26
F,62.5,67.12,70,37.5,102.5,210,217.51
F,62.5,81.91,110,67.5,152.5,330,307.35
F,60.5,81.36,105,67.5,137.5,310,289.68
F,67,74.78,105,52.5,140,297.5,290.21
F,61.5,82.3,115,52.5,130,297.5,276.44
F,60,77.71,97.5,55,137.5,290,277.29
F,60.5,102.14,115,57.5,160.5,333,281.87
F,63.5,91.29,122.5,60,147.5,330,292.37
F,63,92.89,90,65,127.5,282.5,248.43
F,70,45.87,85,40,120,245,326.96
F,70,56.14,70,45,97.5,212.5,245.91
F,69.5,66.31,75,40,107.5,222.5,232.1
M,18,51,147.5,90,150,387.5,378.1
M,17.5,52.55,127.5,70,160,357.5,339.03
M,17.5,52.25,100,85,142.5,327.5,312.26
M,16.5,51.35,110,62.5,140,312.5,302.92
M,18,57.75,162.5,148,175,485.5,423.11
M,17.5,56.55,182.5,97.5,197.5,477.5,423.74
M,17.5,58.8,167.5,82.5,220,470,403.4
M,18,58.15,170,87.5,192.5,450,389.87
M,18,57.35,140,97.5,170,407.5,357.25
M,18,58.15,142.5,77.5,177.5,397.5,344.39
M,16,58.5,140,90,160,390,336.18
M,16.5,57.25,147.5,77.5,155,380,333.64
M,16.5,58.35,127.5,70,182.5,380,328.27
M,17.5,58.3,125,72.5,152.5,350,302.57
M,17.5,65.9,195,127.5,246,568.5,445.94
M,17.5,64.7,187.5,127.5,235,550,437.41
M,16.5,65.65,195,115,230,540,424.78
M,17.5,65.4,200,120,210,530,418.1
M,17,65.6,170,107.5,190,467.5,367.96
M,18,64.45,145,105,190,440,350.96
M,17.5,64.3,145,87.5,162.5,395,315.62
M,17.5,72.55,240,157.5,250,647.5,474.7
M,18,73.7,227.5,125,260,612.5,444.41
M,17.5,72.6,225,145,240,610,447
M,17,72.4,200,132.5,272,604.5,443.78
M,17.5,73.35,215,132.5,230,577.5,420.32
M,16.5,68.7,205,105,237.5,547.5,416.7
M,17.5,73.65,170,100,220,490,355.69
M,17.5,73.85,185,95,207.5,487.5,353.25
M,16.5,71.5,180,112.5,192.5,485,359.06
M,17.5,73.8,160,110,210,480,347.96
M,17,69.55,170,92.5,182.5,445,335.77
M,17.5,80.9,245,155,240,640,438.43
M,17.5,80.6,220,150,257.5,627.5,430.8
M,17.5,82.8,207.5,145,272.5,625,422.5
M,17.5,82.65,245,110,267.5,622.5,421.24
M,17.5,82.85,217.5,140,252.5,610,412.22
M,16.5,80.9,232.5,115,257.5,605,414.45
M,18,80.6,215,132.5,255,602.5,413.63
M,17.5,82.45,215,120,250,585,396.41
M,17.5,82.3,202.5,137.5,240,580,393.43
M,17.5,82.55,212.5,125,230,567.5,384.29
M,17.5,82.7,207.5,127.5,225,560,378.82
M,17.5,81.45,185,120,245,550,375.3
M,17.5,82.55,207.5,115,227.5,550,372.44
M,18,92.1,282,200.5,292.5,775,495.42
M,16.5,91.75,257.5,172.5,277.5,707.5,453.11
M,16.5,92.7,225,155,285,665,423.77
M,17.5,92.65,230,155,277.5,662.5,422.28
M,17.5,91.8,227.5,122.5,280,630,403.37
M,17.5,91.35,232.5,137.5,250,620,397.93
M,16.5,91.75,240,120,255,615,393.87
M,17.5,91.8,185,120,240,545,348.95
M,17.5,91.2,190,125,215,530,340.44
M,17.5,86.3,180,100,210,490,323.8
M,18,104.75,275,210.5,270,755.5,456.08
M,17,101.95,245,155,330,730,445.64
M,17.5,103.25,262.5,162.5,302.5,727.5,441.77
M,17.5,102.25,250,157.5,250,657.5,400.88
M,18,104.15,225,150,270,645,390.28
M,17.5,102.4,235,147.5,252.5,635,386.93
M,17.5,103.7,227.5,122.5,270,620,375.82
M,16.5,103.95,212.5,105,240,557.5,337.6
M,17.5,104.2,220,132.5,140,492.5,297.95
M,17.5,116.05,255,208,312.5,775.5,450.48
M,17.5,117.35,225,152.5,230,607.5,351.53
M,17.5,111,210,162.5,210,582.5,343.83
M,17,114.85,195,160,222.5,577.5,336.69
M,17.5,110.7,215,90,235,540,319.06
M,17.5,150.5,230,175,245,650,349.23
M,17.5,121.75,217.5,155,260,632.5,361.52
M,17.5,120.3,240,137.5,230,607.5,348.6
M,16.5,121.2,215,152.5,215,582.5,333.43
M,17.5,122.85,185,115,207.5,507.5,289.23
M,22,52.6,180,95,200,475,450.06
M,19.5,51.1,152.5,82.5,175,410,399.3
M,20.5,52.45,157.5,80,172.5,410,389.51
M,23,58.95,215,115,255,585,501.04
M,21.5,58.75,190,147.5,245,582.5,500.32
M,22.5,58.45,190,137.5,237.5,565,487.38
M,20.5,58.5,197.5,120,247.5,565,487.03
M,23,58.5,197.5,140,210,547.5,471.95
M,22.5,58.3,180,127.5,235,542.5,468.99
M,22,58.45,185,120,220,525,452.88
M,21.5,58.5,175,102.5,217.5,495,426.69
M,20.5,58.9,172.5,102.5,215,490,419.97
M,20,58.5,167.5,125,192.5,485,418.07
M,19,57.55,167.5,100,200,467.5,408.63
M,21,58.55,160,115,192.5,467.5,402.7
M,22,65.5,230,147.5,232.5,610,480.66
M,22,64.65,215,132.5,255,602.5,479.44
M,23,65.5,210,142.5,240,592.5,466.87
M,22.5,65.55,215,125,252.5,592.5,466.61
M,21,65.9,207.5,155,230,592.5,464.76
M,21.5,65.95,197.5,152.5,237.5,587.5,460.58
M,20.5,64.6,190,140,252.5,582.5,463.8
M,18.5,65.05,220,132.5,220,572.5,453.45
M,22.5,65.05,190,125,245,560,443.55
M,20.5,65.2,200,122.5,215,537.5,424.99
M,23,65.55,195,117.5,222.5,535,421.33
M,20.5,65.25,160,120,200,480,379.31
M,21,73.55,250,167.5,300,717.5,521.29
M,22.5,73.75,250,155,290,695,504.05
M,22.5,73.6,247.5,147.5,285,680,493.82
M,19.5,73.65,235,162.5,280,677.5,491.79
M,22,73.35,252.5,155,265,672.5,489.47
M,20.5,72.95,245,140,280,665,485.75
M,22.5,73.1,257.5,142.5,250,650,474.15
M,20.5,71.55,240,147.5,260,647.5,479.14
M,20.5,73.25,250,145,252.5,647.5,471.69
M,20,73.45,217.5,160,247.5,625,454.49
M,22.5,73.4,205,162.5,242.5,610,443.78
M,23,73.1,187.5,132.5,270,590,430.39
M,22.5,73.4,205,145,225,575,418.32
M,21.5,73.4,207.5,145,212.5,565,411.04
M,21.5,73.3,202.5,127.5,222.5,552.5,402.31
M,18.5,71.25,185,137.5,207.5,530,393.31
M,23,82.3,292.5,190,315,797.5,540.97
M,22.5,82.55,303,170,312.5,785.5,531.91
M,22,83,280,175,327.5,782.5,528.26
M,23,82.65,262.5,167.5,350,780,527.82
M,19,81.45,270,152.5,297.5,720,491.3
M,22,82.5,280,167.5,272.5,720,487.72
M,20.5,82.5,270,182.5,260,712.5,482.64
M,19,82.35,262.5,180,247.5,690,467.88
M,20.5,82.35,242.5,155,287.5,685,464.49
M,22.5,81.55,240,180,262.5,682.5,465.39
M,22.5,81.95,255,155,272.5,682.5,464.08
M,22,82.55,250,190,242.5,682.5,462.16
M,23,81.2,242.5,165,270,677.5,463.12
M,22,80.2,235,165,265,665,457.88
M,20,81.6,240,157.5,257.5,655,446.48
M,22.5,82.6,237.5,147.5,267.5,652.5,441.7
M,20.5,82.1,230,140,265,635,431.33
M,22,82.4,230,130,267.5,627.5,425.36
M,18.5,80.4,222.5,145,250,617.5,424.55
M,21,81.5,210,132.5,237.5,580,395.63
M,22,91.2,300,200,312.5,812.5,521.9
M,23,92.15,302.5,167.5,337.5,807.5,516.06
M,21,92.5,292.5,197.5,315,805,513.52
M,21.5,92,300,177.5,317.5,795,508.48
M,20,92,270,192.5,285,747.5,478.1
M,21.5,92.55,262.5,180,297.5,740,471.93
M,23,92.4,265,200,270,735,469.11
M,22.5,92.7,275,177.5,277.5,730,465.19
M,21.5,92.65,260,170,297.5,727.5,463.71
M,21.5,91.75,270,165,285,720,461.12
M,22.5,91.85,275,170,267.5,712.5,456.07
M,22.5,91.85,237.5,155,295,687.5,440.07
M,19,92.25,252.5,152.5,280,685,437.54
M,22,91.7,260,137.5,277.5,675,432.42
M,20,92.25,245,162.5,265,672.5,429.56
M,22,91.3,232.5,115,295,642.5,412.48
M,22,104,327.5,205,362.5,895,541.87
M,22,104.85,305,227.5,330,862.5,520.47
M,20.5,104.35,330.5,167.5,327.5,825.5,499.11
M,21.5,101.3,285,195,307.5,787.5,482.04
M,23,102.1,277.5,200,305,782.5,477.39
M,20.5,103.6,280,190,312.5,782.5,474.51
M,22,98.45,297.5,187.5,292.5,777.5,481.85
M,22.5,104.1,285,187.5,302.5,775,469.03
M,21,101.25,275,165,315,755,462.24
M,19.5,102.8,275,150,327.5,752.5,457.78
M,20.5,104.7,277.5,175,292.5,745,449.83
M,22.5,102,280,162.5,300,742.5,453.17
M,22,102.05,290,170,275,735,448.51
M,23,103.9,255,195,275,725,439.12
M,22.5,104,240,165,320,725,438.95
M,21.5,103.9,247.5,187.5,285,720,436.09
M,20,101.75,247.5,152.5,270,670,409.35
M,18.5,97.55,230,160,212.5,602.5,374.93
M,22.5,109.75,322.5,215,352.5,890,527.57
M,22.5,106.1,315,210,345,870,522.51
M,21.5,118.4,332.5,205,300,837.5,483.16
M,22.5,119.8,292.5,167.5,363.5,823.5,473.2
M,23,117.4,310,180,305,795,459.97
M,22.5,118.05,290,182.5,322.5,795,459.1
M,22.5,118.95,295,162.5,335,792.5,456.48
M,21.5,112.65,290,175,305,770,452.05
M,19.5,118.75,302.5,155,310,767.5,442.33
M,22.5,110.25,270,175,280,725,429.03
M,22.5,116.95,275,160,272.5,707.5,409.88
M,19.5,118.5,275,185,215,675,389.3
M,21,117.8,240,137.5,250,627.5,362.63
M,20.5,154.75,390,220,385.5,995.5,530.91
M,21,152.05,320,202.5,340,862.5,462.14
M,21,136.15,302.5,230,315,847.5,468.14
M,23,142.5,290,220,335,845,460.8
M,19.5,141.9,320,190,312.5,822.5,449.05
M,21.5,138.15,310,190,300,800,440.06
M,18.5,172.2,260,195,272.5,727.5,377.34
M,22.5,123.45,275,167.5,280,722.5,411.11
M,22,153.5,245,145,255,645,344.73
F,18,42.2,90,37.5,112.5,240,341.46
F,18,41.15,77.5,40,90,207.5,301.17
F,17.5,46.05,80,47.5,105,232.5,309.37
F,17.5,51.45,115,70,137.5,322.5,396.02
F,17.5,51.15,97.5,60,127.5,285,351.41
F,17,51.4,95,67.5,110,272.5,334.85
F,16,50.45,85,50,117.5,252.5,314.38
F,18,50.95,85,45,112.5,242.5,299.83
F,16,51.45,75,47.5,117.5,240,294.71
F,17.5,51.15,85,40,100,225,277.43
F,18,56.45,130,70,159,359,413.93
F,17.5,56.75,127.5,60,150,337.5,387.79
F,18,56.95,137.5,72.5,127.5,337.5,386.89
F,16.5,56.35,125,52.5,137.5,315,363.62
F,16.5,56.85,122.5,67.5,115,305,350.04
F,17,55.25,95,40,105,240,280.69
F,17.5,55.6,90,42.5,102.5,235,273.69
F,17.5,53.5,77.5,37.5,95,210,251
F,17,62.5,142.5,82.5,145,370,399.88
F,17,61.6,117.5,87.5,135,340,370.76
F,17.5,59.5,120,75,125,320,356.62
F,16.5,59.85,105,65,140,310,344.19
F,17,61.2,112.5,50,130,292.5,320.25
F,17.5,60.95,72.5,42.5,110,225,246.98
F,17.5,66.75,150,100,177.5,427.5,444.22
F,17.5,66.85,137.5,101,152.5,391,405.94
F,17.5,67.7,150,82.5,155,387.5,399.37
F,17.5,67.6,150,65,160,375,386.82
F,17.5,68.25,130,75,160,365,374.44
F,17.5,68.05,132.5,97.5,130,360,369.93
F,17.5,73.15,167.5,95,182.5,445,439.24
F,18,73.5,147.5,105,175,427.5,420.88
F,16,72.5,130,60,150,340,337.23
F,17.5,72.15,125,65,147.5,337.5,335.63
F,17,73.05,115,57.5,147.5,320,316.09
F,17.5,74.25,120,65,135,320,313.34
F,17.5,71.8,110,65,135,310,309.11
F,18,83.5,160,87.5,187.5,435,401.41
F,16.5,80.4,162.5,82.5,175,420,394.77
F,18,81.6,142.5,80,167.5,390,363.91
F,17.5,83.7,137.5,77.5,135,350,322.6
F,18,89.9,142.5,80,150,372.5,332.25
F,16.5,105.85,165,75,130,370,309.1
F,20.5,42.65,110,60,130,300,423.3
F,21.5,42.2,85,42.5,115,242.5,345.02
F,18.5,42.9,50,27.5,60,137.5,193.13
F,22.5,45.45,132.5,82.5,170.5,385.5,518.03
F,22.5,46.4,130,70,147.5,347.5,459.78
F,20.5,46.35,125,70,142.5,337.5,446.91
F,23,46.5,110,72.5,142.5,325,429.32
F,22.5,46.1,90,60,137.5,287.5,382.24
F,21.5,46.65,92.5,47.5,117.5,257.5,339.34
F,21.5,51.85,145.5,87.5,165,398,486.1
F,23,51.7,144.5,87.5,160,392,479.74
F,23,51.2,135,90,165,390,480.55
F,20.5,51.35,132.5,70,170,372.5,458.04
F,21.5,50.95,130,77.5,160,367.5,454.38
F,22.5,50.9,112.5,72.5,165,350,433.05
F,22.5,51.55,140,62.5,137.5,340,416.94
F,20.5,51.9,95,60,132.5,287.5,350.9
F,22.5,50.05,90,57.5,110,257.5,322.42
F,22.5,56.55,177.5,90,190,457.5,526.89
F,20.5,55.55,145,97.5,177.5,420,489.44
F,21.5,56.45,147.5,85,185,417.5,481.38
F,21,56.75,152.5,90,175,417.5,479.71
F,22.5,56.25,150,92.5,165,407.5,470.95
F,21.5,56.85,140,107.5,150,397.5,456.2
F,21,55.8,142.5,100,150,392.5,456.03
F,20.5,56.8,142.5,85,165,392.5,450.72
F,21,56.5,178,92.5,115,385.5,444.23
F,21.5,56.95,140,87.5,140,367.5,421.28
F,22.5,56.7,127.5,97.5,135,360,413.88
F,22.5,56.5,130,67.5,155,352.5,406.2
F,19,56.65,125,75,140,340,391.11
F,21,55.65,120,65,150,335,389.92
F,21.5,55,100,60,127.5,287.5,337.27
F,19.5,62.7,172.5,105,216,493.5,532.31
F,20.5,62.05,157.5,120,195,472.5,512.93
F,21.5,62.8,180,95,190,465,501.08
F,21.5,62.35,150,95,200,445,481.65
F,20,61.9,165,77.5,195,437.5,475.65
F,23,62.8,150,85,202.5,437.5,471.45
F,21,62.2,160,82.5,190,432.5,468.81
F,23,61.05,142.5,107.5,167.5,417.5,457.81
F,22,61.55,157.5,87.5,167.5,412.5,450.04
F,22.5,62.1,155,95,160,410,444.86
F,22.5,61.2,142.5,80,180,402.5,440.69
F,18.5,62.7,150,67.5,185,402.5,434.16
F,20.5,60.9,135,82.5,172.5,390,428.31
F,23,62.6,147.5,82.5,157.5,387.5,418.39
F,20.5,62.05,140,70,170,380,412.52
F,21,62.6,137.5,80,155,372.5,402.19
F,21.5,61.45,132.5,77.5,150,360,393.16
F,22.5,61.85,120,60,140,320,348.07
F,20,68.5,175,110,212.5,497.5,509.3
F,21.5,67.1,182.5,105,202.5,490,507.62
F,22,68.9,177.5,110,190,477.5,487.21
F,22.5,68.7,160,107.5,202.5,470,480.35
F,23,68.2,170,107.5,190,467.5,479.79
F,21,68.55,183,97.5,182.5,463,473.78
F,22.5,69,177.5,107.5,175,460,468.97
F,22,68.5,170,82.5,190,442.5,453
F,22.5,64.5,155,92.5,185,432.5,458.6
F,21.5,68.35,162.5,80,167.5,410,420.25
F,23,67.8,137.5,82.5,180,400,411.9
F,19,68,155,80,165,400,411.21
F,23,68.2,142.5,100,157.5,400,410.52
F,21.5,74.9,200,145.5,210,555.5,541.43
F,23,73.55,202.5,120,202.5,525,516.69
F,21.5,75.1,187.5,112.5,205,505,491.51
F,22.5,74.7,162.5,97.5,200,460,448.98
F,22.5,73.85,150,90,190,430,422.27
F,20.5,74.5,125,100,192.5,417.5,408.08
F,22.5,74.9,160,82.5,170,412.5,402.05
F,21.5,74.4,140,100,162.5,402.5,393.7
F,22,72.35,122.5,75,162.5,360,357.47
F,19.5,77.85,195,147.5,240,582.5,556.45
F,21,83.55,205,120,190,515,475.09
F,22,77.55,180,115,212.5,507.5,485.77
F,22,82.35,182.5,115,207.5,505,469.12
F,22.5,83.95,195,97.5,212.5,505,464.81
F,21,82.4,165,122.5,210,497.5,462.02
F,20.5,78.75,152.5,97.5,185,435,413.13
F,22.5,82.9,165,82.5,165,412.5,381.96
F,22.5,82.1,145,72.5,160,377.5,351.2
F,21.5,77.9,125,60,120,305,291.27
F,18,141,230,164.5,200,594.5,460.78
F,23,125,192.5,107.5,165,465,369.06
F,22.5,97.1,182.5,100,170,452.5,390.67
F,22.5,101.35,167.5,82.5,182.5,432.5,367.17
F,20.5,91.25,162.5,57.5,170,390,345.6
F,28,62.6,213,112.5,231,556.5,600.86
F,27.5,62.65,200,143.5,202.5,546,589.23
F,21,47.05,160,92.5,172.5,425,556.55
F,29.5,57,162.5,102.5,230,495,567.12
F,24,62.98,182.5,115,205,502.5,540.55
F,27,58.92,182.5,110,187.5,480,538.28
F,32,51.92,165,82.5,185,432.5,527.74
F,32,69.15,185,107.5,225,517.5,526.94
F,26,74.4,165,122.5,240,527.5,515.97
F,25.5,68.92,182.5,110,207.5,500,510.08
F,25,83.29,200,97.5,240,537.5,496.59
F,22.5,56.89,140,72.5,160,372.5,427.31
F,32,46.85,97.5,75,135,307.5,403.95
M,25,103.99,310,207.5,372.5,890,538.87
M,33.5,82.07,292.5,177.5,317.5,787.5,535.03
M,22.5,82.41,265,175,320,760,515.14
M,31,92.63,270,190,340,800,509.98
M,29.5,93,290,190,320,800,509
M,20,81.85,257.5,170,305,732.5,498.43
M,25.5,73.74,271,150,270,691,501.19
M,34,103.56,297.5,190,300,787.5,477.62
M,32.5,92.83,250,180,300,730,464.87
M,23.5,66.32,222.5,150,235,607.5,474.29
M,27.5,51.1,275,172.5,145,592.5,577.04
M,19.5,48.3,212.5,153,127.5,492.5,507.2
M,32,58.15,226,170,260,656,568.35
M,27.5,58.62,210,142.5,250,602.5,518.46
M,36.5,58.3,215,147.5,205,567.5,490.6
M,35.5,58.48,195,135,235,565,487.17
M,34.5,58.47,185,140,220,545,469.99
M,28.5,58.29,182.5,127.5,202.5,512.5,443.12
M,36.5,65.56,215,157.5,278,650.5,512.23
M,32.5,63.27,222.5,162.5,265,650,525.87
M,23.5,64.87,240.5,150,245,635.5,504.41
M,31.5,65.86,210,172.5,240,622.5,488.51
M,29,65.66,225,145,240,610,479.79
M,33.5,65.2,210,132.5,225,567.5,448.72
M,28.5,65.24,195,152.5,200,547.5,432.7
M,24.5,65.87,175,122.5,220,517.5,406.07
M,25.5,64.32,172.5,140,202.5,515,411.41
M,24.5,65.43,182.5,110,210,502.5,396.27
M,38.5,73.57,247.5,167.5,297.5,712.5,517.56
M,40,73.04,240,150,305,695,507.25
M,23.5,73.27,232.5,210.5,250,693,504.75
M,29,72.7,250,167.5,262.5,680,497.84
M,33.5,73.62,225,150,300,675,490.11
M,39.5,73.76,230,152.5,292.5,675,489.5
M,31.5,73.22,242.5,135,295,672.5,490.04
M,24.5,73.84,250,150,270,670,485.53
M,24.5,73.56,237.5,140,280,657.5,477.65
M,27.5,73.88,252.5,160,240,652.5,472.68
M,36.5,73.62,210,157.5,280,647.5,470.14
M,25.5,73.92,210,140,250,600,434.5
M,32,72.18,210,150,230,590,434.02
M,30.5,72.07,205,130,240,575,423.42
M,33.5,73.77,182.5,160,220,562.5,407.88
M,29.5,73.63,175,155,185,515,373.9
M,24,82.4,270,202.5,302.5,775,525.34
M,29.5,82.6,260,167.5,300,727.5,492.47
M,27.5,82.72,250,165,290,705,476.84
M,25.5,81.45,247.5,165,290,702.5,479.36
M,28.5,82.63,252.5,147.5,297.5,697.5,472.06
M,32.5,82.95,225,160,287.5,672.5,454.15
M,24.5,81.35,230,160,280,670,457.51
M,27.5,81.88,232.5,145,285,662.5,450.7
M,24.5,79.95,230,165,260,655,451.82
M,25.5,80.48,240,150,260,650,446.63
M,25.5,82.62,235,152.5,262.5,650,439.94
M,35,82.09,220,147.5,280,647.5,439.86
M,28.5,81.41,232.5,150,255,637.5,435.13
M,30.5,81.26,190,180,220,590,403.14
M,25,92.52,290,187.5,355,832.5,531
M,33.5,91.48,303,172.5,322.5,798,511.81
M,36.5,92.48,265,212.5,307.5,785,500.81
M,31.5,92.85,287.5,195,302.5,785,499.85
M,27.5,92.48,275,207.5,300,782.5,499.22
M,26.5,91.38,290,215,270,775,497.33
M,31,92.76,277.5,190,287.5,755,480.97
M,32.5,92.07,270,172.5,300,742.5,474.72
M,27.5,91.33,257.5,175,285,717.5,460.56
M,26.5,91.39,250,160,295,705,452.39
M,27.5,92.39,247.5,175,275,697.5,445.2
M,23.5,90.58,252.5,162.5,272.5,687.5,443.11
M,31.5,90.33,225,167.5,285,677.5,437.27
M,28,91.11,230,155,290,675,433.79
M,24.5,91.76,215,147.5,280,642.5,411.46
M,35.5,92.36,182.5,137.5,230,550,351.11
M,30.5,104.49,290,207.5,330,827.5,500.05
M,36,103.79,305,187.5,330,822.5,498.39
M,26.5,103,295,200,307.5,802.5,487.8
M,27.5,103.85,310,197.5,295,802.5,486.16
M,25,104.7,285,187.5,330,802.5,484.54
M,29.5,103.69,295,212.5,292.5,800,484.95
M,25.5,104.05,280,202.5,300,782.5,473.67
M,27,101.25,275,167.5,330,772.5,472.96
M,26.5,104.07,285,185,290,760,460.01
M,26.5,104.09,275,172.5,312.5,760,459.97
M,23.5,102.71,255,182.5,302.5,740,450.34
M,35,100.15,242.5,182.5,307.5,732.5,450.57
M,24.5,104.37,275,172.5,277.5,725,438.31
M,38,119.48,350,212.5,365,927.5,533.44
M,35.5,119.93,342.5,222.5,362.5,927.5,532.77
M,30.5,118.51,327.5,230,342.5,900,519.05
M,30,119.72,325,200,335,860,494.29
M,26,118.75,327.5,190,335,852.5,491.32
M,21.5,119.78,307.5,195,335,837.5,481.28
M,27,118.96,317.5,192.5,315,825,475.19
M,26.5,118.26,302.5,227.5,285,815,470.36
M,26.5,116.94,290,200,320,810,469.28
M,34,107.29,315,200,280,795,475.38
M,37.5,117.87,285,222.5,280,787.5,455
M,26.5,118.66,270,195,322.5,787.5,453.97
M,30.5,118.28,275,207.5,270,752.5,434.27
M,33,118.94,270,165,275,710,408.97
M,28,171.65,425.5,235,340,1000.5,519.37
M,27,167.02,410,232.5,335,977.5,511.01
M,28.5,149.81,387.5,250,332.5,970,521.8
M,34.5,168.15,410,242.5,317.5,970,506.21
M,26.5,156.15,390,222.5,337.5,950,505.44
M,32.5,142.29,365,205,362.5,932.5,508.72
M,32,156.85,392.5,215,320,927.5,492.89
M,30.5,163.5,330,252.5,325,907.5,477.05
M,26.5,182.5,327.5,225,342.5,895,457.44
M,26,174.25,335,225,332.5,892.5,461.52
M,28,143.72,310,270.5,295,875.5,476.31
M,25.5,153.33,332.5,205,312.5,850,454.43
M,25,141.3,305,215,312.5,832.5,455.05
M,25.5,145.45,312.5,215,300,827.5,448.72
M,28.5,146.2,285,170,360,815,441.32
M,26.5,145.06,302.5,180,325,807.5,438.2
M,27.5,131.85,285,200,317.5,802.5,447.46
M,36.5,136.33,295,212.5,290,797.5,440.35
M,28,125.69,300,165,320,785,444.13
M,24,126,260,180,325,765,432.48
M,26.5,136,275,165,300,740,408.89
M,23.5,130.12,260,170,275,705,394.65
M,31.5,153.3,235,270,175,680,363.56
M,16.5,52.48,165,110,175,450,427.28
M,17,52.18,190,115,142.5,447.5,427.21
M,17.5,58.93,192.5,105,180,477.5,409.08
M,17.5,58.42,147.5,100,175,422.5,364.62
M,16.5,58.98,137.5,105,180,422.5,361.71
M,16.5,58.18,150,70,190,410,355.06
M,17.5,57.22,152.5,80,152.5,385,338.19
M,16.5,57.8,102.5,70,122.5,295,256.9
M,17.5,65.44,195,102.5,221.5,519,409.24
M,16.5,65.35,195,110,207.5,512.5,404.53
M,17,65.48,172.5,120,207.5,500,394.08
M,17.5,65.5,185,105,200,490,386.11
M,17.5,65.38,175,107.5,195,477.5,376.77
M,16.5,65.46,155,90,182.5,427.5,337.01
M,16.5,65.57,142.5,95,190,427.5,336.59
M,17.5,73.62,210,142.5,237.5,590,428.39
M,18,73.78,205,135,240,580,420.53
M,17.5,73.38,192.5,107.5,232.5,532.5,387.47
M,17.5,73.39,195,105,215,515,374.7
M,16.5,73.92,182.5,115,215,512.5,371.13
M,16.5,73.17,177.5,115,215,507.5,369.97
M,17.5,73.58,165,117.5,217.5,500,363.17
M,17.5,72.25,145,95,190,430,316.12
M,17.5,71.18,150,92.5,180,422.5,313.74
M,17.5,72.52,112.5,115,165,392.5,287.83
M,18,73.89,100,150,140,390,282.5
M,16.5,71.74,120,90,155,365,269.61
M,17.5,80.3,220,147.5,235,602.5,414.54
M,17.5,77.81,230,132.5,220,582.5,408.41
M,17.5,82.34,225.5,127.5,225,578,391.96
M,17.5,82.18,202.5,130,230,562.5,381.88
M,17.5,77.56,200,140,210,550,386.38
M,16.5,90.52,230,150,297.5,677.5,436.81
M,17.5,92.43,245,145,287.5,677.5,432.34
M,16.5,92.03,247.5,155,250,652.5,417.27
M,17.5,92.2,262.5,160,227.5,650,415.3
M,17.5,87.51,235,130,250,615,403.43
M,17.5,92.66,200,125,232.5,557.5,355.34
M,17,88.18,180,117.5,200,497.5,325.06
M,17.5,99.9,252.5,157.5,300,710,437.21
M,17.5,100.96,245,137.5,252.5,635,389.25
M,16.5,102.77,230,127.5,260,617.5,375.7
M,17.5,115.6,262.5,140,300,702.5,408.63
M,16.5,116.24,263,160,250,673,390.72
M,16.5,117.76,250,142.5,230,622.5,359.78
M,17.5,116.65,232.5,95,255,582.5,337.76
M,16.5,109.83,225,120,217.5,562.5,333.34
M,16,145.24,327.5,172.5,272.5,772.5,419.06
M,17.5,148.27,250,130,210,590,318.27
M,19,52.26,157.5,115,230,502.5,479.02
M,19.5,52.44,135,95,172.5,402.5,382.46
M,21.5,52.5,127.5,90,177.5,395,374.93
M,23,58.87,165,125,240.5,530.5,454.88
M,20.5,58.57,185,115,223,523,450.37
M,22.5,58.53,180,127.5,192.5,500,430.81
M,21.5,58.6,160,105,205,470,404.56
M,21.5,58.86,165,100,200,465,398.77
M,21.5,58.41,162.5,100,200,462.5,399.19
M,19.5,58.54,150,115,180,445,383.37
M,18.5,58.49,140,117.5,180,437.5,377.18
M,21.5,58.8,160,90,187.5,437.5,375.51
M,21,58.44,157.5,82.5,190,430,370.98
M,22,65.64,225.5,115,275,615.5,484.23
M,22.5,65.74,215,142.5,245,602.5,473.46
M,20,64.48,215,182.5,200,597.5,476.42
M,22.5,65.83,202.5,142.5,222.5,567.5,445.5
M,22.5,65.98,215,125,212.5,552.5,433
M,20.5,65.32,195,127.5,222.5,545,430.33
M,22.5,64.78,212.5,115,200,527.5,419.12
M,21.5,65.28,190,137.5,190,517.5,408.8
M,18,65.23,177.5,105,230,512.5,405.09
M,20.5,65.09,170,142.5,197.5,510,403.76
M,19.5,64.24,175,112.5,215,502.5,401.81
M,18.5,65.36,175,112.5,195,482.5,380.81
M,20.5,64.66,162.5,115,202.5,480,381.92
M,22.5,65.6,75,117.5,125,317.5,249.9
M,19.5,73.45,235,137.5,255,627.5,456.31
M,19.5,72.45,212.5,175.5,235,623,457.16
M,20.5,72.9,205,142.5,250,597.5,436.65
M,22.5,73.06,185,145,250,580,423.24
M,22.5,73.18,205,132.5,242.5,580,422.79
M,22.5,73.49,210,122.5,245,577.5,419.8
M,20.5,72.98,195,130,237.5,562.5,410.77
M,22,73.71,195,120,232.5,547.5,397.21
M,21.5,72.3,192.5,117.5,230,540,396.8
M,20.5,73.49,195,117.5,200,512.5,372.55
M,22.5,81.44,270,205,270,745,508.4
M,22.5,81.77,260,157.5,287.5,705,479.99
M,22.5,81.58,230,157.5,292.5,680,463.58
M,22.5,81.93,250,152.5,277.5,680,462.45
M,22.5,82.45,242.5,142.5,280,665,450.62
M,19.5,82.6,242.5,167.5,242.5,652.5,441.7
M,22.5,82.36,230,150,270,650,440.73
M,22,79.96,215,175,250,640,441.44
M,22,82.36,222.5,150,265,637.5,432.25
M,23,82.72,245,150,235,630,426.12
M,21.5,79.13,232.5,150,245,627.5,435.51
M,18.5,81.72,230,120,275,625,425.67
M,20.5,81.69,227.5,127.5,265,620,422.35
M,22.5,82.32,220,150,240,610,413.72
M,21.5,82.74,210,142.5,242.5,595,402.39
M,22.5,82.7,215,150,175,540,365.29
M,20.5,92.02,290,185,310,785,502.03
M,20.5,91.84,242.5,202.5,277.5,722.5,462.5
M,21,92.53,267.5,157.5,275,700,446.47
M,22,91.8,257.5,162.5,260,680,435.39
M,21.5,92.43,255,157.5,260,672.5,429.15
M,19.5,92.02,260,150,260,670,428.48
M,21.5,90.84,245,160,260,665,428
M,21.5,90.53,230,130,290,650,419.05
M,22.5,91.79,212.5,125,280,617.5,395.39
M,22.5,101.3,300,190,290,780,477.45
M,22.5,104.6,252.5,172.5,325,750,453.02
M,22.5,104.83,275,175,300,750,452.62
M,22.5,104.13,280,185,270,735,444.77
M,22.5,103.5,247.5,180,287.5,715,433.75
M,22.5,103.73,260,152.5,300,712.5,431.84
M,19.5,102.86,255,157.5,295,707.5,430.3
M,19.5,104.16,252.5,150,300,702.5,425.06
M,22.5,104.36,230,155,290,675,408.1
M,20,103.04,235,137.5,285,657.5,399.6
M,21.5,99.76,230,137.5,280,647.5,398.96
M,22.5,99.28,217.5,137.5,287.5,642.5,396.71
M,22.5,119.22,305,212.5,357.5,875,503.61
M,21.5,118.83,320,200,307.5,827.5,476.8
M,18.5,116.18,287.5,175,305,767.5,445.66
M,22.5,119.8,270,202.5,272.5,745,428.1
M,22.5,119.34,285,167.5,285,737.5,424.33
M,21.5,117.84,260,150,277.5,687.5,397.26
M,21,170.93,340.5,217.5,300,858,445.87
M,22.5,160.04,315,200,325,840,444.04
M,22.5,124.62,280,190,300,770,436.82
M,21.5,124.77,260,162.5,282.5,705,399.8
M,45.5,58.78,167.5,90,212.5,470,403.52
M,42.5,56.95,167.5,107.5,192.5,467.5,412.34
M,43.5,57.09,130,87.5,177.5,395,347.65
M,39.5,58.01,132.5,90,172.5,395,342.92
M,44.5,58.08,110,95,172.5,377.5,327.39
M,39.5,65.01,190,122.5,240,552.5,437.82
M,44.5,65.6,185,107.5,250,542.5,426.99
M,44,65.57,190,120,217.5,527.5,415.32
M,48.5,65.67,180,117.5,225,522.5,410.92
M,45.5,65.91,175,110,230,515,403.92
M,40.5,65.41,175,130,200,505,398.34
M,44.5,66,170,107.5,205,482.5,378.05
M,47,65,162.5,135,180,477.5,378.43
M,39.5,64.64,155,110,195,460,366.09
M,48.5,65.73,80,142.5,90,312.5,245.6
M,42.5,73.56,215,155,252.5,622.5,452.23
M,44.5,73.01,202.5,130,257.5,590,430.74
M,42.5,73.99,187.5,140,257.5,585,423.37
M,46.5,73.33,220,155,207.5,582.5,424.04
M,44.5,73.04,200,135,225,560,408.72
M,45.5,73.88,182.5,152.5,195,530,383.94
M,39.5,73.98,197.5,100,232.5,530,383.6
M,42.5,72.91,162.5,140,210,512.5,374.5
M,45,73.08,177.5,112.5,205,495,361.15
M,40.5,71.79,155,125,190,470,347
M,43,81.58,222.5,187.5,285,695,473.81
M,42.5,82.6,240,137.5,282.5,660,446.77
M,41.5,81.08,220,172.5,250,642.5,439.58
M,40.5,81.48,235,152.5,240,627.5,428.09
M,42,82.09,225,155,235,615,417.78
M,40.5,82.34,215,132.5,252.5,600,406.88
M,43,87.98,270,165,280,715,467.72
M,39.5,92.02,235,170,272.5,677.5,433.28
M,40.5,92.28,220,177.5,265,662.5,423.1
M,44.5,90.93,232.5,172.5,255,660,424.57
M,42.5,91.92,195,140,255,590,377.52
M,43.5,92.2,220,120,250,590,376.96
M,44,92.49,185,157.5,240,582.5,371.6
M,45.5,91.25,200,155,225,580,372.46
M,42.5,92.01,190,165,220,575,367.75
M,40.5,92.71,210,112.5,252.5,575,366.4
M,41.5,92.3,180,115,200,495,316.1
M,42.5,102.67,300,190,290,780,474.76
M,48.5,99.98,260,221.5,270,751.5,462.6
M,45,103.89,270,182.5,277.5,730,442.16
M,44,104.72,270,177.5,270,717.5,433.19
M,42,104.08,260,160,270,690,417.62
M,40.5,102.73,225,185,260,670,407.71
M,42.5,104.31,230,165,272.5,667.5,403.64
M,43.5,104.71,252.5,140,260,652.5,393.96
M,40.5,99.36,220,155,255,630,388.86
M,41.5,101.93,195,195,210,600,366.31
M,42.5,102.05,210,147.5,210,567.5,346.29
M,39,119.41,275,200,307.5,782.5,450.13
M,41.5,114.65,272.5,200,280,752.5,438.99
M,42.5,115.63,285,145,305,735,427.5
M,42.5,116.94,267.5,187.5,275,730,422.93
M,39.5,117.16,257.5,180,292.5,730,422.66
M,42.5,117.69,260,200,267.5,727.5,420.56
M,44.5,118.1,275,185,257.5,717.5,414.28
M,42,119.63,230,187.5,260,677.5,389.49
M,43.5,107.63,247.5,162.5,250,660,394.17
M,39.5,110.35,240,145,270,655,387.47
M,43.5,118.91,240,195,220,655,377.32
M,42.5,143.36,285,240.5,325,850.5,463.03
M,42.5,131.47,295,236,317.5,848.5,473.51
M,40,138.88,305,205,315,825,453.14
M,42.5,164.5,305,225,295,825,432.99
M,40.5,138.99,250,225,300,775,425.58
M,40,128.32,265,150,305,720,404.75
M,44.5,140.24,262.5,185,270,717.5,393.02
M,46.5,127.54,255,172.5,275,702.5,395.66
M,43.5,147.11,272.5,180,240,692.5,374.36
M,39.5,138.15,255,140,267.5,662.5,364.43
M,39.5,143.75,235,162.5,260,657.5,357.69
M,49.5,58.29,165,107.5,190,462.5,399.89
M,50.5,58.58,125,100,155,380,327.18
M,51,65.35,192.5,135,240,567.5,447.94
M,49.5,63.89,182.5,117.5,227.5,527.5,423.57
M,58.5,65.63,180,122.5,205,507.5,399.31
M,50,65.83,172.5,107.5,212.5,492.5,386.63
M,49.5,65.97,172.5,122.5,195,490,384.06
M,54,65.62,165,105,200,470,369.84
M,52,65.91,152.5,110,200,462.5,362.75
M,57.5,65.17,157.5,97.5,162.5,417.5,330.23
M,50.5,72.61,195,102.5,247.5,545,399.33
M,49.5,73.04,177.5,102.5,256,536,391.21
M,49.5,73.48,195,122.5,207.5,525,381.67
M,57.5,73.24,185,140,192.5,517.5,377.02
M,51.5,73.37,190,122.5,195,507.5,369.31
M,54,73.45,165,110,210,485,352.68
M,57.5,73.43,150,100,202.5,452.5,329.11
M,54.5,73.43,160,102.5,190,452.5,329.11
M,50,81.28,220,170,245,635,433.83
M,55.5,82.54,230,140,250,620,419.87
M,51,82.19,220,120,267.5,607.5,412.4
M,51.5,82.54,225,140,235,600,406.32
M,50.5,81.69,220,125,250,595,405.32
M,49.5,81.27,212.5,135,240,587.5,401.4
M,49.5,82.58,187.5,122.5,245,555,375.75
M,50.5,80.02,182.5,145,215,542.5,374.02
M,49.5,82.42,177.5,130,215,522.5,354.13
M,58.5,82.12,160,115,210,485,329.4
M,54.5,82.66,157.5,120,190,467.5,316.33
M,55,81.61,190,117.5,145,452.5,308.42
M,49.5,90.49,240,175,265,680,438.49
M,53.5,92.65,237.5,170,240,647.5,412.72
M,53.5,92.52,217.5,152.5,275,645,411.41
M,51.5,91.37,220,167.5,255,642.5,412.33
M,54.5,91.53,252.5,155,230,637.5,408.76
M,51,91.75,250,145,242.5,637.5,408.28
M,53.5,92.27,217.5,162.5,235,615,392.79
M,53.5,91.77,225,152.5,235,612.5,392.23
M,53,91.11,225,135,235,595,382.38
M,49.5,87.02,190,132.5,200,522.5,343.76
M,53.5,91.46,177.5,120,192.5,490,314.31
M,55,103.47,265,152.5,295,712.5,432.28
M,54.5,104.14,255,145,270,670,405.42
M,52.5,103.4,237.5,162.5,255,655,397.51
M,50.5,98.79,225,157.5,270,652.5,403.77
M,49.5,103.24,225,162.5,265,652.5,396.24
M,51.5,104.84,215,160,260,635,383.2
M,53,103.22,220,157.5,235,612.5,371.98
M,50,104.44,210,160,240,610,368.69
M,49.5,119.75,270,175,290,735,422.41
M,52.5,114.09,260,165,275,700,409.08
M,53.5,117.97,280,130,275,685,395.67
M,56.5,118.6,235,152.5,290,677.5,390.63
M,49.5,119.89,267.5,190,220,677.5,389.21
M,51,116.17,202.5,198,252.5,653,379.19
M,51.5,114.06,240,145,250,635,371.12
M,53.5,108.88,205,165,215,585,347.82
M,55.5,117.98,192.5,142.5,202.5,537.5,310.46
M,51,123.92,275,180,290,745,423.4
M,56.5,129.11,247.5,177.5,270,695,389.97
M,49.5,130.07,260,147.5,275,682.5,382.1
M,50.5,136.61,252.5,150,275,677.5,373.87
M,49.5,141.28,220,195.5,260,675.5,369.25
M,52.5,130.64,245,150,240,635,355.04
M,56,141.96,202.5,150,235,587.5,320.71
M,60.5,57.52,125,87.5,140,352.5,308.25
M,66.5,57.7,120,55,162.5,337.5,294.34
M,60.5,58.38,115,87.5,127.5,330,284.95
M,59.5,57.51,117.5,60,130,307.5,268.94
M,68,58.32,110,50,132.5,292.5,252.79
M,59.5,65.52,165,126,225,516,406.5
M,65,65.09,185,125,205,515,407.72
M,63,65.07,147.5,85,195,427.5,338.53
M,66,64.34,110,110,157.5,377.5,301.5
M,64,65.29,105,87.5,140,332.5,262.63
M,61.5,73.71,160,110,187.5,457.5,331.92
M,61,70.11,172.5,92.5,185,450,337.65
M,64.5,72.52,145,90,180,415,304.33
M,63.5,73.66,120,92.5,190,402.5,292.14
M,62.5,69.06,120,97.5,135,352.5,267.3
M,63.5,82.23,180,115,252.5,547.5,371.56
M,64.5,82.53,160,148,205,513,347.43
M,65.5,80.86,167.5,75,252.5,495,339.2
M,60.5,79.96,180,110,202.5,492.5,339.7
M,64,81.94,167.5,97.5,225,490,333.21
M,62,81.27,175,115,197.5,487.5,333.08
M,63.5,81.76,170,147.5,170,487.5,331.93
M,66,74.78,165,75,207.5,447.5,321.65
M,60.5,91.25,220,145,227.5,592.5,380.48
M,59.5,91.94,210,122.5,255,587.5,375.88
M,59.5,90.73,190,165,227.5,582.5,375.12
M,63.5,90.17,190,150,205,545,352.06
M,60.5,90.55,167.5,157.5,205,530,341.65
M,59.5,86.95,190,140,190,520,342.26
M,67.5,91.9,185,105,230,520,332.76
M,61.5,91.91,182.5,137.5,190,510,326.35
M,60.5,100.15,230,200,220,650,399.83
M,63,98.17,185,137.5,277.5,600,372.31
M,64.5,102.9,200,145,225,570,346.62
M,59.5,100.69,190,150.5,217.5,558,342.44
M,65.5,103.29,165,112.5,200,477.5,289.91
M,59.5,116.57,210,122.5,260,592.5,343.64
M,60,105.42,212.5,132.5,245,590,355.26
M,64.5,109.81,175,120,230,525,311.14
M,59,112.35,175,115,235,525,308.51
M,60.5,116.58,180,130,210,520,301.59
M,64.5,108.49,170,137.5,210,517.5,308.11
M,61.5,134.71,200,170,240,610,337.99
M,60,120.68,215,145,240,600,343.94
M,59.5,130.09,187.5,132.5,222.5,542.5,303.7
M,69,69.66,180,92.5,208,480.5,362.15
M,69.5,73.03,132.5,97.5,185,415,302.92
M,69.5,72.74,122.5,110,175,407.5,298.23
M,70,73.62,120,105,165,390,283.17
M,69.5,82.37,172.5,107.5,260,540,366.12
M,69.5,90.95,170,125,210,505,324.82
M,69.5,91.9,173,105,202.5,480.5,307.49
F,33,46.56,152.5,80,175,407.5,537.79
F,23.5,46.42,140,72.5,150,362.5,479.48
F,28.5,46.57,135,65,147.5,347.5,458.53
F,32.5,46.9,110,91.5,140,341.5,448.26
F,35,46.36,110,72.5,152.5,335,443.53
F,34,46.78,110,65,152.5,327.5,430.7
F,37,46.75,110,70,132.5,312.5,411.17
F,36.5,45.68,92.5,50,120,262.5,351.41
F,24.5,51.14,147.5,92.5,172.5,412.5,508.69
F,44.5,51.48,135,97.5,170,402.5,494.06
F,46.5,51.59,140,80,165,385,471.87
F,46,51.09,145,75,145,365,450.42
F,28.5,50.13,125,70,160,355,444
F,38.5,50.92,120,85,145,350,432.93
F,28,52,127.5,75,135,337.5,411.38
F,34.5,51.7,102.5,75,135,312.5,382.44
F,33.5,51.21,115,62.5,132.5,310,381.92
F,27.5,51.35,112.5,55,120,287.5,353.52
F,39,56.54,172.5,85,190,447.5,515.43
F,28.5,56.63,137.5,100,170,407.5,468.87
F,26.5,56.21,162.5,87.5,155,405,468.28
F,35.5,56.99,145,85,162.5,392.5,449.74
F,26.5,56.84,137.5,85,147.5,370,424.69
F,43.5,54.72,125,90,145,360,423.77
F,32.5,56,125,67.5,165,357.5,414.39
F,26.5,56.48,122.5,72.5,160,355,409.18
F,28.5,54.98,125,87.5,140,352.5,413.62
F,28,56.41,120,65,160,345,397.97
F,38.5,56.76,125,70,140,335,384.87
F,36.5,56.35,110,65,152.5,327.5,378.05
F,31.5,56.59,115,62.5,145,322.5,371.24
F,30.5,53.74,95,60,132.5,287.5,342.59
F,24.5,56.84,100,55,110,265,304.17
F,38.5,56.75,110,60,90,260,298.74
F,41,61.4,142.5,140.5,197.5,480.5,525.02
F,32.5,62.54,152.5,110,177.5,440,475.35
F,38.5,62.77,167.5,85,180,432.5,466.2
F,34,61.98,160,75,187.5,422.5,458.97
F,26.5,62.48,162.5,80,180,422.5,456.71
F,24.5,62.49,157.5,77.5,185,420,453.96
F,39.5,61.99,142.5,95,180,417.5,453.5
F,34.5,61.42,130,70,180,380,415.13
F,36,62.12,125,77.5,175,377.5,409.52
F,37,62.59,110,82.5,170,362.5,391.43
F,24.5,62.04,127.5,70,160,357.5,388.13
F,37.5,61.93,127.5,80,145,352.5,383.12
F,32,62.84,125,72.5,152.5,350,377.01
F,25.5,62.44,120,67.5,150,337.5,364.97
F,63.5,61.69,120,70,135,325,354.08
F,36.5,69.02,175,112.5,240.5,528,538.2
F,43.5,70.69,182.5,97.5,187.5,467.5,470.18
F,25.5,71.3,180,92.5,192.5,465,465.45
F,26.5,71.69,170,115,180,465,464.05
F,42.5,70.71,160,107.5,152.5,420,422.34
F,31.5,69.85,137.5,72.5,185,395,399.93
F,23.5,71.48,140,75,177.5,392.5,392.33
F,37.5,68.44,152.5,70,160,382.5,391.77
F,34.5,70.17,142.5,75,150,367.5,371.13
F,28.5,67.5,120,67.5,120,307.5,317.46
F,41.5,83.71,197.5,136,190,523.5,482.49
F,23.5,79.28,192.5,92.5,207.5,492.5,466.16
F,44,81.08,165,100,217.5,482.5,451.63
F,41.5,81.51,165,100,197.5,462.5,431.79
F,31.5,75.41,170,92.5,192.5,455,441.89
F,28.5,82.56,177.5,85,190,452.5,419.83
F,30.5,76.03,175,105,170,450,435.16
F,23.5,80.8,135,75,182.5,392.5,368.01
F,27.5,79.27,145,67.5,175,387.5,366.8
F,26,130.29,247.5,145.5,222.5,615.5,483.78
F,34.5,110.32,215,127.5,205,547.5,450.87
F,22.5,113.68,232.5,112.5,195,540,440.36
F,40.5,95.7,195,125,197.5,517.5,449.44
F,31,91.59,215,110,190,515,455.63
F,32.5,123.56,212.5,87.5,205,505,402
F,27.5,90.3,195,95,207.5,497.5,442.88
F,47.5,93.43,200,102.5,175,477.5,418.87
F,41.5,101.74,185,97.5,180,462.5,392.07
F,30,105.92,192.5,75,192.5,460,384.2
F,35,101.84,165,82.5,175,422.5,358.02
F,30.5,103.29,127.5,72.5,135,335,282.37
F,17.5,46.68,97.5,68,135.5,301,396.48
F,16.5,46.47,100,50,135,285,376.67
F,16.5,46.66,92.5,50,115,257.5,339.29
F,16.5,46.72,87.5,47.5,95,230,302.77
F,16.5,51.54,105,55,122.5,282.5,346.48
F,17.5,55.96,122.5,88,150,360.5,418.06
F,17.5,56.35,125,82.5,153,360.5,416.15
F,17.5,62.58,115,72.5,142.5,330,356.37
F,16.5,58.57,107.5,67.5,137.5,312.5,351.78
F,16.5,61.5,117.5,65,130,312.5,341.11
F,17.5,62.65,110,52.5,132.5,295,318.36
F,16.5,70.14,155,80,157.5,392.5,396.47
F,17.5,70.04,122.5,85,167.5,375,379.1
F,16.5,71.27,127.5,77.5,152.5,357.5,357.93
F,17.5,71.86,122.5,72.5,152.5,347.5,346.34
F,17.5,71.12,105,60,152.5,317.5,318.25
F,16.5,68.82,100,45,115,260,265.46
F,17.5,72.57,152.5,82.5,172.5,407.5,403.96
F,16.5,78.38,125,106,165,396,376.99
F,17.5,83.33,137.5,80,162.5,380,351
F,16.5,78.83,127.5,70,172.5,370,351.22
F,17.5,80.98,115,50,130,295,276.29
F,16.5,85.4,142.5,75,162.5,380,346.95
F,16.5,86.23,130,70,135,335,304.49
F,16,88.62,140,55,120,315,282.77
F,21.5,42.68,100,62.5,117.5,280,394.86
F,23,42.83,82.5,52.5,135,270,379.72
F,19.5,42.67,87.5,57.5,95,240,338.51
F,20,44.94,115,75,122.5,312.5,423.53
F,20.5,46.68,110,65,120,295,388.58
F,22.5,46.97,102.5,62.5,125,290,380.24
F,20.5,45.8,77.5,42.5,107.5,227.5,303.95
F,20.5,51.67,137.5,100,135,372.5,456.06
F,22.5,51.3,107.5,72.5,142.5,322.5,396.83
F,19.5,51.87,107.5,65,140,312.5,381.57
F,20.5,51.07,110,50,112.5,272.5,336.37
F,18.5,51.96,97.5,50,105,252.5,307.94
F,21.5,50.9,85,70,90,245,303.13
F,20.5,55.31,112.5,72.5,165,350,409.05
F,23,56.17,120,85,145,350,404.88
F,18.5,56.93,107.5,72.5,145,325,372.65
F,20.5,56.06,117.5,72.5,132.5,322.5,373.55
F,20,56.58,115,50,150,315,362.65
F,18.5,56.44,112.5,45,150,307.5,354.59
F,21.5,55.72,95,67.5,132.5,295,343.08
F,20.5,56.2,102.5,62.5,125,290,335.35
F,18.5,55.97,97.5,55,105,257.5,298.58
F,22.5,61.76,142.5,72.5,170,385,419.15
F,21.5,62.16,150,72.5,162.5,385,417.49
F,19.5,62.45,135,82.5,167.5,385,416.3
F,19.5,62.55,132.5,85,147.5,365,394.28
F,18.5,62.01,127.5,82.5,150,360,390.96
F,22.5,61.78,130,82.5,145,357.5,389.14
F,20.5,61.39,130,75,150,355,387.93
F,20.5,62.34,122.5,80,142.5,345,373.45
F,22.5,61.52,120,67.5,147.5,335,365.6
F,20.5,63,110,57.5,135,302.5,325.34
F,20.5,62.47,100,55,142.5,297.5,321.62
F,22.5,70.5,167.5,102.5,201.5,471.5,474.91
F,22.5,71.84,147.5,102.5,160,410,408.69
F,22.5,69.64,137.5,77.5,172.5,387.5,393
F,22.5,69.13,135,65,170,370,376.81
F,22.5,71.1,145,65,142.5,352.5,353.39
F,22,70.85,127.5,72.5,145,345,346.54
F,19.5,66.74,127.5,60,155,342.5,355.92
F,20.5,72,120,70,137.5,327.5,326.06
F,22.5,70,115,65,132.5,312.5,316.02
F,18.5,71.86,100,70,137.5,307.5,306.47
F,19,69.37,70,80,70,220,223.61
F,19,83.7,185,87.5,182.5,455,419.38
F,22.5,83.59,170,112.5,165,447.5,412.73
F,22.5,80.71,150,105,190,445,417.47
F,22.5,80.73,172.5,85,185,442.5,415.07
F,20.5,82.49,140,90,195,425,394.48
F,22.5,82.59,147.5,80,157.5,385,357.14
F,22.5,83.08,145,72.5,155,372.5,344.56
F,22.5,144.01,190,132.5,200,522.5,403.95
F,20.5,125.56,170,105,137.5,412.5,327.03
F,19,87.07,160,70,170,400,361.95
F,18.5,151.87,150,62.5,160,372.5,287.11
F,22.5,84.6,140,70,140,350,320.97
F,48,46.91,90,70,125,285,374.04
F,42.5,45.35,95,55,130,280,376.89
F,47.5,41.8,95,42.5,137.5,275,394.21
F,43.5,46.67,72.5,65,110,247.5,326.06
F,44,51.42,122.5,100,140,362.5,445.32
F,41,51.02,102.5,80,132.5,315,389.1
F,42.5,51.62,97.5,72.5,137.5,307.5,376.73
F,48,50.96,97.5,50,100,247.5,305.97
F,46.5,49.53,75,52.5,110,237.5,299.6
F,42.5,56.07,130,60,142.5,332.5,385.09
F,41.5,56.86,110,62.5,150,322.5,370.08
F,43,56.6,112.5,52.5,147.5,312.5,359.69
F,45.5,55.84,97.5,72.5,137.5,307.5,357.11
F,40.5,54.82,105,65,130,300,352.71
F,44.5,56.95,102.5,60,125,287.5,329.58
F,45.5,56.25,80,65,107.5,252.5,291.82
F,42.5,61.87,150,82.5,160,392.5,426.85
F,48,61.81,132.5,85,142.5,360,391.74
F,47.5,61.49,132.5,77.5,142.5,352.5,384.81
F,45.5,62.09,132.5,90,130,352.5,382.51
F,41.5,61.31,125,75,150,350,382.78
F,44.5,61.39,135,70,145,350,382.47
F,39.5,62.44,115,70,155,340,367.68
F,47.5,62.23,107.5,67.5,140,315,341.35
F,40.5,60.2,120,67.5,120,307.5,340.16
F,42.5,62.36,97.5,57.5,140,295,319.26
F,39,61.59,97.5,55,130,282.5,308.09
F,46,61.93,100,57.5,100,257.5,279.87
F,42,71.45,160,115.5,202.5,478,477.9
F,41.5,69.77,120,115,185,420,425.51
F,40.5,70.55,147.5,72.5,172.5,392.5,395.19
F,42,70.02,137.5,75,167.5,380,384.22
F,39.5,70.83,132.5,75,155,362.5,364.18
F,44.5,69.8,127.5,67.5,132.5,327.5,331.72
F,42.5,69.15,107.5,70,147.5,325,330.93
F,41.5,68.99,117.5,62.5,137.5,317.5,323.72
F,46.5,71.01,87.5,42.5,97.5,227.5,228.23
F,44,83.12,187.5,110,200,497.5,460.08
F,39.5,83.22,132.5,82.5,160,375,346.6
F,41.5,82.44,125,80,145,350,324.96
F,46.5,81.05,122.5,57.5,150,330,308.94
F,48.5,83.45,105,65,145,315,290.76
F,42.5,82.36,100,67.5,142.5,310,287.96
F,47.5,85.74,140,107.5,167.5,415,378.2
F,40.5,85.8,132.5,90,155,377.5,343.92
F,46,100.29,112.5,100,165,377.5,321.78
F,41.5,105.26,145,87.5,145,377.5,316
F,45,110.58,125,75,160,360,296.23
F,50.5,45.9,95,62.5,125,282.5,376.82
F,53.5,46.58,102.5,50,117.5,270,356.21
F,53.5,42.15,72.5,40,110,222.5,316.86
F,53.5,51.79,100,60,137.5,297.5,363.65
F,56.5,51.72,62.5,65,115,242.5,296.7
F,49.5,56.07,111,102.5,151.5,365,422.73
F,52.5,56.39,105,77.5,151,333.5,384.8
F,58.5,55.72,110,55,140,305,354.71
F,53.5,56.37,92.5,60,140,292.5,337.57
F,53.5,62.53,125,60,132.5,317.5,343.04
F,56.5,62.34,107.5,75,132.5,315,340.98
F,55,62.47,95,70,130,295,318.92
F,53.5,62.35,95,67.5,125,287.5,311.18
F,49,62.59,95,55,137.5,287.5,310.45
F,59,59.76,100,52.5,115,267.5,297.29
F,54.5,70.05,147.5,65,170,382.5,386.65
F,54.5,68.38,110,80,152.5,342.5,350.97
F,50.5,71.5,115,67.5,140,322.5,322.31
F,52,70.96,107.5,62.5,122.5,292.5,293.56
F,55,71.07,92.5,57.5,130,280,280.77
F,53.5,70.7,85,70,122.5,277.5,279.07
F,51,70.5,80,70,122.5,272.5,274.47
F,52.5,68.83,85,70,105,260,265.44
F,54.5,64.45,70,60,100,230,243.99
F,51,83.82,132.5,90.5,170.5,393.5,362.45
F,52,78.93,135.5,77.5,152.5,365.5,346.72
F,55.5,82.02,115,47.5,142.5,305,283.88
F,51.5,82.26,110,60,120,290,269.54
F,50.5,101.89,175,105,200,480,406.67
F,50.5,89.98,125,60,150,335,298.69
F,60.5,44.95,75,50,115,240,325.22
F,63.5,46.33,40,27.5,75,142.5,188.76
F,60.5,51.03,107.5,55,140,302.5,373.6
F,63,55.41,85,52.5,135,272.5,318.09
F,60.5,56.56,77.5,57.5,112.5,247.5,285
F,64.5,56.54,75,40,107.5,222.5,256.28
F,67.5,55.95,70,40,95,205,237.76
F,68.5,61.89,95,47.5,130,272.5,296.29
F,66.5,60.91,80,40,100,220,241.59
F,65,61.23,62.5,37.5,90,190,207.96
F,67,70.86,100,67.5,125,292.5,293.79
F,59,69.09,95,70,120,285,290.34
F,64.5,68.03,87.5,55,125,267.5,274.93
F,61.5,78.28,105,60,120,285,271.49
F,67.5,82.89,80,27.5,102.5,210,194.46
F,60.5,91.22,100,57.5,137.5,295,261.45
M,24.5,50.7,260,170,140,570,559.37
M,70,96.3,180,122.5,227.5,530,331.74
M,69.5,71.8,125,62.5,150,337.5,249.16
M,69.5,72.15,150,72.5,182.5,405,298.01
M,69.5,58.2,75,100,115,290,251.07
M,65.5,58.6,140,92.5,192.5,425,365.82
M,64.5,73.6,150,75,175,400,290.48
M,65,72.85,100,105,100,305,222.99
M,65,73.5,175,97.5,195,467.5,339.81
M,65,65.5,182.5,110,180,472.5,372.32
M,64,102.1,225,115,242.5,582.5,355.37
M,64,72.4,155,120,172.5,447.5,328.53
M,64,89.05,150,130,160,440,286.04
M,63.5,64.05,85,70,140,295,236.42
M,62.5,80.45,190,135,212.5,537.5,369.41
M,62.5,91.5,207.5,120,220,547.5,351.11
M,62,129.6,242.5,140,275,657.5,368.5
M,62,102,210,142.5,237.5,590,360.1
M,61.5,91.95,187.5,120,247.5,555,355.07
M,62,92,210,152.5,192.5,555,354.97
M,61,127.4,95,130,160,385,216.91
M,60.5,82.65,182.5,125,182.5,490,331.58
M,60.5,116.55,255,162.5,270,687.5,398.77
M,60.5,91.3,195,125,232.5,552.5,354.7
M,61,104.45,220,160,242.5,622.5,376.23
M,59.5,121,240,160,270,670,383.73
M,59.5,89.2,167.5,110,200,477.5,310.15
M,59.5,73.55,155,110,185,450,326.94
M,59.5,91.15,182.5,135,245,562.5,361.42
M,60,58.5,125,55,130,310,267.22
M,60,103.45,220,162.5,237.5,620,376.19
M,59.5,102.45,175,162.5,250,587.5,357.91
M,58.5,72.15,185,120,247.5,552.5,406.55
M,58.5,65.75,125,85,190,400,314.3
M,59,58.75,130,115,160,405,347.86
M,57.5,65.75,192.5,115,237.5,545,428.23
M,57.5,117.9,225,155,275,655,378.41
M,57.5,111.95,227.5,160,272.5,660,388.35
M,56.5,73.05,192.5,112.5,202.5,507.5,370.37
M,56.5,91.1,205,125,232.5,562.5,361.51
M,55.5,73.7,175,85,215,475,344.64
M,55.5,111.05,232.5,150,270,652.5,385.08
M,54.5,82.05,202.5,107.5,225,535,363.53
M,54.5,81.9,210,110,262.5,582.5,396.22
M,53.5,118.4,225,125,242.5,592.5,341.81
M,54,113,242.5,160,250,652.5,382.63
M,54,116.3,262.5,162.5,255,680,394.71
M,54,65.7,187.5,107.5,217.5,512.5,402.92
M,53,92.2,192.5,137.5,262.5,592.5,378.56
M,53.5,106,215,137.5,255,607.5,364.99
M,53,119.25,310,205,275,790,454.65
M,53,73.55,175,130,215,520,377.8
M,53,119.3,250,170,260,680,391.29
M,53,92.6,242.5,137.5,272.5,652.5,416.02
M,53,120.05,290,155,300,745,427.8
M,53,58.4,120,85,150,355,306.45
M,52.5,73.1,192.5,130,195,517.5,377.5
M,52.5,92.25,182.5,127.5,250,560,357.7
M,53,105.2,217.5,150,207.5,575,346.51
M,52,128.75,242.5,190,295,727.5,408.55
M,51.5,92.3,222.5,137.5,220,580,370.38
M,51.5,73.6,177.5,120,242.5,540,392.15
M,52,92.75,230,125,250,605,385.43
M,52,102.25,250,140,272.5,662.5,403.93
M,52,65.3,175,122.5,247.5,545,430.43
M,51.5,72.85,165,82.5,190,437.5,319.86
M,51.5,73.2,197.5,105,225,527.5,384.45
M,51,81.2,195,135,215,545,372.55
M,50.5,110.9,200,100,165,465,274.57
M,51,103.8,202.5,130,242.5,575,348.4
M,51,103.75,230,167.5,240,637.5,386.35
M,51,82.4,250,145,267.5,662.5,449.08
M,50.5,81.1,200,117.5,265,582.5,398.47
M,50.5,91.85,232.5,152.5,255,640,409.67
M,50,79.45,75,145,75,295,204.25
M,50,80.7,185,115,285,585,401.33
M,49.5,122.35,215,137.5,220,572.5,326.7
M,49.5,73.85,195,135,230,560,405.78
M,50,73.95,180,130,190,500,361.98
M,48.5,82.3,240,165,285,690,468.04
M,48.5,117.2,237.5,110,230,577.5,334.32
M,47.5,64.6,190,163,212.5,565.5,450.27
M,47.5,58.45,142.5,87.5,195,425,366.61
M,47.5,92.55,170,142.5,210,522.5,333.22
M,48,72.25,140,107.5,180,427.5,314.28
M,47.5,82.4,237.5,140,265,642.5,435.52
M,47,91.4,255,147.5,260,662.5,425.09
M,46.5,132.55,240,150,230,620,345.16
M,47,94.65,212.5,127.5,212.5,552.5,348.61
M,46.5,91.85,247.5,170,245,662.5,424.07
M,46,65.4,165,107.5,215,487.5,384.58
M,44.5,72.95,180,132.5,200,512.5,374.36
M,45,133.4,290,160,355,805,447.31
M,44.5,58.8,175,95,220,490,420.57
M,45,151.85,310,222.5,270,802.5,430.14
M,44.5,82.45,202.5,127.5,230,560,379.47
M,45,110.05,302.5,182.5,335,820,485.58
M,44.5,82.2,212.5,125,240,577.5,392
M,44.5,118.55,260,192.5,270,722.5,416.63
M,44.5,104.3,295,220,300,815,492.86
M,44,178.3,272.5,192.5,285,750,385.58
M,43.5,65.75,200,130,195,525,412.51
M,44,104.6,267.5,142.5,290,700,422.82
M,43.5,81.7,230,127.5,250,607.5,413.81
M,43.5,158.8,275,212.5,220,707.5,374.76
M,43.5,73.05,150,110,220,480,350.3
M,43.5,87.85,212.5,135,210,557.5,364.97
M,42.5,87.9,245,172.5,285,702.5,459.76
M,42.5,82.1,215,132.5,262.5,610,414.35
M,42.5,139.8,40,127.5,210,377.5,206.96
M,42.5,73.2,217.5,132.5,242.5,592.5,431.82
M,42.5,142.45,257.5,197.5,265,720,392.67
M,43,81.7,230,150,260,640,435.95
M,43,58.6,145,117.5,215,477.5,411.01
M,42.5,104.75,247.5,160,245,652.5,393.9
M,42.5,65.85,180,135,235,550,431.67
M,41.5,80.4,190,125,205,520,357.51
M,41.5,82.35,225,140,277.5,642.5,435.67
M,42,117.25,262.5,172.5,235,670,387.81
M,42,91.45,250,125,270,645,413.75
M,42,103.55,172.5,95,200,467.5,283.55
M,42,72.9,215,132.5,308,655.5,479.03
M,40.5,119.3,275,185,250,710,408.56
M,40.5,89.25,220,130,260,610,396.1
M,41,82.35,252.5,182.5,255,690,467.88
M,40.5,98.76,217.5,157.5,222.5,597.5,369.78
M,41,91.55,215,162.5,250,627.5,402.31
M,41,90.65,172.5,100,220,492.5,317.3
M,40,115,275,180,260,715,416.66
M,40,90.75,210,150,260,620,399.23
F,70,60.8,92.5,42.5,127.5,262.5,288.58
F,69.5,59.15,82.5,52.5,112.5,247.5,276.86
F,69.5,77.95,95,50,110,255,243.44
F,68.5,43.45,55,37.5,102.5,195,271.2
F,69,64.05,77.5,40,130,247.5,263.54
F,68,62,115,62.5,145,322.5,350.27
F,66,62.25,90,45,125,260,281.69
F,64.5,92.4,90,52.5,145,287.5,253.39
F,64.5,70.05,57.5,40,77.5,175,176.9
F,64.5,54.8,90,42.5,137.5,270,317.52
F,63.5,76.55,85,40,140,265,255.35
F,64,51.55,100,55,120,275,337.23
F,63.5,74.25,115,72.5,140,327.5,320.68
F,63,67.5,50,35,100,185,190.99
F,63,64.3,112.5,60,147.5,320,339.94
F,63,74.95,140,62.5,170.5,373,363.42
F,61.5,49.55,60,52.5,97.5,210,264.84
F,62,68.75,87.5,40,120,247.5,252.84
F,62,83.55,137.5,72.5,160.5,370.5,341.79
F,61,49.9,80,50,115,245,307.43
F,59.5,55.45,107.5,67.5,140,315,367.52
F,59.5,58.9,60,35,110,205,229.94
F,60,55.1,97.5,55,132.5,285,333.93
F,60,60.9,117.5,60,145,322.5,354.18
F,60,96.5,120,90,170,380,328.9
F,59,70.7,105,70,175,350,351.98
F,58,50.25,107.5,52.5,125,285,355.84
F,57,62.05,105,55,140,300,325.67
F,56.5,67.4,130,67.5,162.5,360,371.98
F,56.5,60.5,117.5,67.5,165,350,385.97
F,57,50.75,92.5,60,107.5,260,322.36
F,56,61.65,85,55,125,265,288.83
F,54.5,56.7,125,62.5,152.5,340,390.89
F,55,56.3,112.5,50,127.5,290,334.96
F,55,54.5,136.5,72.5,150,359,423.74
F,54,66.3,130,75,125,330,344.26
F,54,56.2,122.5,67.5,132.5,322.5,372.94
F,53.5,83.6,140,75,167.5,382.5,352.76
F,54,62.65,127.5,77.5,145,350,377.71
F,53.5,74.5,122.5,57.5,132.5,312.5,305.45
F,53,109.7,140,80,180,400,330.03
F,52.5,81.55,132.5,75,182.5,390,364.01
F,53,101.6,200,120,255,575,487.69
F,53,99.7,157.5,82.5,177.5,417.5,356.69
F,53,68.25,145,82.5,145,372.5,382.13
F,53,72.75,115,67.5,155,337.5,334.12
F,52.5,62.4,105,47.5,137.5,290,313.73
F,51.5,62.45,137.5,67.5,167.5,372.5,402.78
F,52,62.4,120,75,127.5,322.5,348.89
F,52,100.35,155,97.5,190,442.5,377.09
F,51,77.85,168,75,157.5,400.5,382.59
F,51,56.3,107.5,62.5,145,315,363.84
F,51,78.9,145,90,182.5,417.5,396.13
F,50.5,74.9,130,60,167.5,357.5,348.44
F,51,61.6,105,52.5,120,277.5,302.6
F,49.5,56.6,115,57.5,135,307.5,353.93
F,50,61.85,120,62.5,137.5,320,348.07
F,50,71.45,182.5,82.5,198,463,462.91
F,49.5,55.55,100,62.5,127.5,290,337.95
F,49.5,74.9,150,77.5,182.5,410,399.61
F,49,68.55,151,87.5,170,408.5,418.01
F,48,44.95,85,50,90,225,304.89
F,48,51.25,135,60,160,355,437.12
F,48,68.5,122.5,75,130,327.5,335.27
F,47,62.45,135,75,170,380,410.89
F,47,73.65,140,92.5,182.5,415,408.13
F,47,56.8,112.5,60,165,337.5,387.56
F,46.5,67.25,110,75,135,320,331.08
F,46,76.55,167.5,112.5,167.5,447.5,431.21
F,45.5,74.75,137.5,87.5,152.5,377.5,368.33
F,46,44.75,92.5,50,120,262.5,356.91
F,45.5,46.5,80,50,110,240,317.04
F,45.5,66.75,105,67.5,140,312.5,324.72
F,45.5,49.6,112.5,72.5,140,325,409.57
F,45,68.2,142.5,80,137.5,360,369.46
F,45,62.1,142.5,87.5,142.5,372.5,404.17
F,44.5,62.85,147.5,95,160,402.5,433.52
F,44.5,74.05,107.5,72.5,150,330,323.6
F,44.5,74.75,170,112.5,240,522.5,509.8
F,44.5,62.35,115,60,165,340,368
F,44,66.45,117.5,57.5,152.5,327.5,341.2
F,44,61.95,130,80,152.5,362.5,393.91
F,44,82.95,132.5,77.5,167.5,377.5,349.45
F,44,56.35,135,62.5,135,332.5,383.82
F,42.5,97.45,150,75,172.5,397.5,342.69
F,43,66.8,137.5,85,197.5,420,436.23
F,41.5,82.5,130,80,170,380,352.69
F,42,83.15,147.5,95,207.5,450,416.08
F,41,56.7,107.5,85,137.5,330,379.39
F,41.5,93.2,120,52.5,172.5,345,302.96
F,41.5,90.9,157.5,85,152.5,395,350.62
F,41,55.45,100,80,160,340,396.69
F,40.5,119.1,197.5,102.5,200,500,402.04
F,41,116.1,205,140,237.5,582.5,471.92
F,40.5,56.25,90,60,105,255,294.71
F,41,75.7,145,82.5,172.5,400,387.69
F,41,110.2,190,100,195,485,399.55
F,40.5,60.8,130,72.5,172.5,375,412.26
F,41,62.55,155,92.5,187.5,435,469.9
F,40,54.4,127.5,75,147.5,350,413.63
F,40,51,105,70,142.5,317.5,392.29
F,39.5,54.55,115,80,125,320,377.48
F,40,66.05,172.5,90,197.5,460,480.94
F,40,97.2,190,102.5,215,507.5,437.97
F,40,73.1,145,82.5,160,387.5,382.63
F,40,55.05,122.5,70,150,342.5,401.55
F,39.5,82.7,127.5,67.5,175,370,343.01
F,39.5,144.7,215.5,125,175,515.5,398.35
M,26.5,58.7,207.5,120,237.5,565,485.64
M,41.5,58.7,200,135,220,555,477.04
M,32,59,190,125,217.5,532.5,455.75
M,39,59,215,97.5,210,522.5,447.19
M,32.5,58.55,172.5,130,190,492.5,424.23
M,27,66,250,202.5,257.5,710,556.3
M,33,65.75,271,170,255,696,546.87
M,24.5,65.45,232.5,170,282.5,685,540.07
M,33,65.8,245,155,285,685,537.93
M,27,66,250,155,265,670,524.96
M,28,65.45,242.5,135,272.5,650,512.48
M,27,65.5,235,145,270,650,512.18
M,36,65.5,247.5,150,235,632.5,498.39
M,32.5,65.25,222.5,140,250,612.5,484.02
M,25,65.9,217.5,157.5,232.5,607.5,476.53
M,26,64.9,205,145,245,595,472.1
M,28.5,65.7,225,132.5,230,587.5,461.88
M,22.5,64.8,215,120,240,575,456.76
M,28.5,65.8,205,112.5,250,567.5,445.65
M,28,65.9,215,137.5,200,552.5,433.39
M,33.5,73.55,277.5,197.5,315,790,573.96
M,25,73.6,267.5,152.5,312.5,732.5,531.95
M,36,71.1,242.5,182.5,305,730,542.5
M,28.5,73.65,262.5,170,297.5,730,529.9
M,24,73.85,260,167.5,300,727.5,527.15
M,26,73.6,265,155,287.5,707.5,513.79
M,27.5,73.8,247.5,167.5,287.5,702.5,509.26
M,32.5,72.85,252.5,167.5,280,700,511.78
M,25.5,73.8,270,150,272.5,692.5,502.01
M,26.5,73.85,255,197.5,227.5,680,492.73
M,30.5,73.15,232.5,157.5,282.5,672.5,490.35
M,25.5,73,222.5,195,235,652.5,476.41
M,27.5,73.65,225,137.5,275,637.5,462.75
M,24.5,68.55,200,145,260,605,461.17
M,27,82.4,295,192.5,315,802.5,543.98
M,33,82.05,295,172.5,320,787.5,535.11
M,22.5,82.25,272.5,145,362.5,780,529.28
M,29.5,82.6,277.5,212.5,280,770,521.23
M,25,82.4,280,180,305,765,518.56
M,28.5,81.9,270,167.5,325,762.5,518.66
M,25.5,82.7,270,190,292.5,752.5,509.04
M,23.5,82.2,290,145,315,750,509.1
M,33.5,82.15,287.5,187.5,265,740,502.48
M,24.5,82.85,270,175,285,730,493.32
M,23.5,83,257.5,185,285,727.5,491.13
M,28.5,82.7,255,167.5,300,722.5,488.75
M,29,82.6,270,167.5,277.5,715,484
M,32.5,83,252.5,175,282.5,710,479.31
M,25,80.3,235,177.5,277.5,690,474.74
M,24.5,82.45,250,170,267.5,687.5,465.87
M,30.5,82.65,240,162.5,280,682.5,461.85
M,30.5,81.55,227.5,175,270,672.5,458.57
M,28,82.3,215,155,282.5,652.5,442.61
M,46.5,81.35,247.5,150,250,647.5,442.15
M,25.5,78.8,220,145,260,625,434.86
M,22.5,82.5,215,120,275,610,413.21
M,27,92.1,315,190,373.5,878.5,561.58
M,25,92.35,307.5,227.5,342.5,877.5,560.21
M,29.5,92.55,300,238.5,335,873.5,557.07
M,24,92.4,320,210,335,865,552.08
M,26.5,92.5,317.5,207.5,340,865,551.79
M,30,92.3,265,207.5,360,832.5,531.62
M,34.5,92.65,322.5,180,330,832.5,530.64
M,30.5,92.65,282.5,190,330,802.5,511.52
M,33,92.25,295,180,315,790,504.61
M,29.5,92.7,287.5,187.5,310,785,500.24
M,24.5,92.5,285,172.5,325,782.5,499.16
M,31.5,91.45,262.5,197.5,317.5,777.5,498.75
M,25.5,92.15,290,185,302.5,777.5,496.89
M,62,92.05,305,202.5,265,772.5,493.95
M,25.5,92.6,295,175,302.5,772.5,492.53
M,24.5,92.25,280,167.5,320,767.5,490.24
M,23.5,92.15,272.5,190,300,762.5,487.3
M,29,92.3,280,182.5,292.5,755,482.13
M,27,92.55,275,182.5,292.5,750,478.31
M,23.5,91.9,292.5,162.5,290,745,476.75
M,30.5,92,245,197.5,302.5,745,476.5
M,24,90.2,255,162.5,295,712.5,460.19
M,32.5,92.65,260,170,280,710,452.56
M,24.5,92.45,240,147.5,290,677.5,432.3
M,21,92.65,257.5,150,270,677.5,431.84
M,25.5,104.75,337.5,197.5,377.5,912.5,550.86
M,26,104.2,330,220,360,910,550.52
M,25,104.3,322.5,202.5,372.5,897.5,542.75
M,33.5,102.95,325,210,350,885,538.06
M,22,104.85,325,200,340,865,521.98
M,25,104.45,317.5,190,355,862.5,521.28
M,25.5,104.25,322.5,192.5,335,850,514.12
M,24.5,102.6,272.5,190,342.5,805,490.12
M,29.5,103.68,282.5,200,317.5,800,484.97
M,25.5,103.65,300,195,300,795,481.99
M,26.5,104.15,297.5,192.5,302.5,792.5,479.53
M,28.5,104.5,282.5,195,315,792.5,478.88
M,29.5,104.6,285,202.5,300,787.5,475.67
M,29,100.7,270,187.5,300,757.5,464.85
M,33,99.9,280,182.5,292.5,755,464.92
M,36.5,104.5,290,187.5,275,752.5,454.71
M,25,102.7,250,182.5,292.5,725,441.23
M,29.5,104.25,257.5,162.5,250,670,405.25
M,36,96,202.5,147.5,272.5,622.5,390.2
M,34.5,119.1,365,220,335,920,529.69
M,25,119.8,340,230,340,910,522.91
M,36.5,119.2,312.5,217.5,360,890,512.28
M,22.5,110.25,320,212.5,350,882.5,522.23
M,25,118.8,330,215,335,880,507.09
M,34,118.05,317.5,185,372.5,875,505.3
M,28.5,118.65,340,210,315,865,498.66
M,28,119.65,320,215,325,860,494.38
M,31.5,119.45,290,235,330,855,491.79
M,25,112.85,320,197.5,335,852.5,500.16
M,30.5,118.35,327.5,217.5,300,845,487.55
M,27.5,119.25,312.5,175,340,827.5,476.24
M,37.5,118.05,220,175,300,695,401.35
M,56.5,110.85,230,160,262.5,652.5,385.34
M,33.5,119.5,315,205,125,645,370.94
M,23.5,174.7,410,260,352.5,1022.5,528.4
M,35,161.6,360,291.5,300,951.5,501.71
M,25.5,135.45,320,240,370,930,514.47
M,32,149.25,340,230,330,900,484.64
M,21,154.3,370,217.5,310,897.5,479.02
M,36.5,145.6,340,190,355,885,479.77
M,39.5,147.2,355,192.5,330,877.5,474.29
M,31,147.15,320,215,330,865,467.57
M,27.5,141.95,285,192.5,322.5,800,436.73
F,20.5,46.9,160.5,96,170,426.5,559.84
F,31,46.6,140,72.5,185,397.5,524.26
F,30.5,46.7,140,75,152.5,367.5,483.92
F,24.5,46.25,130,70,150,350,464.21
F,33,46.55,115,65,132.5,312.5,412.48
F,27.5,46.1,115,75,120,310,412.16
F,29.5,46.8,120,62.5,120,302.5,397.7
F,32.5,46.9,107.5,65,125,297.5,390.51
F,31.5,51.6,168,77.5,192.5,438,536.76
F,27.5,51.75,168.5,85,170,423.5,517.94
F,35.5,51.2,162.5,80,180,422.5,520.59
F,27,51.45,160,77.5,185,422.5,518.82
F,26,51.55,160,80,172.5,412.5,505.85
F,45,51.8,140,95,165,400,488.87
F,29.5,51.35,132.5,65,200.5,398,489.4
F,34,50.75,137.5,80,175,392.5,486.64
F,34.5,51.55,152.5,80,150,382.5,469.06
F,40.5,51.7,117.5,65,175,357.5,437.52
F,25.5,51.5,110,85,140,335,411.09
F,34.5,51.35,120,72.5,130,322.5,396.56
F,33.5,50.8,105,67.5,137.5,310,384.09
F,29.5,56.45,155,97.5,228,480.5,554.02
F,21,56.45,175,95,210,480,553.44
F,27,56.65,183,110,185,478,549.86
F,26,56.65,167.5,102.5,200,470,540.66
F,33.5,56.15,170,95,195,460,532.25
F,24.5,56.75,152.5,123,155,430.5,494.64
F,28.5,55.95,157.5,82.5,177.5,417.5,484.22
F,28.5,55.8,150,87.5,175,412.5,479.27
F,26.5,56.75,145,75,182.5,402.5,462.47
F,27.5,56.6,137.5,77.5,162.5,377.5,434.5
F,50.5,56.6,130,77.5,167.5,375,431.62
F,33.5,56,140,92.5,140,372.5,431.77
F,27,54.85,130,80,137.5,347.5,408.41
F,23,55.45,130,77.5,130,337.5,393.78
F,26,56.65,120,72.5,142.5,335,385.36
F,38,55.75,100,60,140,300,348.77
F,19,55.25,90,42.5,130,262.5,307.01
F,34,61.55,180,125,200,505,550.96
F,23,62.3,180,115,210,505,546.86
F,29.5,62.45,192.5,120,192.5,505,546.05
F,24,61.65,177.5,100,210,487.5,531.33
F,31.5,62.35,172.5,110,190,472.5,511.41
F,38.5,62.6,175,105,187.5,467.5,504.76
F,34.5,61.2,170,97.5,192.5,460,503.64
F,25.5,62.65,172.5,97.5,190,460,496.42
F,33.5,62.5,160,100,180,440,475.54
F,28.5,62.5,172.5,85,167.5,425,459.32
F,37,61.7,155,82.5,185,422.5,460.26
F,30.5,62.35,165,90,167.5,422.5,457.29
F,35.5,62.55,152.5,80,175,407.5,440.19
F,26,62.6,145,95,160,400,431.88
F,26.5,62.7,142.5,82.5,175,400,431.46
F,24.5,61.7,142.5,67.5,170,380,413.96
F,31,61.3,132.5,70,170,372.5,407.43
F,29,68.25,192.5,107.5,235,535,548.83
F,32.5,68.65,197.5,120,215,532.5,544.45
F,31.5,68.15,182.5,110,220,512.5,526.19
F,20,68.55,177.5,110,215,502.5,514.2
F,30.5,68.55,175,122.5,197.5,495,506.53
F,24.5,67.4,172.5,97.5,215,485,501.14
F,22,68.75,180,115,190,485,495.47
F,37.5,68.15,167.5,110,200,477.5,490.26
F,34,68.1,175,100,192.5,467.5,480.19
F,25,67.15,170,92.5,195,457.5,473.74
F,23.5,68.35,165,82.5,195,442.5,453.56
F,32.5,68.8,135,110,195,440,449.32
F,24.5,66.35,155,100,180,435,453.6
F,27.5,67.95,150,87.5,187.5,425,437.09
F,22.5,68.3,147.5,85,192.5,425,435.81
F,39,67.7,145,87.5,180,412.5,425.14
F,33.5,68.2,160,67.5,175,402.5,413.08
F,28.5,68.2,142.5,75,175,392.5,402.82
F,23,67.35,132.5,80,170,382.5,395.4
F,47.5,68.1,140,70,170,380,390.32
F,27,75.25,218.5,105,261.5,585,568.78
F,19.5,75.65,202.5,145,237.5,585,567.2
F,43.5,74.9,187.5,112.5,242.5,542.5,528.76
F,37,74.45,195,95,242.5,532.5,520.67
F,23,72.75,210,117.5,190,517.5,512.32
F,29.5,74.35,200,107.5,207.5,515,503.92
F,26,73,170,117.5,225,512.5,506.43
F,26.5,75.75,207.5,100,205,512.5,496.56
F,29,75.05,200,112.5,195,507.5,494.12
F,30,75.45,197.5,110,185,492.5,478.17
F,28.5,74.85,175,97.5,205,477.5,465.57
F,26.5,75.95,182.5,100,190,472.5,457.17
F,32.5,75.8,180,92.5,190,462.5,447.96
F,28.5,75.6,182.5,102.5,172.5,457.5,443.73
F,29.5,75.25,172.5,97.5,182.5,452.5,439.95
F,29,75.35,160,90,197.5,447.5,434.79
F,37.5,74.25,150,95,200,445,435.74
F,30.5,73.8,162.5,85,195,442.5,434.7
F,25,83.3,242.5,120,252.5,615,568.16
F,37.5,82.6,230,120,230,580,538
F,29,80.9,202.5,122.5,215,540,506
F,24.5,82.75,202.5,95,235,532.5,493.51
F,36.5,81.2,192.5,107.5,227.5,527.5,493.39
F,31.5,82.9,190,105,220,515,476.87
F,27,76.85,182.5,102.5,210,495,476.02
F,33,135.75,273.5,152.5,242.5,668.5,521.2
F,28.5,153,252.5,145,250,647.5,499.06
F,29.5,147.75,245,163,230,638,492.15
F,30.5,112.6,240,137.5,240,617.5,505.1
F,34.5,155.9,252.5,115,222.5,590,454.75
F,25,105.65,232.5,115,240,587.5,491.13
F,40,116.8,200,135,230,565,456.92
F,33.5,109.25,220,120,220,560,462.68
M,25.5,51.1,277.5,172.5,130,580,564.87
M,20.5,49.5,247.5,162.5,125,535,537.53
M,19.5,47.8,217.5,155,125,497.5,517.83
M,22.5,50.6,270,177.5,130,577.5,567.82
M,18.5,50.3,190,135,120,445,440.08
M,23.5,49.9,250,172.5,145,567.5,565.65
M,21.5,51.45,252.5,172.5,142.5,567.5,549.08
F,48.5,52,87.5,65,150,302.5,368.72
F,26.5,57,160,90,203,453,519
F,37.5,56.8,132.5,82.5,152.5,367.5,422.01
F,23.5,61.7,122.5,75,172.5,370,403.06
F,44.5,70.8,120,75,145,340,341.65
F,27.5,83.5,117.5,75,180,372.5,343.73
F,37.5,79.75,142.5,62.5,130,335,316.15
F,30,131.45,200,150,120,470,368.72
M,19.5,73.05,210,140,220,570,415.98
M,22.5,72.55,187.5,132.5,225,545,399.55
M,27.5,82.7,225,150,270,645,436.32
M,28,99.6,310,195,390.5,895.5,552.15
M,24.5,101.5,280,162.5,305,747.5,457.17
M,22.5,104,247.5,155,257.5,660,399.59
M,29.5,119.2,295,185,280,760,437.45
M,21.5,144.35,290,170,282.5,742.5,403.47
F,23.5,62.65,165,130,172.5,467.5,504.52
F,22.5,61.8,112.5,60,157.5,330,359.13
F,26.5,60.9,105,67.5,135,307.5,337.71
F,29.5,83.4,167.5,90,160,417.5,385.48
F,43.5,137.45,160,100,182.5,442.5,344.27
F,26.5,88.75,115,77.5,190,382.5,343.14
M,18.5,72.9,215,137.5,220,572.5,418.38
M,22.5,72.7,200,120,220,540,395.34
M,26.5,103.5,260,180,270,710,430.72
M,20.5,94,235,155,245,635,401.96
M,29.5,107.35,282.5,200,327.5,810,484.24
M,24.5,117.35,285,200,300,785,454.25
M,28.5,118.05,280,182.5,270,732.5,423.01
M,22.5,114.8,255,162.5,262.5,680,396.51
M,24.5,167.85,330,210,372.5,912.5,476.42
M,24,142.1,350,225,310,885,482.99
